5.000000000000000000e-01,0.000000000000000000e+00,0.000000000000000000e+00,5.000000000000000000e-01,0.000000000000000000e+00,1.000000000000000000e+00,3.750000000000000000e-01,1.000000000000000056e-01,4.531400000000000000e+04,8.268000000000000000e+03,2.176600000000000000e+04,5.746000000000000000e+03,2.271500000000000000e+04,1.793300000000000000e+04,1.668300000000000000e+04,3.687000000000000000e+04,3.102900000000000000e+04,5.579750000000000000e+05
5.000000000000000000e-01,0.000000000000000000e+00,0.000000000000000000e+00,5.000000000000000000e-01,0.000000000000000000e+00,1.000000000000000000e+00,3.750000000000000000e-01,1.000000000000000056e-01,4.531400000000000000e+04,8.268000000000000000e+03,2.176600000000000000e+04,5.746000000000000000e+03,2.271500000000000000e+04,1.793300000000000000e+04,1.668300000000000000e+04,3.687000000000000000e+04,3.102900000000000000e+04,5.579750000000000000e+05
5.000000000000000000e-01,0.000000000000000000e+00,0.000000000000000000e+00,5.000000000000000000e-01,5.000000000000000000e-01,0.000000000000000000e+00,1.250000000000000000e-01,1.000000000000000056e-01,1.991200000000000000e+04,5.190000000000000000e+03,1.806200000000000000e+04,1.836000000000000000e+03,2.590200000000000000e+04,4.858000000000000000e+03,1.176900000000000000e+04,2.099600000000000000e+04,2.127900000000000000e+04,3.115560000000000000e+05
5.000000000000000000e-01,0.000000000000000000e+00,0.000000000000000000e+00,5.000000000000000000e-01,5.000000000000000000e-01,0.000000000000000000e+00,1.250000000000000000e-01,1.000000000000000056e-01,1.991200000000000000e+04,5.190000000000000000e+03,1.806200000000000000e+04,1.836000000000000000e+03,2.590200000000000000e+04,4.858000000000000000e+03,1.176900000000000000e+04,2.099600000000000000e+04,2.127900000000000000e+04,3.115560000000000000e+05
5.000000000000000000e-01,0.000000000000000000e+00,5.000000000000000000e-01,0.000000000000000000e+00,5.000000000000000000e-01,0.000000000000000000e+00,6.250000000000000000e-01,1.000000000000000056e-01,3.169500000000000000e+04,5.323000000000000000e+03,8.008000000000000000e+03,2.512000000000000000e+03,1.237800000000000000e+04,7.794000000000000000e+03,6.157000000000000000e+03,1.027500000000000000e+04,1.308400000000000000e+04,5.355000000000000000e+04
5.000000000000000000e-01,0.000000000000000000e+00,5.000000000000000000e-01,0.000000000000000000e+00,5.000000000000000000e-01,0.000000000000000000e+00,6.250000000000000000e-01,1.000000000000000056e-01,3.169500000000000000e+04,5.323000000000000000e+03,8.008000000000000000e+03,2.512000000000000000e+03,1.237800000000000000e+04,7.794000000000000000e+03,6.157000000000000000e+03,1.027500000000000000e+04,1.308400000000000000e+04,5.355000000000000000e+04
5.000000000000000000e-01,0.000000000000000000e+00,0.000000000000000000e+00,1.000000000000000000e+00,0.000000000000000000e+00,5.000000000000000000e-01,5.000000000000000000e-01,1.000000000000000056e-01,1.712500000000000000e+04,5.596000000000000000e+03,9.667000000000000000e+03,2.696000000000000000e+03,1.195700000000000000e+04,5.420000000000000000e+03,4.953000000000000000e+03,8.703000000000000000e+03,1.190600000000000000e+04,7.647400000000000000e+04
5.000000000000000000e-01,0.000000000000000000e+00,0.000000000000000000e+00,1.000000000000000000e+00,0.000000000000000000e+00,5.000000000000000000e-01,5.000000000000000000e-01,1.000000000000000056e-01,1.712500000000000000e+04,5.596000000000000000e+03,9.667000000000000000e+03,2.696000000000000000e+03,1.195700000000000000e+04,5.420000000000000000e+03,4.953000000000000000e+03,8.703000000000000000e+03,1.190600000000000000e+04,7.647400000000000000e+04
5.000000000000000000e-01,0.000000000000000000e+00,5.000000000000000000e-01,0.000000000000000000e+00,0.000000000000000000e+00,5.000000000000000000e-01,5.000000000000000000e-01,1.000000000000000056e-01,1.821600000000000000e+04,4.732000000000000000e+03,9.045000000000000000e+03,1.770000000000000000e+03,1.209000000000000000e+04,5.396000000000000000e+03,5.132000000000000000e+03,8.847000000000000000e+03,1.098500000000000000e+04,7.715500000000000000e+04
5.000000000000000000e-01,0.000000000000000000e+00,5.000000000000000000e-01,0.000000000000000000e+00,0.000000000000000000e+00,5.000000000000000000e-01,5.000000000000000000e-01,1.000000000000000056e-01,1.821600000000000000e+04,4.732000000000000000e+03,9.045000000000000000e+03,1.770000000000000000e+03,1.209000000000000000e+04,5.396000000000000000e+03,5.132000000000000000e+03,8.847000000000000000e+03,1.098500000000000000e+04,7.715500000000000000e+04
5.000000000000000000e-01,0.000000000000000000e+00,0.000000000000000000e+00,5.000000000000000000e-01,5.000000000000000000e-01,6.250000000000000000e-01,1.250000000000000000e-01,1.000000000000000056e-01,2.088800000000000000e+04,1.267200000000000000e+04,1.781900000000000000e+04,6.207000000000000000e+03,1.613200000000000000e+04,4.532000000000000000e+03,7.704000000000000000e+03,7.907000000000000000e+03,3.749000000000000000e+03,5.863700000000000000e+04
5.000000000000000000e-01,0.000000000000000000e+00,0.000000000000000000e+00,5.000000000000000000e-01,5.000000000000000000e-01,6.250000000000000000e-01,1.250000000000000000e-01,1.000000000000000056e-01,2.088800000000000000e+04,1.267200000000000000e+04,1.781900000000000000e+04,6.207000000000000000e+03,1.613200000000000000e+04,4.532000000000000000e+03,7.704000000000000000e+03,7.907000000000000000e+03,3.749000000000000000e+03,5.863700000000000000e+04
5.000000000000000000e-01,0.000000000000000000e+00,5.000000000000000000e-01,0.000000000000000000e+00,5.000000000000000000e-01,0.000000000000000000e+00,6.250000000000000000e-01,1.000000000000000056e-01,5.181000000000000000e+04,1.062400000000000000e+04,1.755500000000000000e+04,6.729000000000000000e+03,2.468900000000000000e+04,1.781700000000000000e+04,1.291900000000000000e+04,1.862700000000000000e+04,2.227200000000000000e+04,1.512970000000000000e+05
5.000000000000000000e-01,0.000000000000000000e+00,5.000000000000000000e-01,0.000000000000000000e+00,5.000000000000000000e-01,0.000000000000000000e+00,6.250000000000000000e-01,1.000000000000000056e-01,5.181000000000000000e+04,1.062400000000000000e+04,1.755500000000000000e+04,6.729000000000000000e+03,2.468900000000000000e+04,1.781700000000000000e+04,1.291900000000000000e+04,1.862700000000000000e+04,2.227200000000000000e+04,1.512970000000000000e+05
5.000000000000000000e-01,0.000000000000000000e+00,0.000000000000000000e+00,1.000000000000000000e+00,0.000000000000000000e+00,5.000000000000000000e-01,5.000000000000000000e-01,1.000000000000000056e-01,3.358000000000000000e+04,1.207900000000000000e+04,1.836000000000000000e+04,4.788000000000000000e+03,2.231400000000000000e+04,1.172000000000000000e+04,9.884000000000000000e+03,1.591200000000000000e+04,1.975800000000000000e+04,1.971730000000000000e+05
5.000000000000000000e-01,0.000000000000000000e+00,0.000000000000000000e+00,1.000000000000000000e+00,0.000000000000000000e+00,5.000000000000000000e-01,5.000000000000000000e-01,1.000000000000000056e-01,3.358000000000000000e+04,1.207900000000000000e+04,1.836000000000000000e+04,4.788000000000000000e+03,2.231400000000000000e+04,1.172000000000000000e+04,9.884000000000000000e+03,1.591200000000000000e+04,1.975800000000000000e+04,1.971730000000000000e+05
5.000000000000000000e-01,0.000000000000000000e+00,0.000000000000000000e+00,1.000000000000000000e+00,5.000000000000000000e-01,0.000000000000000000e+00,1.250000000000000000e-01,1.000000000000000056e-01,4.878500000000000000e+04,1.439100000000000000e+04,2.713500000000000000e+04,5.753000000000000000e+03,2.078700000000000000e+04,1.959200000000000000e+04,8.232000000000000000e+03,3.015900000000000000e+04,2.912400000000000000e+04,1.464510000000000000e+05
5.000000000000000000e-01,0.000000000000000000e+00,0.000000000000000000e+00,1.000000000000000000e+00,5.000000000000000000e-01,0.000000000000000000e+00,1.250000000000000000e-01,1.000000000000000056e-01,4.878500000000000000e+04,1.439100000000000000e+04,2.713500000000000000e+04,5.753000000000000000e+03,2.078700000000000000e+04,1.959200000000000000e+04,8.232000000000000000e+03,3.015900000000000000e+04,2.912400000000000000e+04,1.464510000000000000e+05
5.000000000000000000e-01,0.000000000000000000e+00,0.000000000000000000e+00,1.000000000000000000e+00,0.000000000000000000e+00,5.000000000000000000e-01,6.250000000000000000e-01,1.000000000000000056e-01,2.244200000000000000e+04,6.149000000000000000e+03,1.556800000000000000e+04,2.449000000000000000e+03,1.618100000000000000e+04,2.239500000000000000e+04,8.560000000000000000e+03,3.330100000000000000e+04,3.719600000000000000e+04,1.911690000000000000e+05
5.000000000000000000e-01,0.000000000000000000e+00,0.000000000000000000e+00,1.000000000000000000e+00,0.000000000000000000e+00,5.000000000000000000e-01,6.250000000000000000e-01,1.000000000000000056e-01,2.244200000000000000e+04,6.149000000000000000e+03,1.556800000000000000e+04,2.449000000000000000e+03,1.618100000000000000e+04,2.239500000000000000e+04,8.560000000000000000e+03,3.330100000000000000e+04,3.719600000000000000e+04,1.911690000000000000e+05
5.000000000000000000e-01,1.000000000000000000e+00,0.000000000000000000e+00,1.000000000000000000e+00,0.000000000000000000e+00,5.000000000000000000e-01,5.000000000000000000e-01,1.000000000000000056e-01,4.922800000000000000e+04,9.200000000000000000e+03,1.751900000000000000e+04,7.356000000000000000e+03,2.820500000000000000e+04,1.848700000000000000e+04,1.175900000000000000e+04,2.287800000000000000e+04,2.333200000000000000e+04,1.423420000000000000e+05
5.000000000000000000e-01,1.000000000000000000e+00,0.000000000000000000e+00,1.000000000000000000e+00,0.000000000000000000e+00,5.000000000000000000e-01,5.000000000000000000e-01,1.000000000000000056e-01,4.922800000000000000e+04,9.200000000000000000e+03,1.751900000000000000e+04,7.356000000000000000e+03,2.820500000000000000e+04,1.848700000000000000e+04,1.175900000000000000e+04,2.287800000000000000e+04,2.333200000000000000e+04,1.423420000000000000e+05
5.000000000000000000e-01,0.000000000000000000e+00,0.000000000000000000e+00,1.000000000000000000e+00,0.000000000000000000e+00,5.000000000000000000e-01,5.000000000000000000e-01,1.000000000000000056e-01,2.786500000000000000e+04,5.591000000000000000e+03,9.427000000000000000e+03,2.157000000000000000e+03,1.377600000000000000e+04,4.659000000000000000e+03,4.551000000000000000e+03,1.093400000000000000e+04,1.253900000000000000e+04,6.449100000000000000e+04
5.000000000000000000e-01,0.000000000000000000e+00,0.000000000000000000e+00,1.000000000000000000e+00,0.000000000000000000e+00,5.000000000000000000e-01,5.000000000000000000e-01,1.000000000000000056e-01,2.786500000000000000e+04,5.591000000000000000e+03,9.427000000000000000e+03,2.157000000000000000e+03,1.377600000000000000e+04,4.659000000000000000e+03,4.551000000000000000e+03,1.093400000000000000e+04,1.253900000000000000e+04,6.449100000000000000e+04
5.000000000000000000e-01,0.000000000000000000e+00,0.000000000000000000e+00,1.000000000000000000e+00,5.000000000000000000e-01,0.000000000000000000e+00,1.250000000000000000e-01,1.000000000000000056e-01,3.697900000000000000e+04,1.020100000000000000e+04,1.337200000000000000e+04,1.058300000000000000e+04,1.277400000000000000e+04,1.121400000000000000e+04,1.216100000000000000e+04,1.253600000000000000e+04,1.049400000000000000e+04,7.576100000000000000e+04
5.000000000000000000e-01,0.000000000000000000e+00,0.000000000000000000e+00,1.000000000000000000e+00,5.000000000000000000e-01,0.000000000000000000e+00,1.250000000000000000e-01,1.000000000000000056e-01,3.697900000000000000e+04,1.020100000000000000e+04,1.337200000000000000e+04,1.058300000000000000e+04,1.277400000000000000e+04,1.121400000000000000e+04,1.216100000000000000e+04,1.253600000000000000e+04,1.049400000000000000e+04,7.576100000000000000e+04
5.000000000000000000e-01,0.000000000000000000e+00,5.000000000000000000e-01,0.000000000000000000e+00,5.000000000000000000e-01,0.000000000000000000e+00,2.500000000000000000e-01,1.000000000000000056e-01,1.107000000000000000e+04,2.581000000000000000e+03,6.896000000000000000e+03,1.603000000000000000e+03,1.340500000000000000e+04,1.836000000000000000e+03,7.397000000000000000e+03,8.103000000000000000e+03,1.196000000000000000e+04,1.532190000000000000e+05
5.000000000000000000e-01,0.000000000000000000e+00,5.000000000000000000e-01,0.000000000000000000e+00,5.000000000000000000e-01,0.000000000000000000e+00,2.500000000000000000e-01,1.000000000000000056e-01,1.107000000000000000e+04,2.581000000000000000e+03,6.896000000000000000e+03,1.603000000000000000e+03,1.340500000000000000e+04,1.836000000000000000e+03,7.397000000000000000e+03,8.103000000000000000e+03,1.196000000000000000e+04,1.532190000000000000e+05
5.000000000000000000e-01,0.000000000000000000e+00,5.000000000000000000e-01,0.000000000000000000e+00,0.000000000000000000e+00,5.000000000000000000e-01,3.750000000000000000e-01,1.000000000000000056e-01,2.148100000000000000e+04,5.603000000000000000e+03,8.687000000000000000e+03,3.911000000000000000e+03,9.035000000000000000e+03,7.826000000000000000e+03,6.116000000000000000e+03,1.350200000000000000e+04,1.109000000000000000e+04,6.919800000000000000e+04
5.000000000000000000e-01,0.000000000000000000e+00,5.000000000000000000e-01,0.000000000000000000e+00,0.000000000000000000e+00,5.000000000000000000e-01,3.750000000000000000e-01,1.000000000000000056e-01,2.148100000000000000e+04,5.603000000000000000e+03,8.687000000000000000e+03,3.911000000000000000e+03,9.035000000000000000e+03,7.826000000000000000e+03,6.116000000000000000e+03,1.350200000000000000e+04,1.109000000000000000e+04,6.919800000000000000e+04
5.000000000000000000e-01,0.000000000000000000e+00,0.000000000000000000e+00,5.000000000000000000e-01,5.000000000000000000e-01,0.000000000000000000e+00,3.750000000000000000e-01,1.000000000000000056e-01,1.602800000000000000e+04,8.265000000000000000e+03,9.587000000000000000e+03,1.328000000000000000e+03,1.092900000000000000e+04,4.402000000000000000e+03,5.232000000000000000e+03,6.918000000000000000e+03,8.792000000000000000e+03,8.624800000000000000e+04
5.000000000000000000e-01,0.000000000000000000e+00,0.000000000000000000e+00,5.000000000000000000e-01,5.000000000000000000e-01,0.000000000000000000e+00,3.750000000000000000e-01,1.000000000000000056e-01,1.602800000000000000e+04,8.265000000000000000e+03,9.587000000000000000e+03,1.328000000000000000e+03,1.092900000000000000e+04,4.402000000000000000e+03,5.232000000000000000e+03,6.918000000000000000e+03,8.792000000000000000e+03,8.624800000000000000e+04
5.000000000000000000e-01,0.000000000000000000e+00,5.000000000000000000e-01,0.000000000000000000e+00,5.000000000000000000e-01,0.000000000000000000e+00,3.750000000000000000e-01,1.000000000000000056e-01,2.203000000000000000e+04,7.572000000000000000e+03,1.200200000000000000e+04,5.300000000000000000e+03,9.395000000000000000e+03,6.594000000000000000e+03,7.801000000000000000e+03,1.048400000000000000e+04,8.228000000000000000e+03,1.261000000000000000e+05
5.000000000000000000e-01,0.000000000000000000e+00,5.000000000000000000e-01,0.000000000000000000e+00,5.000000000000000000e-01,0.000000000000000000e+00,3.750000000000000000e-01,1.000000000000000056e-01,2.203000000000000000e+04,7.572000000000000000e+03,1.200200000000000000e+04,5.300000000000000000e+03,9.395000000000000000e+03,6.594000000000000000e+03,7.801000000000000000e+03,1.048400000000000000e+04,8.228000000000000000e+03,1.261000000000000000e+05
5.000000000000000000e-01,0.000000000000000000e+00,0.000000000000000000e+00,5.000000000000000000e-01,5.000000000000000000e-01,0.000000000000000000e+00,6.250000000000000000e-01,1.000000000000000056e-01,3.682200000000000000e+04,4.152000000000000000e+03,1.406600000000000000e+04,1.811000000000000000e+03,1.653500000000000000e+04,1.498500000000000000e+04,6.345000000000000000e+03,2.021100000000000000e+04,2.129300000000000000e+04,2.199560000000000000e+05
5.000000000000000000e-01,0.000000000000000000e+00,0.000000000000000000e+00,5.000000000000000000e-01,5.000000000000000000e-01,0.000000000000000000e+00,6.250000000000000000e-01,1.000000000000000056e-01,3.682200000000000000e+04,4.152000000000000000e+03,1.406600000000000000e+04,1.811000000000000000e+03,1.653500000000000000e+04,1.498500000000000000e+04,6.345000000000000000e+03,2.021100000000000000e+04,2.129300000000000000e+04,2.199560000000000000e+05
5.000000000000000000e-01,0.000000000000000000e+00,0.000000000000000000e+00,1.000000000000000000e+00,0.000000000000000000e+00,5.000000000000000000e-01,3.750000000000000000e-01,1.000000000000000056e-01,3.093200000000000000e+04,1.069400000000000000e+04,1.463600000000000000e+04,5.367000000000000000e+03,2.579600000000000000e+04,6.931000000000000000e+03,1.240500000000000000e+04,1.657500000000000000e+04,1.850800000000000000e+04,2.105240000000000000e+05
5.000000000000000000e-01,0.000000000000000000e+00,0.000000000000000000e+00,1.000000000000000000e+00,0.000000000000000000e+00,5.000000000000000000e-01,3.750000000000000000e-01,1.000000000000000056e-01,3.093200000000000000e+04,1.069400000000000000e+04,1.463600000000000000e+04,5.367000000000000000e+03,2.579600000000000000e+04,6.931000000000000000e+03,1.240500000000000000e+04,1.657500000000000000e+04,1.850800000000000000e+04,2.105240000000000000e+05
0.000000000000000000e+00,1.000000000000000000e+00,5.000000000000000000e-01,0.000000000000000000e+00,5.000000000000000000e-01,0.000000000000000000e+00,1.250000000000000000e-01,1.000000000000000056e-01,3.064200000000000000e+04,9.589000000000000000e+03,1.536800000000000000e+04,6.029000000000000000e+03,2.970200000000000000e+04,5.969000000000000000e+03,1.633800000000000000e+04,1.867600000000000000e+04,2.148000000000000000e+04,1.470070000000000000e+05
0.000000000000000000e+00,1.000000000000000000e+00,5.000000000000000000e-01,0.000000000000000000e+00,5.000000000000000000e-01,0.000000000000000000e+00,1.250000000000000000e-01,1.000000000000000056e-01,3.064200000000000000e+04,9.589000000000000000e+03,1.536800000000000000e+04,6.029000000000000000e+03,2.970200000000000000e+04,5.969000000000000000e+03,1.633800000000000000e+04,1.867600000000000000e+04,2.148000000000000000e+04,1.470070000000000000e+05
0.000000000000000000e+00,1.000000000000000000e+00,5.000000000000000000e-01,0.000000000000000000e+00,5.000000000000000000e-01,0.000000000000000000e+00,1.250000000000000000e-01,1.000000000000000056e-01,3.063900000000000000e+04,9.576000000000000000e+03,1.536100000000000000e+04,6.030000000000000000e+03,2.969200000000000000e+04,5.943000000000000000e+03,1.636900000000000000e+04,1.865400000000000000e+04,2.144700000000000000e+04,1.470890000000000000e+05
0.000000000000000000e+00,1.000000000000000000e+00,5.000000000000000000e-01,0.000000000000000000e+00,5.000000000000000000e-01,0.000000000000000000e+00,1.250000000000000000e-01,1.000000000000000056e-01,3.063900000000000000e+04,9.576000000000000000e+03,1.536100000000000000e+04,6.030000000000000000e+03,2.969200000000000000e+04,5.943000000000000000e+03,1.636900000000000000e+04,1.865400000000000000e+04,2.144700000000000000e+04,1.470890000000000000e+05
5.000000000000000000e-01,0.000000000000000000e+00,5.000000000000000000e-01,0.000000000000000000e+00,5.000000000000000000e-01,0.000000000000000000e+00,3.750000000000000000e-01,1.000000000000000056e-01,2.203000000000000000e+04,7.572000000000000000e+03,1.200200000000000000e+04,5.300000000000000000e+03,9.395000000000000000e+03,6.594000000000000000e+03,7.801000000000000000e+03,1.048400000000000000e+04,8.228000000000000000e+03,1.261000000000000000e+05
5.000000000000000000e-01,0.000000000000000000e+00,5.000000000000000000e-01,0.000000000000000000e+00,5.000000000000000000e-01,0.000000000000000000e+00,3.750000000000000000e-01,1.000000000000000056e-01,2.203000000000000000e+04,7.572000000000000000e+03,1.200200000000000000e+04,5.300000000000000000e+03,9.395000000000000000e+03,6.594000000000000000e+03,7.801000000000000000e+03,1.048400000000000000e+04,8.228000000000000000e+03,1.261000000000000000e+05
0.000000000000000000e+00,1.000000000000000000e+00,0.000000000000000000e+00,1.000000000000000000e+00,0.000000000000000000e+00,1.000000000000000000e+00,2.500000000000000000e-01,1.000000000000000056e-01,2.187100000000000000e+04,3.614000000000000000e+03,1.069800000000000000e+04,9.460000000000000000e+02,1.117300000000000000e+04,1.318300000000000000e+04,5.300000000000000000e+03,2.076100000000000000e+04,1.435300000000000000e+04,2.237430000000000000e+05
0.000000000000000000e+00,1.000000000000000000e+00,0.000000000000000000e+00,1.000000000000000000e+00,0.000000000000000000e+00,1.000000000000000000e+00,2.500000000000000000e-01,1.000000000000000056e-01,2.187100000000000000e+04,3.614000000000000000e+03,1.069800000000000000e+04,9.460000000000000000e+02,1.117300000000000000e+04,1.318300000000000000e+04,5.300000000000000000e+03,2.076100000000000000e+04,1.435300000000000000e+04,2.237430000000000000e+05
5.000000000000000000e-01,0.000000000000000000e+00,0.000000000000000000e+00,1.000000000000000000e+00,5.000000000000000000e-01,0.000000000000000000e+00,0.000000000000000000e+00,1.000000000000000056e-01,4.402100000000000000e+04,1.003800000000000000e+04,1.522300000000000000e+04,1.090000000000000000e+03,1.551800000000000000e+04,2.402900000000000000e+04,7.849000000000000000e+03,2.875900000000000000e+04,2.028000000000000000e+04,1.576990000000000000e+05
5.000000000000000000e-01,0.000000000000000000e+00,0.000000000000000000e+00,1.000000000000000000e+00,5.000000000000000000e-01,0.000000000000000000e+00,0.000000000000000000e+00,1.000000000000000056e-01,4.402100000000000000e+04,1.003800000000000000e+04,1.522300000000000000e+04,1.090000000000000000e+03,1.551800000000000000e+04,2.402900000000000000e+04,7.849000000000000000e+03,2.875900000000000000e+04,2.028000000000000000e+04,1.576990000000000000e+05
5.000000000000000000e-01,0.000000000000000000e+00,0.000000000000000000e+00,5.000000000000000000e-01,5.000000000000000000e-01,0.000000000000000000e+00,2.500000000000000000e-01,1.000000000000000056e-01,8.315500000000000000e+04,2.271400000000000000e+04,2.366200000000000000e+04,1.331400000000000000e+04,2.866600000000000000e+04,2.825600000000000000e+04,1.246600000000000000e+04,2.677900000000000000e+04,2.113800000000000000e+04,9.263300000000000000e+04
5.000000000000000000e-01,0.000000000000000000e+00,0.000000000000000000e+00,5.000000000000000000e-01,5.000000000000000000e-01,0.000000000000000000e+00,2.500000000000000000e-01,1.000000000000000056e-01,8.315500000000000000e+04,2.271400000000000000e+04,2.366200000000000000e+04,1.331400000000000000e+04,2.866600000000000000e+04,2.825600000000000000e+04,1.246600000000000000e+04,2.677900000000000000e+04,2.113800000000000000e+04,9.263300000000000000e+04
5.000000000000000000e-01,0.000000000000000000e+00,0.000000000000000000e+00,5.000000000000000000e-01,5.000000000000000000e-01,0.000000000000000000e+00,1.250000000000000000e-01,1.000000000000000056e-01,1.682500000000000000e+04,3.766000000000000000e+03,9.881000000000000000e+03,2.097000000000000000e+03,1.189100000000000000e+04,4.470000000000000000e+03,6.692000000000000000e+03,1.021800000000000000e+04,9.868000000000000000e+03,1.401530000000000000e+05
5.000000000000000000e-01,0.000000000000000000e+00,0.000000000000000000e+00,5.000000000000000000e-01,5.000000000000000000e-01,0.000000000000000000e+00,1.250000000000000000e-01,1.000000000000000056e-01,1.682500000000000000e+04,3.766000000000000000e+03,9.881000000000000000e+03,2.097000000000000000e+03,1.189100000000000000e+04,4.470000000000000000e+03,6.692000000000000000e+03,1.021800000000000000e+04,9.868000000000000000e+03,1.401530000000000000e+05
5.000000000000000000e-01,0.000000000000000000e+00,5.000000000000000000e-01,0.000000000000000000e+00,5.000000000000000000e-01,1.000000000000000000e+00,2.500000000000000000e-01,1.000000000000000056e-01,4.074300000000000000e+04,4.561000000000000000e+03,1.058900000000000000e+04,4.073000000000000000e+03,1.526300000000000000e+04,1.657100000000000000e+04,8.714000000000000000e+03,1.515700000000000000e+04,1.576600000000000000e+04,1.129670000000000000e+05
5.000000000000000000e-01,0.000000000000000000e+00,5.000000000000000000e-01,0.000000000000000000e+00,5.000000000000000000e-01,1.000000000000000000e+00,2.500000000000000000e-01,1.000000000000000056e-01,4.074300000000000000e+04,4.561000000000000000e+03,1.058900000000000000e+04,4.073000000000000000e+03,1.526300000000000000e+04,1.657100000000000000e+04,8.714000000000000000e+03,1.515700000000000000e+04,1.576600000000000000e+04,1.129670000000000000e+05
5.000000000000000000e-01,3.750000000000000000e-01,5.000000000000000000e-01,1.000000000000000000e+00,5.000000000000000000e-01,0.000000000000000000e+00,3.750000000000000000e-01,1.000000000000000056e-01,1.218570000000000000e+05,3.335900000000000000e+04,4.075500000000000000e+04,2.109000000000000000e+04,4.958200000000000000e+04,3.744700000000000000e+04,2.818100000000000000e+04,3.810000000000000000e+04,3.977200000000000000e+04,5.621630000000000000e+05
5.000000000000000000e-01,3.750000000000000000e-01,5.000000000000000000e-01,1.000000000000000000e+00,5.000000000000000000e-01,0.000000000000000000e+00,3.750000000000000000e-01,1.000000000000000056e-01,1.218570000000000000e+05,3.335900000000000000e+04,4.075500000000000000e+04,2.109000000000000000e+04,4.958200000000000000e+04,3.744700000000000000e+04,2.818100000000000000e+04,3.810000000000000000e+04,3.977200000000000000e+04,5.621630000000000000e+05
5.000000000000000000e-01,0.000000000000000000e+00,5.000000000000000000e-01,0.000000000000000000e+00,5.000000000000000000e-01,1.000000000000000000e+00,2.500000000000000000e-01,1.000000000000000056e-01,4.074300000000000000e+04,4.561000000000000000e+03,1.058900000000000000e+04,4.073000000000000000e+03,1.526300000000000000e+04,1.657100000000000000e+04,8.714000000000000000e+03,1.515700000000000000e+04,1.576600000000000000e+04,1.129670000000000000e+05
5.000000000000000000e-01,0.000000000000000000e+00,5.000000000000000000e-01,0.000000000000000000e+00,5.000000000000000000e-01,1.000000000000000000e+00,2.500000000000000000e-01,1.000000000000000056e-01,4.074300000000000000e+04,4.561000000000000000e+03,1.058900000000000000e+04,4.073000000000000000e+03,1.526300000000000000e+04,1.657100000000000000e+04,8.714000000000000000e+03,1.515700000000000000e+04,1.576600000000000000e+04,1.129670000000000000e+05
5.000000000000000000e-01,6.250000000000000000e-01,0.000000000000000000e+00,5.000000000000000000e-01,5.000000000000000000e-01,0.000000000000000000e+00,1.250000000000000000e-01,1.000000000000000056e-01,1.006220000000000000e+05,4.689800000000000000e+04,4.628900000000000000e+04,2.215800000000000000e+04,6.157700000000000000e+04,3.261800000000000000e+04,2.845100000000000000e+04,3.805900000000000000e+04,4.065300000000000000e+04,5.454340000000000000e+05
5.000000000000000000e-01,6.250000000000000000e-01,0.000000000000000000e+00,5.000000000000000000e-01,5.000000000000000000e-01,0.000000000000000000e+00,1.250000000000000000e-01,1.000000000000000056e-01,1.006220000000000000e+05,4.689800000000000000e+04,4.628900000000000000e+04,2.215800000000000000e+04,6.157700000000000000e+04,3.261800000000000000e+04,2.845100000000000000e+04,3.805900000000000000e+04,4.065300000000000000e+04,5.454340000000000000e+05
5.000000000000000000e-01,0.000000000000000000e+00,5.000000000000000000e-01,1.000000000000000000e+00,5.000000000000000000e-01,0.000000000000000000e+00,2.500000000000000000e-01,1.000000000000000056e-01,1.321700000000000000e+05,3.781300000000000000e+04,4.011500000000000000e+04,1.967200000000000000e+04,6.381300000000000000e+04,3.835100000000000000e+04,3.350100000000000000e+04,3.811300000000000000e+04,4.196000000000000000e+04,5.170470000000000000e+05
5.000000000000000000e-01,0.000000000000000000e+00,5.000000000000000000e-01,1.000000000000000000e+00,5.000000000000000000e-01,0.000000000000000000e+00,2.500000000000000000e-01,1.000000000000000056e-01,1.321700000000000000e+05,3.781300000000000000e+04,4.011500000000000000e+04,1.967200000000000000e+04,6.381300000000000000e+04,3.835100000000000000e+04,3.350100000000000000e+04,3.811300000000000000e+04,4.196000000000000000e+04,5.170470000000000000e+05
5.000000000000000000e-01,6.250000000000000000e-01,0.000000000000000000e+00,5.000000000000000000e-01,5.000000000000000000e-01,6.250000000000000000e-01,2.500000000000000000e-01,1.000000000000000056e-01,1.455700000000000000e+05,2.022700000000000000e+04,2.306100000000000000e+04,9.632000000000000000e+03,5.946200000000000000e+04,4.014100000000000000e+04,2.780300000000000000e+04,2.154600000000000000e+04,3.148800000000000000e+04,6.083080000000000000e+05
5.000000000000000000e-01,6.250000000000000000e-01,0.000000000000000000e+00,5.000000000000000000e-01,5.000000000000000000e-01,6.250000000000000000e-01,2.500000000000000000e-01,1.000000000000000056e-01,1.455700000000000000e+05,2.022700000000000000e+04,2.306100000000000000e+04,9.632000000000000000e+03,5.946200000000000000e+04,4.014100000000000000e+04,2.780300000000000000e+04,2.154600000000000000e+04,3.148800000000000000e+04,6.083080000000000000e+05
5.000000000000000000e-01,3.750000000000000000e-01,5.000000000000000000e-01,0.000000000000000000e+00,0.000000000000000000e+00,5.000000000000000000e-01,0.000000000000000000e+00,1.000000000000000056e-01,1.415350000000000000e+05,4.611100000000000000e+04,5.010100000000000000e+04,2.125300000000000000e+04,6.963800000000000000e+04,3.257200000000000000e+04,3.380700000000000000e+04,4.671200000000000000e+04,4.441600000000000000e+04,4.790750000000000000e+05
5.000000000000000000e-01,3.750000000000000000e-01,5.000000000000000000e-01,0.000000000000000000e+00,0.000000000000000000e+00,5.000000000000000000e-01,0.000000000000000000e+00,1.000000000000000056e-01,1.415350000000000000e+05,4.611100000000000000e+04,5.010100000000000000e+04,2.125300000000000000e+04,6.963800000000000000e+04,3.257200000000000000e+04,3.380700000000000000e+04,4.671200000000000000e+04,4.441600000000000000e+04,4.790750000000000000e+05
5.000000000000000000e-01,0.000000000000000000e+00,0.000000000000000000e+00,1.000000000000000000e+00,5.000000000000000000e-01,0.000000000000000000e+00,2.500000000000000000e-01,1.000000000000000056e-01,1.436800000000000000e+04,3.165000000000000000e+03,3.192000000000000000e+03,1.926000000000000000e+03,5.622000000000000000e+03,4.715000000000000000e+03,2.274000000000000000e+03,3.322000000000000000e+03,5.151000000000000000e+03,1.803800000000000000e+04
5.000000000000000000e-01,0.000000000000000000e+00,0.000000000000000000e+00,1.000000000000000000e+00,5.000000000000000000e-01,0.000000000000000000e+00,2.500000000000000000e-01,1.000000000000000056e-01,1.436800000000000000e+04,3.165000000000000000e+03,3.192000000000000000e+03,1.926000000000000000e+03,5.622000000000000000e+03,4.715000000000000000e+03,2.274000000000000000e+03,3.322000000000000000e+03,5.151000000000000000e+03,1.803800000000000000e+04
5.000000000000000000e-01,0.000000000000000000e+00,0.000000000000000000e+00,1.000000000000000000e+00,5.000000000000000000e-01,0.000000000000000000e+00,5.000000000000000000e-01,1.000000000000000056e-01,1.869280000000000000e+05,4.086200000000000000e+04,3.701000000000000000e+04,2.960100000000000000e+04,7.569700000000000000e+04,6.507400000000000000e+04,3.563900000000000000e+04,4.265800000000000000e+04,5.657500000000000000e+04,3.680450000000000000e+05
5.000000000000000000e-01,0.000000000000000000e+00,0.000000000000000000e+00,1.000000000000000000e+00,5.000000000000000000e-01,0.000000000000000000e+00,5.000000000000000000e-01,1.000000000000000056e-01,1.869280000000000000e+05,4.086200000000000000e+04,3.701000000000000000e+04,2.960100000000000000e+04,7.569700000000000000e+04,6.507400000000000000e+04,3.563900000000000000e+04,4.265800000000000000e+04,5.657500000000000000e+04,3.680450000000000000e+05
5.000000000000000000e-01,0.000000000000000000e+00,5.000000000000000000e-01,0.000000000000000000e+00,5.000000000000000000e-01,0.000000000000000000e+00,2.500000000000000000e-01,1.000000000000000056e-01,3.117400000000000000e+04,3.632000000000000000e+03,8.261000000000000000e+03,2.429000000000000000e+03,1.613200000000000000e+04,9.825000000000000000e+03,7.450000000000000000e+03,9.493000000000000000e+03,1.255000000000000000e+04,1.137810000000000000e+05
5.000000000000000000e-01,0.000000000000000000e+00,5.000000000000000000e-01,0.000000000000000000e+00,5.000000000000000000e-01,0.000000000000000000e+00,2.500000000000000000e-01,1.000000000000000056e-01,3.117400000000000000e+04,3.632000000000000000e+03,8.261000000000000000e+03,2.429000000000000000e+03,1.613200000000000000e+04,9.825000000000000000e+03,7.450000000000000000e+03,9.493000000000000000e+03,1.255000000000000000e+04,1.137810000000000000e+05
5.000000000000000000e-01,0.000000000000000000e+00,0.000000000000000000e+00,1.000000000000000000e+00,5.000000000000000000e-01,0.000000000000000000e+00,6.250000000000000000e-01,1.000000000000000056e-01,1.020050000000000000e+05,2.784600000000000000e+04,3.110000000000000000e+04,1.335600000000000000e+04,3.942500000000000000e+04,3.071900000000000000e+04,2.317600000000000000e+04,3.537700000000000000e+04,2.773600000000000000e+04,1.691330000000000000e+05
5.000000000000000000e-01,0.000000000000000000e+00,0.000000000000000000e+00,1.000000000000000000e+00,5.000000000000000000e-01,0.000000000000000000e+00,6.250000000000000000e-01,1.000000000000000056e-01,1.020050000000000000e+05,2.784600000000000000e+04,3.110000000000000000e+04,1.335600000000000000e+04,3.942500000000000000e+04,3.071900000000000000e+04,2.317600000000000000e+04,3.537700000000000000e+04,2.773600000000000000e+04,1.691330000000000000e+05
5.000000000000000000e-01,0.000000000000000000e+00,5.000000000000000000e-01,0.000000000000000000e+00,5.000000000000000000e-01,1.000000000000000000e+00,2.500000000000000000e-01,1.000000000000000056e-01,4.074300000000000000e+04,4.561000000000000000e+03,1.058900000000000000e+04,4.073000000000000000e+03,1.526300000000000000e+04,1.657100000000000000e+04,8.714000000000000000e+03,1.515700000000000000e+04,1.576600000000000000e+04,1.129670000000000000e+05
5.000000000000000000e-01,0.000000000000000000e+00,5.000000000000000000e-01,0.000000000000000000e+00,5.000000000000000000e-01,1.000000000000000000e+00,2.500000000000000000e-01,1.000000000000000056e-01,4.074300000000000000e+04,4.561000000000000000e+03,1.058900000000000000e+04,4.073000000000000000e+03,1.526300000000000000e+04,1.657100000000000000e+04,8.714000000000000000e+03,1.515700000000000000e+04,1.576600000000000000e+04,1.129670000000000000e+05
5.000000000000000000e-01,0.000000000000000000e+00,0.000000000000000000e+00,5.000000000000000000e-01,5.000000000000000000e-01,0.000000000000000000e+00,5.000000000000000000e-01,1.000000000000000056e-01,1.085200000000000000e+04,1.534000000000000000e+03,5.951000000000000000e+03,7.800000000000000000e+02,1.418400000000000000e+04,1.517000000000000000e+03,7.283000000000000000e+03,9.256000000000000000e+03,1.395000000000000000e+04,1.546540000000000000e+05
5.000000000000000000e-01,0.000000000000000000e+00,0.000000000000000000e+00,5.000000000000000000e-01,5.000000000000000000e-01,0.000000000000000000e+00,5.000000000000000000e-01,1.000000000000000056e-01,1.085200000000000000e+04,1.534000000000000000e+03,5.951000000000000000e+03,7.800000000000000000e+02,1.418400000000000000e+04,1.517000000000000000e+03,7.283000000000000000e+03,9.256000000000000000e+03,1.395000000000000000e+04,1.546540000000000000e+05
5.000000000000000000e-01,0.000000000000000000e+00,5.000000000000000000e-01,0.000000000000000000e+00,5.000000000000000000e-01,0.000000000000000000e+00,1.250000000000000000e-01,2.000000000000000111e-01,1.445000000000000000e+04,1.952000000000000000e+03,7.011000000000000000e+03,7.470000000000000000e+02,1.273300000000000000e+04,1.831000000000000000e+03,7.776000000000000000e+03,8.260000000000000000e+03,1.048400000000000000e+04,1.543360000000000000e+05
5.000000000000000000e-01,0.000000000000000000e+00,5.000000000000000000e-01,0.000000000000000000e+00,5.000000000000000000e-01,0.000000000000000000e+00,1.250000000000000000e-01,2.000000000000000111e-01,1.445000000000000000e+04,1.952000000000000000e+03,7.011000000000000000e+03,7.470000000000000000e+02,1.273300000000000000e+04,1.831000000000000000e+03,7.776000000000000000e+03,8.260000000000000000e+03,1.048400000000000000e+04,1.543360000000000000e+05
5.000000000000000000e-01,0.000000000000000000e+00,0.000000000000000000e+00,1.000000000000000000e+00,5.000000000000000000e-01,1.000000000000000000e+00,0.000000000000000000e+00,1.000000000000000056e-01,3.058100000000000000e+04,1.472800000000000000e+04,1.151300000000000000e+04,5.117000000000000000e+03,1.267100000000000000e+04,9.929000000000000000e+03,1.127000000000000000e+04,1.791500000000000000e+04,1.200000000000000000e+04,1.158560000000000000e+05
5.000000000000000000e-01,0.000000000000000000e+00,0.000000000000000000e+00,1.000000000000000000e+00,5.000000000000000000e-01,1.000000000000000000e+00,0.000000000000000000e+00,1.000000000000000056e-01,3.058100000000000000e+04,1.472800000000000000e+04,1.151300000000000000e+04,5.117000000000000000e+03,1.267100000000000000e+04,9.929000000000000000e+03,1.127000000000000000e+04,1.791500000000000000e+04,1.200000000000000000e+04,1.158560000000000000e+05
5.000000000000000000e-01,1.000000000000000000e+00,5.000000000000000000e-01,0.000000000000000000e+00,5.000000000000000000e-01,0.000000000000000000e+00,1.250000000000000000e-01,1.000000000000000056e-01,4.184000000000000000e+03,1.351000000000000000e+03,1.778000000000000000e+03,4.480000000000000000e+02,5.835000000000000000e+03,1.262000000000000000e+03,3.592000000000000000e+03,2.648000000000000000e+03,4.086000000000000000e+03,2.499200000000000000e+04
5.000000000000000000e-01,1.000000000000000000e+00,5.000000000000000000e-01,0.000000000000000000e+00,5.000000000000000000e-01,0.000000000000000000e+00,1.250000000000000000e-01,1.000000000000000056e-01,4.184000000000000000e+03,1.351000000000000000e+03,1.778000000000000000e+03,4.480000000000000000e+02,5.835000000000000000e+03,1.262000000000000000e+03,3.592000000000000000e+03,2.648000000000000000e+03,4.086000000000000000e+03,2.499200000000000000e+04
5.000000000000000000e-01,0.000000000000000000e+00,1.000000000000000000e+00,0.000000000000000000e+00,5.000000000000000000e-01,0.000000000000000000e+00,6.250000000000000000e-01,1.000000000000000056e-01,2.322500000000000000e+04,3.812000000000000000e+03,1.108700000000000000e+04,2.325000000000000000e+03,1.188300000000000000e+04,7.342000000000000000e+03,6.149000000000000000e+03,1.182300000000000000e+04,1.108000000000000000e+04,1.583890000000000000e+05
5.000000000000000000e-01,0.000000000000000000e+00,1.000000000000000000e+00,0.000000000000000000e+00,5.000000000000000000e-01,0.000000000000000000e+00,6.250000000000000000e-01,1.000000000000000056e-01,2.322500000000000000e+04,3.812000000000000000e+03,1.108700000000000000e+04,2.325000000000000000e+03,1.188300000000000000e+04,7.342000000000000000e+03,6.149000000000000000e+03,1.182300000000000000e+04,1.108000000000000000e+04,1.583890000000000000e+05
5.000000000000000000e-01,0.000000000000000000e+00,0.000000000000000000e+00,5.000000000000000000e-01,0.000000000000000000e+00,5.000000000000000000e-01,0.000000000000000000e+00,0.000000000000000000e+00,4.724100000000000000e+04,1.354200000000000000e+04,1.006700000000000000e+04,1.958000000000000000e+03,1.481600000000000000e+04,5.184000000000000000e+03,6.573000000000000000e+03,8.076000000000000000e+03,1.023100000000000000e+04,1.290770000000000000e+05
5.000000000000000000e-01,0.000000000000000000e+00,0.000000000000000000e+00,5.000000000000000000e-01,0.000000000000000000e+00,5.000000000000000000e-01,0.000000000000000000e+00,0.000000000000000000e+00,4.724100000000000000e+04,1.354200000000000000e+04,1.006700000000000000e+04,1.958000000000000000e+03,1.481600000000000000e+04,5.184000000000000000e+03,6.573000000000000000e+03,8.076000000000000000e+03,1.023100000000000000e+04,1.290770000000000000e+05
5.000000000000000000e-01,0.000000000000000000e+00,5.000000000000000000e-01,0.000000000000000000e+00,5.000000000000000000e-01,6.250000000000000000e-01,0.000000000000000000e+00,1.000000000000000056e-01,2.063600000000000000e+04,1.366500000000000000e+04,1.194100000000000000e+04,1.162000000000000000e+03,1.290100000000000000e+04,6.830000000000000000e+03,5.396000000000000000e+03,1.351100000000000000e+04,1.149200000000000000e+04,1.513630000000000000e+05
5.000000000000000000e-01,0.000000000000000000e+00,5.000000000000000000e-01,0.000000000000000000e+00,5.000000000000000000e-01,6.250000000000000000e-01,0.000000000000000000e+00,1.000000000000000056e-01,2.063600000000000000e+04,1.366500000000000000e+04,1.194100000000000000e+04,1.162000000000000000e+03,1.290100000000000000e+04,6.830000000000000000e+03,5.396000000000000000e+03,1.351100000000000000e+04,1.149200000000000000e+04,1.513630000000000000e+05
5.000000000000000000e-01,0.000000000000000000e+00,0.000000000000000000e+00,5.000000000000000000e-01,5.000000000000000000e-01,6.250000000000000000e-01,1.250000000000000000e-01,1.000000000000000056e-01,6.651200000000000000e+04,1.762100000000000000e+04,1.079700000000000000e+04,3.710000000000000000e+03,1.631600000000000000e+04,6.968000000000000000e+03,9.006000000000000000e+03,9.522000000000000000e+03,1.140800000000000000e+04,9.179800000000000000e+04
5.000000000000000000e-01,0.000000000000000000e+00,0.000000000000000000e+00,5.000000000000000000e-01,5.000000000000000000e-01,6.250000000000000000e-01,1.250000000000000000e-01,1.000000000000000056e-01,6.651200000000000000e+04,1.762100000000000000e+04,1.079700000000000000e+04,3.710000000000000000e+03,1.631600000000000000e+04,6.968000000000000000e+03,9.006000000000000000e+03,9.522000000000000000e+03,1.140800000000000000e+04,9.179800000000000000e+04
5.000000000000000000e-01,0.000000000000000000e+00,0.000000000000000000e+00,1.000000000000000000e+00,5.000000000000000000e-01,3.750000000000000000e-01,0.000000000000000000e+00,1.000000000000000056e-01,3.165200000000000000e+04,1.468100000000000000e+04,1.594300000000000000e+04,7.635000000000000000e+03,1.914000000000000000e+04,8.957000000000000000e+03,1.122300000000000000e+04,1.560200000000000000e+04,1.836100000000000000e+04,9.307100000000000000e+04
5.000000000000000000e-01,0.000000000000000000e+00,0.000000000000000000e+00,1.000000000000000000e+00,5.000000000000000000e-01,3.750000000000000000e-01,0.000000000000000000e+00,1.000000000000000056e-01,3.165200000000000000e+04,1.468100000000000000e+04,1.594300000000000000e+04,7.635000000000000000e+03,1.914000000000000000e+04,8.957000000000000000e+03,1.122300000000000000e+04,1.560200000000000000e+04,1.836100000000000000e+04,9.307100000000000000e+04
