5.000000000000000000e-01,0.000000000000000000e+00,5.000000000000000000e-01,0.000000000000000000e+00,5.000000000000000000e-01,3.750000000000000000e-01,5.000000000000000000e-01,1.000000000000000056e-01,2.250900000000000000e+04,5.242000000000000000e+03,1.128900000000000000e+04,1.478000000000000000e+03,1.769800000000000000e+04,4.795000000000000000e+03,1.029600000000000000e+04,1.558900000000000000e+04,1.591100000000000000e+04,1.449340000000000000e+05
5.000000000000000000e-01,0.000000000000000000e+00,5.000000000000000000e-01,0.000000000000000000e+00,5.000000000000000000e-01,3.750000000000000000e-01,5.000000000000000000e-01,1.000000000000000056e-01,2.250900000000000000e+04,5.242000000000000000e+03,1.128900000000000000e+04,1.478000000000000000e+03,1.769800000000000000e+04,4.795000000000000000e+03,1.029600000000000000e+04,1.558900000000000000e+04,1.591100000000000000e+04,1.449340000000000000e+05
5.000000000000000000e-01,0.000000000000000000e+00,0.000000000000000000e+00,5.000000000000000000e-01,5.000000000000000000e-01,0.000000000000000000e+00,5.000000000000000000e-01,1.000000000000000056e-01,1.562800000000000000e+04,4.334000000000000000e+03,7.952000000000000000e+03,1.116000000000000000e+03,1.043100000000000000e+04,5.854000000000000000e+03,5.655000000000000000e+03,1.217900000000000000e+04,1.298700000000000000e+04,1.717100000000000000e+05
5.000000000000000000e-01,0.000000000000000000e+00,0.000000000000000000e+00,5.000000000000000000e-01,5.000000000000000000e-01,0.000000000000000000e+00,5.000000000000000000e-01,1.000000000000000056e-01,1.562800000000000000e+04,4.334000000000000000e+03,7.952000000000000000e+03,1.116000000000000000e+03,1.043100000000000000e+04,5.854000000000000000e+03,5.655000000000000000e+03,1.217900000000000000e+04,1.298700000000000000e+04,1.717100000000000000e+05
5.000000000000000000e-01,0.000000000000000000e+00,5.000000000000000000e-01,0.000000000000000000e+00,0.000000000000000000e+00,5.000000000000000000e-01,6.250000000000000000e-01,1.000000000000000056e-01,1.262200000000000000e+04,3.141000000000000000e+03,8.594000000000000000e+03,1.279000000000000000e+03,1.155300000000000000e+04,3.332000000000000000e+03,6.357000000000000000e+03,9.449000000000000000e+03,1.002000000000000000e+04,1.817610000000000000e+05
5.000000000000000000e-01,0.000000000000000000e+00,5.000000000000000000e-01,0.000000000000000000e+00,0.000000000000000000e+00,5.000000000000000000e-01,6.250000000000000000e-01,1.000000000000000056e-01,1.262200000000000000e+04,3.141000000000000000e+03,8.594000000000000000e+03,1.279000000000000000e+03,1.155300000000000000e+04,3.332000000000000000e+03,6.357000000000000000e+03,9.449000000000000000e+03,1.002000000000000000e+04,1.817610000000000000e+05
5.000000000000000000e-01,0.000000000000000000e+00,0.000000000000000000e+00,1.000000000000000000e+00,0.000000000000000000e+00,1.000000000000000000e+00,3.750000000000000000e-01,1.000000000000000056e-01,2.244100000000000000e+04,9.762000000000000000e+03,1.574400000000000000e+04,5.280000000000000000e+03,1.986200000000000000e+04,6.372000000000000000e+03,1.214000000000000000e+04,1.820300000000000000e+04,1.568200000000000000e+04,1.181800000000000000e+05
5.000000000000000000e-01,0.000000000000000000e+00,0.000000000000000000e+00,1.000000000000000000e+00,0.000000000000000000e+00,1.000000000000000000e+00,3.750000000000000000e-01,1.000000000000000056e-01,2.244100000000000000e+04,9.762000000000000000e+03,1.574400000000000000e+04,5.280000000000000000e+03,1.986200000000000000e+04,6.372000000000000000e+03,1.214000000000000000e+04,1.820300000000000000e+04,1.568200000000000000e+04,1.181800000000000000e+05
5.000000000000000000e-01,0.000000000000000000e+00,0.000000000000000000e+00,1.000000000000000000e+00,5.000000000000000000e-01,0.000000000000000000e+00,6.250000000000000000e-01,1.000000000000000056e-01,2.174200000000000000e+04,7.911000000000000000e+03,2.885400000000000000e+04,2.252000000000000000e+03,1.941700000000000000e+04,1.036800000000000000e+04,7.524000000000000000e+03,3.441400000000000000e+04,1.791400000000000000e+04,9.691600000000000000e+04
5.000000000000000000e-01,0.000000000000000000e+00,0.000000000000000000e+00,1.000000000000000000e+00,5.000000000000000000e-01,0.000000000000000000e+00,6.250000000000000000e-01,1.000000000000000056e-01,2.174200000000000000e+04,7.911000000000000000e+03,2.885400000000000000e+04,2.252000000000000000e+03,1.941700000000000000e+04,1.036800000000000000e+04,7.524000000000000000e+03,3.441400000000000000e+04,1.791400000000000000e+04,9.691600000000000000e+04
5.000000000000000000e-01,0.000000000000000000e+00,1.000000000000000000e+00,0.000000000000000000e+00,0.000000000000000000e+00,1.000000000000000000e+00,1.250000000000000000e-01,1.000000000000000056e-01,2.279800000000000000e+04,4.277000000000000000e+03,1.095800000000000000e+04,1.857000000000000000e+03,1.299300000000000000e+04,7.254000000000000000e+03,5.925000000000000000e+03,1.563700000000000000e+04,1.181100000000000000e+04,1.545550000000000000e+05
5.000000000000000000e-01,0.000000000000000000e+00,1.000000000000000000e+00,0.000000000000000000e+00,0.000000000000000000e+00,1.000000000000000000e+00,1.250000000000000000e-01,1.000000000000000056e-01,2.279800000000000000e+04,4.277000000000000000e+03,1.095800000000000000e+04,1.857000000000000000e+03,1.299300000000000000e+04,7.254000000000000000e+03,5.925000000000000000e+03,1.563700000000000000e+04,1.181100000000000000e+04,1.545550000000000000e+05
5.000000000000000000e-01,0.000000000000000000e+00,0.000000000000000000e+00,1.000000000000000000e+00,0.000000000000000000e+00,5.000000000000000000e-01,6.250000000000000000e-01,1.000000000000000056e-01,2.257600000000000000e+04,6.118000000000000000e+03,1.561200000000000000e+04,2.458000000000000000e+03,1.620900000000000000e+04,2.232900000000000000e+04,8.543000000000000000e+03,3.333300000000000000e+04,3.722900000000000000e+04,1.910050000000000000e+05
5.000000000000000000e-01,0.000000000000000000e+00,0.000000000000000000e+00,1.000000000000000000e+00,0.000000000000000000e+00,5.000000000000000000e-01,6.250000000000000000e-01,1.000000000000000056e-01,2.257600000000000000e+04,6.118000000000000000e+03,1.561200000000000000e+04,2.458000000000000000e+03,1.620900000000000000e+04,2.232900000000000000e+04,8.543000000000000000e+03,3.333300000000000000e+04,3.722900000000000000e+04,1.910050000000000000e+05
5.000000000000000000e-01,0.000000000000000000e+00,0.000000000000000000e+00,5.000000000000000000e-01,5.000000000000000000e-01,0.000000000000000000e+00,2.500000000000000000e-01,1.000000000000000056e-01,2.517900000000000000e+04,4.585000000000000000e+03,7.245000000000000000e+03,2.963000000000000000e+03,1.492200000000000000e+04,7.075000000000000000e+03,6.251000000000000000e+03,1.157100000000000000e+04,1.435600000000000000e+04,5.329700000000000000e+04
5.000000000000000000e-01,0.000000000000000000e+00,0.000000000000000000e+00,5.000000000000000000e-01,5.000000000000000000e-01,0.000000000000000000e+00,2.500000000000000000e-01,1.000000000000000056e-01,2.517900000000000000e+04,4.585000000000000000e+03,7.245000000000000000e+03,2.963000000000000000e+03,1.492200000000000000e+04,7.075000000000000000e+03,6.251000000000000000e+03,1.157100000000000000e+04,1.435600000000000000e+04,5.329700000000000000e+04
5.000000000000000000e-01,1.000000000000000000e+00,0.000000000000000000e+00,1.000000000000000000e+00,5.000000000000000000e-01,0.000000000000000000e+00,2.500000000000000000e-01,1.000000000000000056e-01,2.303800000000000000e+04,8.074000000000000000e+03,1.314800000000000000e+04,2.989000000000000000e+03,1.205800000000000000e+04,7.708000000000000000e+03,4.919000000000000000e+03,1.394500000000000000e+04,1.430500000000000000e+04,5.539900000000000000e+04
5.000000000000000000e-01,1.000000000000000000e+00,0.000000000000000000e+00,1.000000000000000000e+00,5.000000000000000000e-01,0.000000000000000000e+00,2.500000000000000000e-01,1.000000000000000056e-01,2.303800000000000000e+04,8.074000000000000000e+03,1.314800000000000000e+04,2.989000000000000000e+03,1.205800000000000000e+04,7.708000000000000000e+03,4.919000000000000000e+03,1.394500000000000000e+04,1.430500000000000000e+04,5.539900000000000000e+04
5.000000000000000000e-01,0.000000000000000000e+00,0.000000000000000000e+00,1.000000000000000000e+00,0.000000000000000000e+00,5.000000000000000000e-01,6.250000000000000000e-01,1.000000000000000056e-01,2.135300000000000000e+04,1.629600000000000000e+04,2.139100000000000000e+04,1.498000000000000000e+03,1.639800000000000000e+04,3.470000000000000000e+03,4.135000000000000000e+03,8.495000000000000000e+03,1.026700000000000000e+04,5.516800000000000000e+04
5.000000000000000000e-01,0.000000000000000000e+00,0.000000000000000000e+00,1.000000000000000000e+00,0.000000000000000000e+00,5.000000000000000000e-01,6.250000000000000000e-01,1.000000000000000056e-01,2.135300000000000000e+04,1.629600000000000000e+04,2.139100000000000000e+04,1.498000000000000000e+03,1.639800000000000000e+04,3.470000000000000000e+03,4.135000000000000000e+03,8.495000000000000000e+03,1.026700000000000000e+04,5.516800000000000000e+04
0.000000000000000000e+00,1.000000000000000000e+00,0.000000000000000000e+00,1.000000000000000000e+00,0.000000000000000000e+00,1.000000000000000000e+00,3.750000000000000000e-01,1.000000000000000056e-01,9.619000000000000000e+03,1.736000000000000000e+03,8.062000000000000000e+03,8.050000000000000000e+02,8.473000000000000000e+03,6.621000000000000000e+03,4.294000000000000000e+03,8.763000000000000000e+03,1.010600000000000000e+04,1.001000000000000000e+05
0.000000000000000000e+00,1.000000000000000000e+00,0.000000000000000000e+00,1.000000000000000000e+00,0.000000000000000000e+00,1.000000000000000000e+00,3.750000000000000000e-01,1.000000000000000056e-01,9.619000000000000000e+03,1.736000000000000000e+03,8.062000000000000000e+03,8.050000000000000000e+02,8.473000000000000000e+03,6.621000000000000000e+03,4.294000000000000000e+03,8.763000000000000000e+03,1.010600000000000000e+04,1.001000000000000000e+05
5.000000000000000000e-01,0.000000000000000000e+00,0.000000000000000000e+00,1.000000000000000000e+00,0.000000000000000000e+00,5.000000000000000000e-01,6.250000000000000000e-01,1.000000000000000056e-01,2.725500000000000000e+04,5.823000000000000000e+03,9.377000000000000000e+03,2.228000000000000000e+03,1.379500000000000000e+04,4.627000000000000000e+03,4.505000000000000000e+03,1.086800000000000000e+04,1.289400000000000000e+04,6.463600000000000000e+04
5.000000000000000000e-01,0.000000000000000000e+00,0.000000000000000000e+00,1.000000000000000000e+00,0.000000000000000000e+00,5.000000000000000000e-01,6.250000000000000000e-01,1.000000000000000056e-01,2.725500000000000000e+04,5.823000000000000000e+03,9.377000000000000000e+03,2.228000000000000000e+03,1.379500000000000000e+04,4.627000000000000000e+03,4.505000000000000000e+03,1.086800000000000000e+04,1.289400000000000000e+04,6.463600000000000000e+04
5.000000000000000000e-01,0.000000000000000000e+00,0.000000000000000000e+00,1.000000000000000000e+00,5.000000000000000000e-01,6.250000000000000000e-01,0.000000000000000000e+00,1.000000000000000056e-01,9.907300000000000000e+04,2.955300000000000000e+04,1.813100000000000000e+04,7.622000000000000000e+03,1.738800000000000000e+04,9.385000000000000000e+03,1.485600000000000000e+04,1.938900000000000000e+04,1.635500000000000000e+04,1.209480000000000000e+05
5.000000000000000000e-01,0.000000000000000000e+00,0.000000000000000000e+00,1.000000000000000000e+00,5.000000000000000000e-01,6.250000000000000000e-01,0.000000000000000000e+00,1.000000000000000056e-01,9.907300000000000000e+04,2.955300000000000000e+04,1.813100000000000000e+04,7.622000000000000000e+03,1.738800000000000000e+04,9.385000000000000000e+03,1.485600000000000000e+04,1.938900000000000000e+04,1.635500000000000000e+04,1.209480000000000000e+05
0.000000000000000000e+00,5.000000000000000000e-01,0.000000000000000000e+00,1.000000000000000000e+00,0.000000000000000000e+00,5.000000000000000000e-01,5.000000000000000000e-01,1.000000000000000056e-01,2.261400000000000000e+04,6.112000000000000000e+03,7.627000000000000000e+03,1.247000000000000000e+03,9.694000000000000000e+03,4.457000000000000000e+03,4.455000000000000000e+03,7.832000000000000000e+03,1.145300000000000000e+04,8.246600000000000000e+04
0.000000000000000000e+00,5.000000000000000000e-01,0.000000000000000000e+00,1.000000000000000000e+00,0.000000000000000000e+00,5.000000000000000000e-01,5.000000000000000000e-01,1.000000000000000056e-01,2.261400000000000000e+04,6.112000000000000000e+03,7.627000000000000000e+03,1.247000000000000000e+03,9.694000000000000000e+03,4.457000000000000000e+03,4.455000000000000000e+03,7.832000000000000000e+03,1.145300000000000000e+04,8.246600000000000000e+04
5.000000000000000000e-01,0.000000000000000000e+00,0.000000000000000000e+00,1.000000000000000000e+00,0.000000000000000000e+00,5.000000000000000000e-01,6.250000000000000000e-01,1.000000000000000056e-01,1.279100000000000000e+04,2.070000000000000000e+03,9.506000000000000000e+03,1.414000000000000000e+03,8.935000000000000000e+03,1.239700000000000000e+04,4.857000000000000000e+03,1.830500000000000000e+04,1.678800000000000000e+04,7.035800000000000000e+04
5.000000000000000000e-01,0.000000000000000000e+00,0.000000000000000000e+00,1.000000000000000000e+00,0.000000000000000000e+00,5.000000000000000000e-01,6.250000000000000000e-01,1.000000000000000056e-01,1.279100000000000000e+04,2.070000000000000000e+03,9.506000000000000000e+03,1.414000000000000000e+03,8.935000000000000000e+03,1.239700000000000000e+04,4.857000000000000000e+03,1.830500000000000000e+04,1.678800000000000000e+04,7.035800000000000000e+04
5.000000000000000000e-01,3.750000000000000000e-01,0.000000000000000000e+00,1.000000000000000000e+00,0.000000000000000000e+00,5.000000000000000000e-01,0.000000000000000000e+00,1.000000000000000056e-01,2.341500000000000000e+04,1.421900000000000000e+04,1.786400000000000000e+04,1.943000000000000000e+03,1.620300000000000000e+04,3.933000000000000000e+03,5.845000000000000000e+03,8.651000000000000000e+03,9.699000000000000000e+03,5.634000000000000000e+04
5.000000000000000000e-01,3.750000000000000000e-01,0.000000000000000000e+00,1.000000000000000000e+00,0.000000000000000000e+00,5.000000000000000000e-01,0.000000000000000000e+00,1.000000000000000056e-01,2.341500000000000000e+04,1.421900000000000000e+04,1.786400000000000000e+04,1.943000000000000000e+03,1.620300000000000000e+04,3.933000000000000000e+03,5.845000000000000000e+03,8.651000000000000000e+03,9.699000000000000000e+03,5.634000000000000000e+04
5.000000000000000000e-01,0.000000000000000000e+00,5.000000000000000000e-01,0.000000000000000000e+00,5.000000000000000000e-01,0.000000000000000000e+00,6.250000000000000000e-01,1.000000000000000056e-01,3.169500000000000000e+04,5.323000000000000000e+03,8.004000000000000000e+03,2.512000000000000000e+03,1.237000000000000000e+04,7.794000000000000000e+03,6.157000000000000000e+03,1.026600000000000000e+04,1.307800000000000000e+04,5.357700000000000000e+04
5.000000000000000000e-01,0.000000000000000000e+00,5.000000000000000000e-01,0.000000000000000000e+00,5.000000000000000000e-01,0.000000000000000000e+00,6.250000000000000000e-01,1.000000000000000056e-01,3.169500000000000000e+04,5.323000000000000000e+03,8.004000000000000000e+03,2.512000000000000000e+03,1.237000000000000000e+04,7.794000000000000000e+03,6.157000000000000000e+03,1.026600000000000000e+04,1.307800000000000000e+04,5.357700000000000000e+04
0.000000000000000000e+00,1.000000000000000000e+00,0.000000000000000000e+00,1.000000000000000000e+00,0.000000000000000000e+00,1.000000000000000000e+00,2.500000000000000000e-01,1.000000000000000056e-01,2.157300000000000000e+04,9.486000000000000000e+03,1.553500000000000000e+04,1.021200000000000000e+04,8.445000000000000000e+03,9.577000000000000000e+03,7.568000000000000000e+03,1.808800000000000000e+04,1.378800000000000000e+04,3.564200000000000000e+04
0.000000000000000000e+00,1.000000000000000000e+00,0.000000000000000000e+00,1.000000000000000000e+00,0.000000000000000000e+00,1.000000000000000000e+00,2.500000000000000000e-01,1.000000000000000056e-01,2.157300000000000000e+04,9.486000000000000000e+03,1.553500000000000000e+04,1.021200000000000000e+04,8.445000000000000000e+03,9.577000000000000000e+03,7.568000000000000000e+03,1.808800000000000000e+04,1.378800000000000000e+04,3.564200000000000000e+04
5.000000000000000000e-01,0.000000000000000000e+00,0.000000000000000000e+00,1.000000000000000000e+00,5.000000000000000000e-01,6.250000000000000000e-01,2.500000000000000000e-01,1.000000000000000056e-01,1.278800000000000000e+04,1.012300000000000000e+04,1.953300000000000000e+04,1.443000000000000000e+03,2.280800000000000000e+04,2.095000000000000000e+03,4.740000000000000000e+03,8.130000000000000000e+03,7.986000000000000000e+03,6.851200000000000000e+04
5.000000000000000000e-01,0.000000000000000000e+00,0.000000000000000000e+00,1.000000000000000000e+00,5.000000000000000000e-01,6.250000000000000000e-01,2.500000000000000000e-01,1.000000000000000056e-01,1.278800000000000000e+04,1.012300000000000000e+04,1.953300000000000000e+04,1.443000000000000000e+03,2.280800000000000000e+04,2.095000000000000000e+03,4.740000000000000000e+03,8.130000000000000000e+03,7.986000000000000000e+03,6.851200000000000000e+04
5.000000000000000000e-01,0.000000000000000000e+00,0.000000000000000000e+00,5.000000000000000000e-01,5.000000000000000000e-01,6.250000000000000000e-01,1.250000000000000000e-01,1.000000000000000056e-01,2.088800000000000000e+04,1.267200000000000000e+04,1.781900000000000000e+04,6.207000000000000000e+03,1.613200000000000000e+04,4.532000000000000000e+03,7.704000000000000000e+03,7.907000000000000000e+03,3.749000000000000000e+03,5.863700000000000000e+04
5.000000000000000000e-01,0.000000000000000000e+00,0.000000000000000000e+00,5.000000000000000000e-01,5.000000000000000000e-01,6.250000000000000000e-01,1.250000000000000000e-01,1.000000000000000056e-01,2.088800000000000000e+04,1.267200000000000000e+04,1.781900000000000000e+04,6.207000000000000000e+03,1.613200000000000000e+04,4.532000000000000000e+03,7.704000000000000000e+03,7.907000000000000000e+03,3.749000000000000000e+03,5.863700000000000000e+04
5.000000000000000000e-01,0.000000000000000000e+00,0.000000000000000000e+00,1.000000000000000000e+00,0.000000000000000000e+00,5.000000000000000000e-01,5.000000000000000000e-01,1.000000000000000056e-01,1.712500000000000000e+04,5.596000000000000000e+03,9.667000000000000000e+03,2.696000000000000000e+03,1.195700000000000000e+04,5.420000000000000000e+03,4.953000000000000000e+03,8.703000000000000000e+03,1.190600000000000000e+04,7.647400000000000000e+04
5.000000000000000000e-01,0.000000000000000000e+00,0.000000000000000000e+00,1.000000000000000000e+00,0.000000000000000000e+00,5.000000000000000000e-01,5.000000000000000000e-01,1.000000000000000056e-01,1.712500000000000000e+04,5.596000000000000000e+03,9.667000000000000000e+03,2.696000000000000000e+03,1.195700000000000000e+04,5.420000000000000000e+03,4.953000000000000000e+03,8.703000000000000000e+03,1.190600000000000000e+04,7.647400000000000000e+04
5.000000000000000000e-01,0.000000000000000000e+00,5.000000000000000000e-01,0.000000000000000000e+00,0.000000000000000000e+00,1.000000000000000000e+00,5.000000000000000000e-01,1.000000000000000056e-01,1.859200000000000000e+04,4.340000000000000000e+03,8.618000000000000000e+03,1.727000000000000000e+03,1.238400000000000000e+04,5.401000000000000000e+03,5.072000000000000000e+03,8.834000000000000000e+03,1.081100000000000000e+04,7.752000000000000000e+04
5.000000000000000000e-01,0.000000000000000000e+00,5.000000000000000000e-01,0.000000000000000000e+00,0.000000000000000000e+00,1.000000000000000000e+00,5.000000000000000000e-01,1.000000000000000056e-01,1.859200000000000000e+04,4.340000000000000000e+03,8.618000000000000000e+03,1.727000000000000000e+03,1.238400000000000000e+04,5.401000000000000000e+03,5.072000000000000000e+03,8.834000000000000000e+03,1.081100000000000000e+04,7.752000000000000000e+04
5.000000000000000000e-01,0.000000000000000000e+00,0.000000000000000000e+00,1.000000000000000000e+00,5.000000000000000000e-01,6.250000000000000000e-01,1.250000000000000000e-01,1.000000000000000056e-01,1.862800000000000000e+04,1.211900000000000000e+04,1.151000000000000000e+04,1.100000000000000000e+03,1.203700000000000000e+04,2.120000000000000000e+03,1.005800000000000000e+04,6.899000000000000000e+03,5.669000000000000000e+03,7.746900000000000000e+04
5.000000000000000000e-01,0.000000000000000000e+00,0.000000000000000000e+00,1.000000000000000000e+00,5.000000000000000000e-01,6.250000000000000000e-01,1.250000000000000000e-01,1.000000000000000056e-01,1.862800000000000000e+04,1.211900000000000000e+04,1.151000000000000000e+04,1.100000000000000000e+03,1.203700000000000000e+04,2.120000000000000000e+03,1.005800000000000000e+04,6.899000000000000000e+03,5.669000000000000000e+03,7.746900000000000000e+04
0.000000000000000000e+00,1.000000000000000000e+00,0.000000000000000000e+00,1.000000000000000000e+00,0.000000000000000000e+00,1.000000000000000000e+00,6.250000000000000000e-01,1.000000000000000056e-01,1.193800000000000000e+04,3.143000000000000000e+03,7.903000000000000000e+03,2.126000000000000000e+03,1.110000000000000000e+04,7.555000000000000000e+03,6.069000000000000000e+03,1.317600000000000000e+04,1.481600000000000000e+04,1.693210000000000000e+05
0.000000000000000000e+00,1.000000000000000000e+00,0.000000000000000000e+00,1.000000000000000000e+00,0.000000000000000000e+00,1.000000000000000000e+00,6.250000000000000000e-01,1.000000000000000056e-01,1.193800000000000000e+04,3.143000000000000000e+03,7.903000000000000000e+03,2.126000000000000000e+03,1.110000000000000000e+04,7.555000000000000000e+03,6.069000000000000000e+03,1.317600000000000000e+04,1.481600000000000000e+04,1.693210000000000000e+05
5.000000000000000000e-01,0.000000000000000000e+00,0.000000000000000000e+00,1.000000000000000000e+00,0.000000000000000000e+00,1.000000000000000000e+00,3.750000000000000000e-01,1.000000000000000056e-01,2.538500000000000000e+04,1.248600000000000000e+04,1.867700000000000000e+04,3.571000000000000000e+03,1.766000000000000000e+04,6.628000000000000000e+03,7.323000000000000000e+03,1.544900000000000000e+04,1.602900000000000000e+04,1.207700000000000000e+05
5.000000000000000000e-01,0.000000000000000000e+00,0.000000000000000000e+00,1.000000000000000000e+00,0.000000000000000000e+00,1.000000000000000000e+00,3.750000000000000000e-01,1.000000000000000056e-01,2.538500000000000000e+04,1.248600000000000000e+04,1.867700000000000000e+04,3.571000000000000000e+03,1.766000000000000000e+04,6.628000000000000000e+03,7.323000000000000000e+03,1.544900000000000000e+04,1.602900000000000000e+04,1.207700000000000000e+05
5.000000000000000000e-01,0.000000000000000000e+00,0.000000000000000000e+00,1.000000000000000000e+00,0.000000000000000000e+00,1.000000000000000000e+00,3.750000000000000000e-01,1.000000000000000056e-01,1.962900000000000000e+04,3.987000000000000000e+03,9.823000000000000000e+03,2.399000000000000000e+03,1.615200000000000000e+04,4.389000000000000000e+03,9.168000000000000000e+03,1.266700000000000000e+04,1.814000000000000000e+04,2.635260000000000000e+05
5.000000000000000000e-01,0.000000000000000000e+00,0.000000000000000000e+00,1.000000000000000000e+00,0.000000000000000000e+00,1.000000000000000000e+00,3.750000000000000000e-01,1.000000000000000056e-01,1.962900000000000000e+04,3.987000000000000000e+03,9.823000000000000000e+03,2.399000000000000000e+03,1.615200000000000000e+04,4.389000000000000000e+03,9.168000000000000000e+03,1.266700000000000000e+04,1.814000000000000000e+04,2.635260000000000000e+05
0.000000000000000000e+00,5.000000000000000000e-01,0.000000000000000000e+00,1.000000000000000000e+00,0.000000000000000000e+00,5.000000000000000000e-01,3.750000000000000000e-01,1.000000000000000056e-01,1.594300000000000000e+04,5.314000000000000000e+03,1.681900000000000000e+04,1.288000000000000000e+03,1.480800000000000000e+04,4.028000000000000000e+03,5.985000000000000000e+03,1.021600000000000000e+04,1.131700000000000000e+04,2.664940000000000000e+05
0.000000000000000000e+00,5.000000000000000000e-01,0.000000000000000000e+00,1.000000000000000000e+00,0.000000000000000000e+00,5.000000000000000000e-01,3.750000000000000000e-01,1.000000000000000056e-01,1.594300000000000000e+04,5.314000000000000000e+03,1.681900000000000000e+04,1.288000000000000000e+03,1.480800000000000000e+04,4.028000000000000000e+03,5.985000000000000000e+03,1.021600000000000000e+04,1.131700000000000000e+04,2.664940000000000000e+05
5.000000000000000000e-01,6.250000000000000000e-01,5.000000000000000000e-01,0.000000000000000000e+00,0.000000000000000000e+00,2.500000000000000000e-01,1.250000000000000000e-01,1.000000000000000056e-01,2.985800000000000000e+04,1.479800000000000000e+04,1.969500000000000000e+04,2.275000000000000000e+03,2.150200000000000000e+04,7.990000000000000000e+03,1.038200000000000000e+04,1.914800000000000000e+04,1.879000000000000000e+04,2.115690000000000000e+05
5.000000000000000000e-01,6.250000000000000000e-01,5.000000000000000000e-01,0.000000000000000000e+00,0.000000000000000000e+00,2.500000000000000000e-01,1.250000000000000000e-01,1.000000000000000056e-01,2.985800000000000000e+04,1.479800000000000000e+04,1.969500000000000000e+04,2.275000000000000000e+03,2.150200000000000000e+04,7.990000000000000000e+03,1.038200000000000000e+04,1.914800000000000000e+04,1.879000000000000000e+04,2.115690000000000000e+05
5.000000000000000000e-01,0.000000000000000000e+00,0.000000000000000000e+00,1.000000000000000000e+00,5.000000000000000000e-01,0.000000000000000000e+00,5.000000000000000000e-01,1.000000000000000056e-01,2.525800000000000000e+04,5.508000000000000000e+03,1.378400000000000000e+04,3.888000000000000000e+03,2.443400000000000000e+04,5.325000000000000000e+03,1.201700000000000000e+04,2.152000000000000000e+04,2.733100000000000000e+04,2.207990000000000000e+05
5.000000000000000000e-01,0.000000000000000000e+00,0.000000000000000000e+00,1.000000000000000000e+00,5.000000000000000000e-01,0.000000000000000000e+00,5.000000000000000000e-01,1.000000000000000056e-01,2.525800000000000000e+04,5.508000000000000000e+03,1.378400000000000000e+04,3.888000000000000000e+03,2.443400000000000000e+04,5.325000000000000000e+03,1.201700000000000000e+04,2.152000000000000000e+04,2.733100000000000000e+04,2.207990000000000000e+05
0.000000000000000000e+00,1.000000000000000000e+00,0.000000000000000000e+00,1.000000000000000000e+00,0.000000000000000000e+00,1.000000000000000000e+00,3.750000000000000000e-01,1.000000000000000056e-01,4.214500000000000000e+04,2.158500000000000000e+04,3.574300000000000000e+04,1.171600000000000000e+04,2.835600000000000000e+04,2.074800000000000000e+04,1.646800000000000000e+04,3.685900000000000000e+04,3.407900000000000000e+04,8.853400000000000000e+04
0.000000000000000000e+00,1.000000000000000000e+00,0.000000000000000000e+00,1.000000000000000000e+00,0.000000000000000000e+00,1.000000000000000000e+00,3.750000000000000000e-01,1.000000000000000056e-01,4.214500000000000000e+04,2.158500000000000000e+04,3.574300000000000000e+04,1.171600000000000000e+04,2.835600000000000000e+04,2.074800000000000000e+04,1.646800000000000000e+04,3.685900000000000000e+04,3.407900000000000000e+04,8.853400000000000000e+04
5.000000000000000000e-01,0.000000000000000000e+00,0.000000000000000000e+00,5.000000000000000000e-01,5.000000000000000000e-01,0.000000000000000000e+00,3.750000000000000000e-01,1.000000000000000056e-01,1.597400000000000000e+04,8.139000000000000000e+03,9.594000000000000000e+03,1.395000000000000000e+03,1.115800000000000000e+04,4.384000000000000000e+03,5.177000000000000000e+03,7.202000000000000000e+03,8.872000000000000000e+03,8.566800000000000000e+04
5.000000000000000000e-01,0.000000000000000000e+00,0.000000000000000000e+00,5.000000000000000000e-01,5.000000000000000000e-01,0.000000000000000000e+00,3.750000000000000000e-01,1.000000000000000056e-01,1.597400000000000000e+04,8.139000000000000000e+03,9.594000000000000000e+03,1.395000000000000000e+03,1.115800000000000000e+04,4.384000000000000000e+03,5.177000000000000000e+03,7.202000000000000000e+03,8.872000000000000000e+03,8.566800000000000000e+04
5.000000000000000000e-01,0.000000000000000000e+00,0.000000000000000000e+00,1.000000000000000000e+00,0.000000000000000000e+00,1.000000000000000000e+00,6.250000000000000000e-01,1.000000000000000056e-01,5.805000000000000000e+03,1.136000000000000000e+03,2.309000000000000000e+03,4.580000000000000000e+02,9.663000000000000000e+03,1.204000000000000000e+03,4.628000000000000000e+03,5.392000000000000000e+03,9.419000000000000000e+03,1.199860000000000000e+05
5.000000000000000000e-01,0.000000000000000000e+00,0.000000000000000000e+00,1.000000000000000000e+00,0.000000000000000000e+00,1.000000000000000000e+00,6.250000000000000000e-01,1.000000000000000056e-01,5.805000000000000000e+03,1.136000000000000000e+03,2.309000000000000000e+03,4.580000000000000000e+02,9.663000000000000000e+03,1.204000000000000000e+03,4.628000000000000000e+03,5.392000000000000000e+03,9.419000000000000000e+03,1.199860000000000000e+05
5.000000000000000000e-01,6.250000000000000000e-01,5.000000000000000000e-01,6.250000000000000000e-01,5.000000000000000000e-01,6.250000000000000000e-01,1.250000000000000000e-01,1.000000000000000056e-01,5.715400000000000000e+04,1.748400000000000000e+04,2.111700000000000000e+04,1.457100000000000000e+04,2.577400000000000000e+04,2.002700000000000000e+04,1.566300000000000000e+04,2.144400000000000000e+04,1.816900000000000000e+04,1.241180000000000000e+05
5.000000000000000000e-01,6.250000000000000000e-01,5.000000000000000000e-01,6.250000000000000000e-01,5.000000000000000000e-01,6.250000000000000000e-01,1.250000000000000000e-01,1.000000000000000056e-01,5.715400000000000000e+04,1.748400000000000000e+04,2.111700000000000000e+04,1.457100000000000000e+04,2.577400000000000000e+04,2.002700000000000000e+04,1.566300000000000000e+04,2.144400000000000000e+04,1.816900000000000000e+04,1.241180000000000000e+05
5.000000000000000000e-01,0.000000000000000000e+00,5.000000000000000000e-01,0.000000000000000000e+00,5.000000000000000000e-01,6.250000000000000000e-01,0.000000000000000000e+00,1.000000000000000056e-01,1.045500000000000000e+04,4.688000000000000000e+03,9.028000000000000000e+03,1.315000000000000000e+03,1.163100000000000000e+04,2.518000000000000000e+03,3.972000000000000000e+03,7.314000000000000000e+03,8.104000000000000000e+03,9.892100000000000000e+04
5.000000000000000000e-01,0.000000000000000000e+00,5.000000000000000000e-01,0.000000000000000000e+00,5.000000000000000000e-01,6.250000000000000000e-01,0.000000000000000000e+00,1.000000000000000056e-01,1.045500000000000000e+04,4.688000000000000000e+03,9.028000000000000000e+03,1.315000000000000000e+03,1.163100000000000000e+04,2.518000000000000000e+03,3.972000000000000000e+03,7.314000000000000000e+03,8.104000000000000000e+03,9.892100000000000000e+04
5.000000000000000000e-01,0.000000000000000000e+00,0.000000000000000000e+00,5.000000000000000000e-01,5.000000000000000000e-01,0.000000000000000000e+00,6.250000000000000000e-01,1.000000000000000056e-01,1.723700000000000000e+04,7.923000000000000000e+03,3.044000000000000000e+04,2.439000000000000000e+03,1.008700000000000000e+04,1.121700000000000000e+04,3.801000000000000000e+03,2.057400000000000000e+04,1.116100000000000000e+04,4.131800000000000000e+04
5.000000000000000000e-01,0.000000000000000000e+00,0.000000000000000000e+00,5.000000000000000000e-01,5.000000000000000000e-01,0.000000000000000000e+00,6.250000000000000000e-01,1.000000000000000056e-01,1.723700000000000000e+04,7.923000000000000000e+03,3.044000000000000000e+04,2.439000000000000000e+03,1.008700000000000000e+04,1.121700000000000000e+04,3.801000000000000000e+03,2.057400000000000000e+04,1.116100000000000000e+04,4.131800000000000000e+04
5.000000000000000000e-01,0.000000000000000000e+00,0.000000000000000000e+00,5.000000000000000000e-01,0.000000000000000000e+00,5.000000000000000000e-01,3.750000000000000000e-01,1.000000000000000056e-01,2.333700000000000000e+04,8.455000000000000000e+03,1.595900000000000000e+04,4.549000000000000000e+03,2.146800000000000000e+04,9.142000000000000000e+03,8.753000000000000000e+03,1.336500000000000000e+04,1.488900000000000000e+04,1.234660000000000000e+05
5.000000000000000000e-01,0.000000000000000000e+00,0.000000000000000000e+00,5.000000000000000000e-01,0.000000000000000000e+00,5.000000000000000000e-01,3.750000000000000000e-01,1.000000000000000056e-01,2.333700000000000000e+04,8.455000000000000000e+03,1.595900000000000000e+04,4.549000000000000000e+03,2.146800000000000000e+04,9.142000000000000000e+03,8.753000000000000000e+03,1.336500000000000000e+04,1.488900000000000000e+04,1.234660000000000000e+05
5.000000000000000000e-01,0.000000000000000000e+00,5.000000000000000000e-01,1.000000000000000000e+00,5.000000000000000000e-01,0.000000000000000000e+00,1.250000000000000000e-01,1.000000000000000056e-01,2.763800000000000000e+04,5.320000000000000000e+03,1.138500000000000000e+04,2.257000000000000000e+03,1.618800000000000000e+04,7.720000000000000000e+03,1.319500000000000000e+04,1.227700000000000000e+04,1.265100000000000000e+04,2.490480000000000000e+05
5.000000000000000000e-01,0.000000000000000000e+00,5.000000000000000000e-01,1.000000000000000000e+00,5.000000000000000000e-01,0.000000000000000000e+00,1.250000000000000000e-01,1.000000000000000056e-01,2.763800000000000000e+04,5.320000000000000000e+03,1.138500000000000000e+04,2.257000000000000000e+03,1.618800000000000000e+04,7.720000000000000000e+03,1.319500000000000000e+04,1.227700000000000000e+04,1.265100000000000000e+04,2.490480000000000000e+05
0.000000000000000000e+00,1.000000000000000000e+00,0.000000000000000000e+00,1.000000000000000000e+00,0.000000000000000000e+00,1.000000000000000000e+00,1.250000000000000000e-01,2.000000000000000111e-01,4.312000000000000000e+04,1.435700000000000000e+04,2.778600000000000000e+04,1.040400000000000000e+04,3.329700000000000000e+04,1.587500000000000000e+04,1.749800000000000000e+04,3.451300000000000000e+04,3.945100000000000000e+04,7.484170000000000000e+05
0.000000000000000000e+00,1.000000000000000000e+00,0.000000000000000000e+00,1.000000000000000000e+00,0.000000000000000000e+00,1.000000000000000000e+00,1.250000000000000000e-01,2.000000000000000111e-01,4.312000000000000000e+04,1.435700000000000000e+04,2.778600000000000000e+04,1.040400000000000000e+04,3.329700000000000000e+04,1.587500000000000000e+04,1.749800000000000000e+04,3.451300000000000000e+04,3.945100000000000000e+04,7.484170000000000000e+05
0.000000000000000000e+00,5.000000000000000000e-01,0.000000000000000000e+00,1.000000000000000000e+00,0.000000000000000000e+00,1.000000000000000000e+00,3.750000000000000000e-01,1.000000000000000056e-01,1.776000000000000000e+04,7.145000000000000000e+03,1.203400000000000000e+04,2.676000000000000000e+03,1.302200000000000000e+04,6.233000000000000000e+03,7.126000000000000000e+03,1.133600000000000000e+04,1.348100000000000000e+04,1.553810000000000000e+05
0.000000000000000000e+00,5.000000000000000000e-01,0.000000000000000000e+00,1.000000000000000000e+00,0.000000000000000000e+00,1.000000000000000000e+00,3.750000000000000000e-01,1.000000000000000056e-01,1.776000000000000000e+04,7.145000000000000000e+03,1.203400000000000000e+04,2.676000000000000000e+03,1.302200000000000000e+04,6.233000000000000000e+03,7.126000000000000000e+03,1.133600000000000000e+04,1.348100000000000000e+04,1.553810000000000000e+05
0.000000000000000000e+00,1.000000000000000000e+00,0.000000000000000000e+00,1.000000000000000000e+00,0.000000000000000000e+00,1.000000000000000000e+00,3.750000000000000000e-01,1.000000000000000056e-01,1.499500000000000000e+04,4.321000000000000000e+03,1.209800000000000000e+04,2.466000000000000000e+03,1.288300000000000000e+04,2.460000000000000000e+03,6.360000000000000000e+03,1.298000000000000000e+04,1.551200000000000000e+04,1.637910000000000000e+05
0.000000000000000000e+00,1.000000000000000000e+00,0.000000000000000000e+00,1.000000000000000000e+00,0.000000000000000000e+00,1.000000000000000000e+00,3.750000000000000000e-01,1.000000000000000056e-01,1.499500000000000000e+04,4.321000000000000000e+03,1.209800000000000000e+04,2.466000000000000000e+03,1.288300000000000000e+04,2.460000000000000000e+03,6.360000000000000000e+03,1.298000000000000000e+04,1.551200000000000000e+04,1.637910000000000000e+05
5.000000000000000000e-01,6.250000000000000000e-01,0.000000000000000000e+00,1.000000000000000000e+00,1.000000000000000000e+00,0.000000000000000000e+00,5.000000000000000000e-01,1.000000000000000056e-01,7.824400000000000000e+04,2.224200000000000000e+04,4.355800000000000000e+04,1.465900000000000000e+04,4.004500000000000000e+04,3.751700000000000000e+04,2.589800000000000000e+04,4.142200000000000000e+04,4.658800000000000000e+04,6.246280000000000000e+05
5.000000000000000000e-01,6.250000000000000000e-01,0.000000000000000000e+00,1.000000000000000000e+00,1.000000000000000000e+00,0.000000000000000000e+00,5.000000000000000000e-01,1.000000000000000056e-01,7.824400000000000000e+04,2.224200000000000000e+04,4.355800000000000000e+04,1.465900000000000000e+04,4.004500000000000000e+04,3.751700000000000000e+04,2.589800000000000000e+04,4.142200000000000000e+04,4.658800000000000000e+04,6.246280000000000000e+05
5.000000000000000000e-01,0.000000000000000000e+00,5.000000000000000000e-01,0.000000000000000000e+00,5.000000000000000000e-01,6.250000000000000000e-01,3.750000000000000000e-01,1.000000000000000056e-01,3.205900000000000000e+04,8.464000000000000000e+03,1.261600000000000000e+04,3.453000000000000000e+03,2.756900000000000000e+04,9.588000000000000000e+03,1.435900000000000000e+04,1.827500000000000000e+04,2.216000000000000000e+04,1.589340000000000000e+05
5.000000000000000000e-01,0.000000000000000000e+00,5.000000000000000000e-01,0.000000000000000000e+00,5.000000000000000000e-01,6.250000000000000000e-01,3.750000000000000000e-01,1.000000000000000056e-01,3.205900000000000000e+04,8.464000000000000000e+03,1.261600000000000000e+04,3.453000000000000000e+03,2.756900000000000000e+04,9.588000000000000000e+03,1.435900000000000000e+04,1.827500000000000000e+04,2.216000000000000000e+04,1.589340000000000000e+05
5.000000000000000000e-01,0.000000000000000000e+00,5.000000000000000000e-01,1.000000000000000000e+00,5.000000000000000000e-01,0.000000000000000000e+00,2.500000000000000000e-01,1.000000000000000056e-01,1.321700000000000000e+05,3.781300000000000000e+04,4.011500000000000000e+04,1.967200000000000000e+04,6.381300000000000000e+04,3.835100000000000000e+04,3.350100000000000000e+04,3.811300000000000000e+04,4.196000000000000000e+04,5.170470000000000000e+05
5.000000000000000000e-01,0.000000000000000000e+00,5.000000000000000000e-01,1.000000000000000000e+00,5.000000000000000000e-01,0.000000000000000000e+00,2.500000000000000000e-01,1.000000000000000056e-01,1.321700000000000000e+05,3.781300000000000000e+04,4.011500000000000000e+04,1.967200000000000000e+04,6.381300000000000000e+04,3.835100000000000000e+04,3.350100000000000000e+04,3.811300000000000000e+04,4.196000000000000000e+04,5.170470000000000000e+05
0.000000000000000000e+00,1.000000000000000000e+00,0.000000000000000000e+00,1.000000000000000000e+00,0.000000000000000000e+00,1.000000000000000000e+00,5.000000000000000000e-01,1.000000000000000056e-01,4.777800000000000000e+04,1.841500000000000000e+04,3.135500000000000000e+04,7.562000000000000000e+03,3.127400000000000000e+04,1.696200000000000000e+04,1.573100000000000000e+04,3.433300000000000000e+04,2.961100000000000000e+04,7.530480000000000000e+05
0.000000000000000000e+00,1.000000000000000000e+00,0.000000000000000000e+00,1.000000000000000000e+00,0.000000000000000000e+00,1.000000000000000000e+00,5.000000000000000000e-01,1.000000000000000056e-01,4.777800000000000000e+04,1.841500000000000000e+04,3.135500000000000000e+04,7.562000000000000000e+03,3.127400000000000000e+04,1.696200000000000000e+04,1.573100000000000000e+04,3.433300000000000000e+04,2.961100000000000000e+04,7.530480000000000000e+05
5.000000000000000000e-01,0.000000000000000000e+00,0.000000000000000000e+00,1.000000000000000000e+00,0.000000000000000000e+00,1.000000000000000000e+00,2.500000000000000000e-01,2.000000000000000111e-01,7.449400000000000000e+04,5.270700000000000000e+04,8.014700000000000000e+04,1.510900000000000000e+04,9.952200000000000000e+04,1.555400000000000000e+04,1.804100000000000000e+04,3.850500000000000000e+04,3.695400000000000000e+04,5.469470000000000000e+05
5.000000000000000000e-01,0.000000000000000000e+00,0.000000000000000000e+00,1.000000000000000000e+00,0.000000000000000000e+00,1.000000000000000000e+00,2.500000000000000000e-01,2.000000000000000111e-01,7.449400000000000000e+04,5.270700000000000000e+04,8.014700000000000000e+04,1.510900000000000000e+04,9.952200000000000000e+04,1.555400000000000000e+04,1.804100000000000000e+04,3.850500000000000000e+04,3.695400000000000000e+04,5.469470000000000000e+05
5.000000000000000000e-01,3.750000000000000000e-01,5.000000000000000000e-01,0.000000000000000000e+00,5.000000000000000000e-01,6.250000000000000000e-01,5.000000000000000000e-01,1.000000000000000056e-01,1.657580000000000000e+05,5.388600000000000000e+04,4.662400000000000000e+04,2.100900000000000000e+04,7.606200000000000000e+04,4.660100000000000000e+04,3.310400000000000000e+04,3.738900000000000000e+04,5.097100000000000000e+04,4.255230000000000000e+05
5.000000000000000000e-01,3.750000000000000000e-01,5.000000000000000000e-01,0.000000000000000000e+00,5.000000000000000000e-01,6.250000000000000000e-01,5.000000000000000000e-01,1.000000000000000056e-01,1.657580000000000000e+05,5.388600000000000000e+04,4.662400000000000000e+04,2.100900000000000000e+04,7.606200000000000000e+04,4.660100000000000000e+04,3.310400000000000000e+04,3.738900000000000000e+04,5.097100000000000000e+04,4.255230000000000000e+05
5.000000000000000000e-01,3.750000000000000000e-01,1.000000000000000000e+00,0.000000000000000000e+00,5.000000000000000000e-01,6.250000000000000000e-01,0.000000000000000000e+00,1.000000000000000056e-01,5.828000000000000000e+04,2.702600000000000000e+04,2.633700000000000000e+04,6.278000000000000000e+03,4.105900000000000000e+04,1.738300000000000000e+04,1.128500000000000000e+04,2.141100000000000000e+04,2.506600000000000000e+04,1.913460000000000000e+05
5.000000000000000000e-01,3.750000000000000000e-01,1.000000000000000000e+00,0.000000000000000000e+00,5.000000000000000000e-01,6.250000000000000000e-01,0.000000000000000000e+00,1.000000000000000056e-01,5.828000000000000000e+04,2.702600000000000000e+04,2.633700000000000000e+04,6.278000000000000000e+03,4.105900000000000000e+04,1.738300000000000000e+04,1.128500000000000000e+04,2.141100000000000000e+04,2.506600000000000000e+04,1.913460000000000000e+05
5.000000000000000000e-01,3.750000000000000000e-01,1.000000000000000000e+00,0.000000000000000000e+00,5.000000000000000000e-01,0.000000000000000000e+00,0.000000000000000000e+00,1.000000000000000056e-01,8.377800000000000000e+04,2.238700000000000000e+04,2.088100000000000000e+04,7.723000000000000000e+03,2.957000000000000000e+04,3.328800000000000000e+04,1.275500000000000000e+04,2.973100000000000000e+04,2.653300000000000000e+04,1.550300000000000000e+05
5.000000000000000000e-01,3.750000000000000000e-01,1.000000000000000000e+00,0.000000000000000000e+00,5.000000000000000000e-01,0.000000000000000000e+00,0.000000000000000000e+00,1.000000000000000056e-01,8.377800000000000000e+04,2.238700000000000000e+04,2.088100000000000000e+04,7.723000000000000000e+03,2.957000000000000000e+04,3.328800000000000000e+04,1.275500000000000000e+04,2.973100000000000000e+04,2.653300000000000000e+04,1.550300000000000000e+05
5.000000000000000000e-01,3.750000000000000000e-01,5.000000000000000000e-01,0.000000000000000000e+00,5.000000000000000000e-01,0.000000000000000000e+00,3.750000000000000000e-01,1.000000000000000056e-01,1.041400000000000000e+05,2.839900000000000000e+04,3.058500000000000000e+04,1.318900000000000000e+04,5.195600000000000000e+04,3.177500000000000000e+04,2.299700000000000000e+04,3.189900000000000000e+04,3.584800000000000000e+04,6.255520000000000000e+05
5.000000000000000000e-01,3.750000000000000000e-01,5.000000000000000000e-01,0.000000000000000000e+00,5.000000000000000000e-01,0.000000000000000000e+00,3.750000000000000000e-01,1.000000000000000056e-01,1.041400000000000000e+05,2.839900000000000000e+04,3.058500000000000000e+04,1.318900000000000000e+04,5.195600000000000000e+04,3.177500000000000000e+04,2.299700000000000000e+04,3.189900000000000000e+04,3.584800000000000000e+04,6.255520000000000000e+05
5.000000000000000000e-01,6.250000000000000000e-01,6.250000000000000000e-01,5.000000000000000000e-01,5.000000000000000000e-01,3.750000000000000000e-01,5.000000000000000000e-01,1.000000000000000056e-01,1.342960000000000000e+05,4.911500000000000000e+04,5.767400000000000000e+04,3.166900000000000000e+04,8.935500000000000000e+04,5.359800000000000000e+04,3.631100000000000000e+04,6.277300000000000000e+04,6.213700000000000000e+04,3.703640000000000000e+05
5.000000000000000000e-01,6.250000000000000000e-01,6.250000000000000000e-01,5.000000000000000000e-01,5.000000000000000000e-01,3.750000000000000000e-01,5.000000000000000000e-01,1.000000000000000056e-01,1.342960000000000000e+05,4.911500000000000000e+04,5.767400000000000000e+04,3.166900000000000000e+04,8.935500000000000000e+04,5.359800000000000000e+04,3.631100000000000000e+04,6.277300000000000000e+04,6.213700000000000000e+04,3.703640000000000000e+05
5.000000000000000000e-01,0.000000000000000000e+00,0.000000000000000000e+00,1.000000000000000000e+00,0.000000000000000000e+00,5.000000000000000000e-01,6.250000000000000000e-01,1.000000000000000056e-01,1.240380000000000000e+05,3.937300000000000000e+04,4.559600000000000000e+04,2.044300000000000000e+04,6.608800000000000000e+04,3.640900000000000000e+04,2.921300000000000000e+04,4.702100000000000000e+04,4.539700000000000000e+04,5.088110000000000000e+05
5.000000000000000000e-01,0.000000000000000000e+00,0.000000000000000000e+00,1.000000000000000000e+00,0.000000000000000000e+00,5.000000000000000000e-01,6.250000000000000000e-01,1.000000000000000056e-01,1.240380000000000000e+05,3.937300000000000000e+04,4.559600000000000000e+04,2.044300000000000000e+04,6.608800000000000000e+04,3.640900000000000000e+04,2.921300000000000000e+04,4.702100000000000000e+04,4.539700000000000000e+04,5.088110000000000000e+05
5.000000000000000000e-01,0.000000000000000000e+00,0.000000000000000000e+00,1.000000000000000000e+00,5.000000000000000000e-01,0.000000000000000000e+00,3.750000000000000000e-01,1.000000000000000056e-01,6.452000000000000000e+03,2.863000000000000000e+03,3.373000000000000000e+03,6.030000000000000000e+02,3.470000000000000000e+03,5.290000000000000000e+02,2.550000000000000000e+02,8.900000000000000000e+02,8.070000000000000000e+02,5.679000000000000000e+03
5.000000000000000000e-01,0.000000000000000000e+00,0.000000000000000000e+00,1.000000000000000000e+00,5.000000000000000000e-01,0.000000000000000000e+00,3.750000000000000000e-01,1.000000000000000056e-01,6.452000000000000000e+03,2.863000000000000000e+03,3.373000000000000000e+03,6.030000000000000000e+02,3.470000000000000000e+03,5.290000000000000000e+02,2.550000000000000000e+02,8.900000000000000000e+02,8.070000000000000000e+02,5.679000000000000000e+03
5.000000000000000000e-01,0.000000000000000000e+00,0.000000000000000000e+00,5.000000000000000000e-01,5.000000000000000000e-01,0.000000000000000000e+00,2.500000000000000000e-01,1.000000000000000056e-01,5.694000000000000000e+03,3.474000000000000000e+03,4.677000000000000000e+03,7.470000000000000000e+02,4.072000000000000000e+03,2.330000000000000000e+02,4.960000000000000000e+02,6.390000000000000000e+02,4.380000000000000000e+02,4.240000000000000000e+03
5.000000000000000000e-01,0.000000000000000000e+00,0.000000000000000000e+00,5.000000000000000000e-01,5.000000000000000000e-01,0.000000000000000000e+00,2.500000000000000000e-01,1.000000000000000056e-01,5.694000000000000000e+03,3.474000000000000000e+03,4.677000000000000000e+03,7.470000000000000000e+02,4.072000000000000000e+03,2.330000000000000000e+02,4.960000000000000000e+02,6.390000000000000000e+02,4.380000000000000000e+02,4.240000000000000000e+03
0.000000000000000000e+00,5.000000000000000000e-01,0.000000000000000000e+00,1.000000000000000000e+00,1.000000000000000000e+00,5.000000000000000000e-01,3.750000000000000000e-01,1.000000000000000056e-01,1.282600000000000000e+04,2.633000000000000000e+03,6.187000000000000000e+03,9.740000000000000000e+02,7.413000000000000000e+03,3.731000000000000000e+03,3.078000000000000000e+03,6.745000000000000000e+03,6.960000000000000000e+03,7.673800000000000000e+04
0.000000000000000000e+00,5.000000000000000000e-01,0.000000000000000000e+00,1.000000000000000000e+00,1.000000000000000000e+00,5.000000000000000000e-01,3.750000000000000000e-01,1.000000000000000056e-01,1.282600000000000000e+04,2.633000000000000000e+03,6.187000000000000000e+03,9.740000000000000000e+02,7.413000000000000000e+03,3.731000000000000000e+03,3.078000000000000000e+03,6.745000000000000000e+03,6.960000000000000000e+03,7.673800000000000000e+04
0.000000000000000000e+00,5.000000000000000000e-01,0.000000000000000000e+00,1.000000000000000000e+00,5.000000000000000000e-01,0.000000000000000000e+00,3.750000000000000000e-01,1.000000000000000056e-01,1.199200000000000000e+04,2.395000000000000000e+03,5.872000000000000000e+03,1.100000000000000000e+03,7.210000000000000000e+03,4.060000000000000000e+03,3.019000000000000000e+03,6.071000000000000000e+03,7.023000000000000000e+03,7.874100000000000000e+04
0.000000000000000000e+00,5.000000000000000000e-01,0.000000000000000000e+00,1.000000000000000000e+00,5.000000000000000000e-01,0.000000000000000000e+00,3.750000000000000000e-01,1.000000000000000056e-01,1.199200000000000000e+04,2.395000000000000000e+03,5.872000000000000000e+03,1.100000000000000000e+03,7.210000000000000000e+03,4.060000000000000000e+03,3.019000000000000000e+03,6.071000000000000000e+03,7.023000000000000000e+03,7.874100000000000000e+04
0.000000000000000000e+00,5.000000000000000000e-01,0.000000000000000000e+00,1.000000000000000000e+00,0.000000000000000000e+00,5.000000000000000000e-01,2.500000000000000000e-01,1.000000000000000056e-01,1.639300000000000000e+04,6.741000000000000000e+03,2.018000000000000000e+04,1.233000000000000000e+03,1.785500000000000000e+04,5.981000000000000000e+03,5.979000000000000000e+03,1.736200000000000000e+04,1.927900000000000000e+04,1.386370000000000000e+05
0.000000000000000000e+00,5.000000000000000000e-01,0.000000000000000000e+00,1.000000000000000000e+00,0.000000000000000000e+00,5.000000000000000000e-01,2.500000000000000000e-01,1.000000000000000056e-01,1.639300000000000000e+04,6.741000000000000000e+03,2.018000000000000000e+04,1.233000000000000000e+03,1.785500000000000000e+04,5.981000000000000000e+03,5.979000000000000000e+03,1.736200000000000000e+04,1.927900000000000000e+04,1.386370000000000000e+05
0.000000000000000000e+00,5.000000000000000000e-01,0.000000000000000000e+00,1.000000000000000000e+00,0.000000000000000000e+00,5.000000000000000000e-01,6.250000000000000000e-01,1.000000000000000056e-01,4.062000000000000000e+03,1.847000000000000000e+03,5.615000000000000000e+03,5.100000000000000000e+02,6.040000000000000000e+03,2.441000000000000000e+03,1.418000000000000000e+03,5.345000000000000000e+03,4.659000000000000000e+03,3.281700000000000000e+04
0.000000000000000000e+00,5.000000000000000000e-01,0.000000000000000000e+00,1.000000000000000000e+00,0.000000000000000000e+00,5.000000000000000000e-01,6.250000000000000000e-01,1.000000000000000056e-01,4.062000000000000000e+03,1.847000000000000000e+03,5.615000000000000000e+03,5.100000000000000000e+02,6.040000000000000000e+03,2.441000000000000000e+03,1.418000000000000000e+03,5.345000000000000000e+03,4.659000000000000000e+03,3.281700000000000000e+04
5.000000000000000000e-01,0.000000000000000000e+00,0.000000000000000000e+00,1.000000000000000000e+00,0.000000000000000000e+00,5.000000000000000000e-01,6.250000000000000000e-01,1.000000000000000056e-01,1.240380000000000000e+05,3.937300000000000000e+04,4.559600000000000000e+04,2.044300000000000000e+04,6.608800000000000000e+04,3.640900000000000000e+04,2.921300000000000000e+04,4.702100000000000000e+04,4.539700000000000000e+04,5.088110000000000000e+05
5.000000000000000000e-01,0.000000000000000000e+00,0.000000000000000000e+00,1.000000000000000000e+00,0.000000000000000000e+00,5.000000000000000000e-01,6.250000000000000000e-01,1.000000000000000056e-01,1.240380000000000000e+05,3.937300000000000000e+04,4.559600000000000000e+04,2.044300000000000000e+04,6.608800000000000000e+04,3.640900000000000000e+04,2.921300000000000000e+04,4.702100000000000000e+04,4.539700000000000000e+04,5.088110000000000000e+05
5.000000000000000000e-01,0.000000000000000000e+00,0.000000000000000000e+00,1.000000000000000000e+00,0.000000000000000000e+00,5.000000000000000000e-01,6.250000000000000000e-01,1.000000000000000056e-01,1.240380000000000000e+05,3.937300000000000000e+04,4.559600000000000000e+04,2.044300000000000000e+04,6.608800000000000000e+04,3.640900000000000000e+04,2.921300000000000000e+04,4.702100000000000000e+04,4.539700000000000000e+04,5.088110000000000000e+05
5.000000000000000000e-01,0.000000000000000000e+00,0.000000000000000000e+00,1.000000000000000000e+00,0.000000000000000000e+00,5.000000000000000000e-01,6.250000000000000000e-01,1.000000000000000056e-01,1.240380000000000000e+05,3.937300000000000000e+04,4.559600000000000000e+04,2.044300000000000000e+04,6.608800000000000000e+04,3.640900000000000000e+04,2.921300000000000000e+04,4.702100000000000000e+04,4.539700000000000000e+04,5.088110000000000000e+05
5.000000000000000000e-01,6.250000000000000000e-01,5.000000000000000000e-01,6.250000000000000000e-01,5.000000000000000000e-01,6.250000000000000000e-01,0.000000000000000000e+00,1.000000000000000056e-01,3.436900000000000000e+04,1.912000000000000000e+04,1.251000000000000000e+04,1.675000000000000000e+03,1.193800000000000000e+04,1.189600000000000000e+04,6.630000000000000000e+03,1.795300000000000000e+04,1.334200000000000000e+04,1.180260000000000000e+05
5.000000000000000000e-01,6.250000000000000000e-01,5.000000000000000000e-01,6.250000000000000000e-01,5.000000000000000000e-01,6.250000000000000000e-01,0.000000000000000000e+00,1.000000000000000056e-01,3.436900000000000000e+04,1.912000000000000000e+04,1.251000000000000000e+04,1.675000000000000000e+03,1.193800000000000000e+04,1.189600000000000000e+04,6.630000000000000000e+03,1.795300000000000000e+04,1.334200000000000000e+04,1.180260000000000000e+05
5.000000000000000000e-01,0.000000000000000000e+00,0.000000000000000000e+00,1.000000000000000000e+00,0.000000000000000000e+00,5.000000000000000000e-01,3.750000000000000000e-01,1.000000000000000056e-01,2.698400000000000000e+04,6.621000000000000000e+03,9.635000000000000000e+03,1.392000000000000000e+03,1.306600000000000000e+04,9.103000000000000000e+03,1.336700000000000000e+04,9.496000000000000000e+03,1.427100000000000000e+04,1.446790000000000000e+05
5.000000000000000000e-01,0.000000000000000000e+00,0.000000000000000000e+00,1.000000000000000000e+00,0.000000000000000000e+00,5.000000000000000000e-01,3.750000000000000000e-01,1.000000000000000056e-01,2.698400000000000000e+04,6.621000000000000000e+03,9.635000000000000000e+03,1.392000000000000000e+03,1.306600000000000000e+04,9.103000000000000000e+03,1.336700000000000000e+04,9.496000000000000000e+03,1.427100000000000000e+04,1.446790000000000000e+05
0.000000000000000000e+00,5.000000000000000000e-01,0.000000000000000000e+00,1.000000000000000000e+00,0.000000000000000000e+00,5.000000000000000000e-01,1.250000000000000000e-01,1.000000000000000056e-01,2.688400000000000000e+04,1.164400000000000000e+04,8.737000000000000000e+03,1.818000000000000000e+03,1.039500000000000000e+04,3.945000000000000000e+03,5.961000000000000000e+03,3.389000000000000000e+04,1.317900000000000000e+04,1.309110000000000000e+05
0.000000000000000000e+00,5.000000000000000000e-01,0.000000000000000000e+00,1.000000000000000000e+00,0.000000000000000000e+00,5.000000000000000000e-01,1.250000000000000000e-01,1.000000000000000056e-01,2.688400000000000000e+04,1.164400000000000000e+04,8.737000000000000000e+03,1.818000000000000000e+03,1.039500000000000000e+04,3.945000000000000000e+03,5.961000000000000000e+03,3.389000000000000000e+04,1.317900000000000000e+04,1.309110000000000000e+05
5.000000000000000000e-01,0.000000000000000000e+00,0.000000000000000000e+00,1.000000000000000000e+00,0.000000000000000000e+00,5.000000000000000000e-01,2.500000000000000000e-01,0.000000000000000000e+00,2.581900000000000000e+04,9.899000000000000000e+03,1.155600000000000000e+04,2.424000000000000000e+03,1.249100000000000000e+04,5.978000000000000000e+03,6.834000000000000000e+03,1.009800000000000000e+04,1.371000000000000000e+04,1.473740000000000000e+05
5.000000000000000000e-01,0.000000000000000000e+00,0.000000000000000000e+00,1.000000000000000000e+00,0.000000000000000000e+00,5.000000000000000000e-01,2.500000000000000000e-01,0.000000000000000000e+00,2.581900000000000000e+04,9.899000000000000000e+03,1.155600000000000000e+04,2.424000000000000000e+03,1.249100000000000000e+04,5.978000000000000000e+03,6.834000000000000000e+03,1.009800000000000000e+04,1.371000000000000000e+04,1.473740000000000000e+05
5.000000000000000000e-01,0.000000000000000000e+00,0.000000000000000000e+00,5.000000000000000000e-01,5.000000000000000000e-01,6.250000000000000000e-01,1.250000000000000000e-01,1.000000000000000056e-01,6.651200000000000000e+04,1.762100000000000000e+04,1.079700000000000000e+04,3.710000000000000000e+03,1.631600000000000000e+04,6.968000000000000000e+03,9.006000000000000000e+03,9.522000000000000000e+03,1.140800000000000000e+04,9.179800000000000000e+04
5.000000000000000000e-01,0.000000000000000000e+00,0.000000000000000000e+00,5.000000000000000000e-01,5.000000000000000000e-01,6.250000000000000000e-01,1.250000000000000000e-01,1.000000000000000056e-01,6.651200000000000000e+04,1.762100000000000000e+04,1.079700000000000000e+04,3.710000000000000000e+03,1.631600000000000000e+04,6.968000000000000000e+03,9.006000000000000000e+03,9.522000000000000000e+03,1.140800000000000000e+04,9.179800000000000000e+04
5.000000000000000000e-01,1.000000000000000000e+00,0.000000000000000000e+00,1.000000000000000000e+00,5.000000000000000000e-01,0.000000000000000000e+00,0.000000000000000000e+00,1.000000000000000056e-01,1.443700000000000000e+04,2.222000000000000000e+03,5.380000000000000000e+03,4.230000000000000000e+02,6.962000000000000000e+03,2.917000000000000000e+03,5.038000000000000000e+03,5.109000000000000000e+03,5.798000000000000000e+03,6.975800000000000000e+04
5.000000000000000000e-01,1.000000000000000000e+00,0.000000000000000000e+00,1.000000000000000000e+00,5.000000000000000000e-01,0.000000000000000000e+00,0.000000000000000000e+00,1.000000000000000056e-01,1.443700000000000000e+04,2.222000000000000000e+03,5.380000000000000000e+03,4.230000000000000000e+02,6.962000000000000000e+03,2.917000000000000000e+03,5.038000000000000000e+03,5.109000000000000000e+03,5.798000000000000000e+03,6.975800000000000000e+04
0.000000000000000000e+00,5.000000000000000000e-01,0.000000000000000000e+00,1.000000000000000000e+00,0.000000000000000000e+00,5.000000000000000000e-01,2.500000000000000000e-01,1.000000000000000056e-01,1.639300000000000000e+04,6.741000000000000000e+03,2.018000000000000000e+04,1.233000000000000000e+03,1.785500000000000000e+04,5.981000000000000000e+03,5.979000000000000000e+03,1.736200000000000000e+04,1.927900000000000000e+04,1.386370000000000000e+05
0.000000000000000000e+00,5.000000000000000000e-01,0.000000000000000000e+00,1.000000000000000000e+00,0.000000000000000000e+00,5.000000000000000000e-01,2.500000000000000000e-01,1.000000000000000056e-01,1.639300000000000000e+04,6.741000000000000000e+03,2.018000000000000000e+04,1.233000000000000000e+03,1.785500000000000000e+04,5.981000000000000000e+03,5.979000000000000000e+03,1.736200000000000000e+04,1.927900000000000000e+04,1.386370000000000000e+05
1.000000000000000000e+00,8.750000000000000000e-01,5.000000000000000000e-01,6.250000000000000000e-01,1.000000000000000000e+00,8.750000000000000000e-01,2.500000000000000000e-01,1.000000000000000056e-01,1.122700000000000000e+04,1.453000000000000000e+03,3.196000000000000000e+03,5.530000000000000000e+02,6.006000000000000000e+03,1.902000000000000000e+03,5.118000000000000000e+03,3.578000000000000000e+03,5.525000000000000000e+03,2.111850000000000000e+05
1.000000000000000000e+00,8.750000000000000000e-01,5.000000000000000000e-01,6.250000000000000000e-01,1.000000000000000000e+00,8.750000000000000000e-01,2.500000000000000000e-01,1.000000000000000056e-01,1.122700000000000000e+04,1.453000000000000000e+03,3.196000000000000000e+03,5.530000000000000000e+02,6.006000000000000000e+03,1.902000000000000000e+03,5.118000000000000000e+03,3.578000000000000000e+03,5.525000000000000000e+03,2.111850000000000000e+05
