1.000000000000000000e+00,0.000000000000000000e+00,5.000000000000000000e-01,0.000000000000000000e+00,5.000000000000000000e-01,6.250000000000000000e-01,0.000000000000000000e+00,1.250000000000000000e-01,1.000000000000000056e-01,1.558300000000000000e+04,3.063000000000000000e+03,5.668000000000000000e+03,3.960000000000000000e+02,8.302000000000000000e+03,2.908000000000000000e+03,3.884000000000000000e+03,4.950000000000000000e+03,5.361000000000000000e+03,1.164040000000000000e+05
1.000000000000000000e+00,0.000000000000000000e+00,5.000000000000000000e-01,0.000000000000000000e+00,5.000000000000000000e-01,6.250000000000000000e-01,0.000000000000000000e+00,1.250000000000000000e-01,1.000000000000000056e-01,1.558300000000000000e+04,3.063000000000000000e+03,5.668000000000000000e+03,3.960000000000000000e+02,8.302000000000000000e+03,2.908000000000000000e+03,3.884000000000000000e+03,4.950000000000000000e+03,5.361000000000000000e+03,1.164040000000000000e+05
0.000000000000000000e+00,1.000000000000000000e+00,5.000000000000000000e-01,0.000000000000000000e+00,5.000000000000000000e-01,6.250000000000000000e-01,2.500000000000000000e+00,2.500000000000000000e-01,1.000000000000000056e-01,9.312000000000000000e+03,2.675000000000000000e+03,4.455000000000000000e+03,7.670000000000000000e+02,7.419000000000000000e+03,3.586000000000000000e+03,4.507000000000000000e+03,7.410000000000000000e+03,8.758000000000000000e+03,1.178320000000000000e+05
0.000000000000000000e+00,1.000000000000000000e+00,5.000000000000000000e-01,0.000000000000000000e+00,5.000000000000000000e-01,6.250000000000000000e-01,2.500000000000000000e+00,2.500000000000000000e-01,1.000000000000000056e-01,9.312000000000000000e+03,2.675000000000000000e+03,4.455000000000000000e+03,7.670000000000000000e+02,7.419000000000000000e+03,3.586000000000000000e+03,4.507000000000000000e+03,7.410000000000000000e+03,8.758000000000000000e+03,1.178320000000000000e+05
0.000000000000000000e+00,1.000000000000000000e+00,5.000000000000000000e-01,0.000000000000000000e+00,5.000000000000000000e-01,6.250000000000000000e-01,5.000000000000000000e-01,2.500000000000000000e-01,1.000000000000000056e-01,1.227500000000000000e+04,2.871000000000000000e+03,4.833000000000000000e+03,9.640000000000000000e+02,6.685000000000000000e+03,4.083000000000000000e+03,4.503000000000000000e+03,6.216000000000000000e+03,7.286000000000000000e+03,1.164220000000000000e+05
0.000000000000000000e+00,1.000000000000000000e+00,5.000000000000000000e-01,0.000000000000000000e+00,5.000000000000000000e-01,6.250000000000000000e-01,5.000000000000000000e-01,2.500000000000000000e-01,1.000000000000000056e-01,1.227500000000000000e+04,2.871000000000000000e+03,4.833000000000000000e+03,9.640000000000000000e+02,6.685000000000000000e+03,4.083000000000000000e+03,4.503000000000000000e+03,6.216000000000000000e+03,7.286000000000000000e+03,1.164220000000000000e+05
0.000000000000000000e+00,5.000000000000000000e-01,0.000000000000000000e+00,1.000000000000000000e+00,0.000000000000000000e+00,1.000000000000000000e+00,0.000000000000000000e+00,3.750000000000000000e-01,1.000000000000000056e-01,1.400500000000000000e+04,3.048000000000000000e+03,6.068000000000000000e+03,8.670000000000000000e+02,9.310000000000000000e+03,5.102000000000000000e+03,4.800000000000000000e+03,8.074000000000000000e+03,9.350000000000000000e+03,1.053790000000000000e+05
0.000000000000000000e+00,5.000000000000000000e-01,0.000000000000000000e+00,1.000000000000000000e+00,0.000000000000000000e+00,1.000000000000000000e+00,0.000000000000000000e+00,3.750000000000000000e-01,1.000000000000000056e-01,1.400500000000000000e+04,3.048000000000000000e+03,6.068000000000000000e+03,8.670000000000000000e+02,9.310000000000000000e+03,5.102000000000000000e+03,4.800000000000000000e+03,8.074000000000000000e+03,9.350000000000000000e+03,1.053790000000000000e+05
5.000000000000000000e-01,0.000000000000000000e+00,5.000000000000000000e-01,0.000000000000000000e+00,1.000000000000000000e+00,5.000000000000000000e-01,0.000000000000000000e+00,2.500000000000000000e-01,1.000000000000000056e-01,1.462600000000000000e+04,3.933000000000000000e+03,5.551000000000000000e+03,1.483000000000000000e+03,8.552000000000000000e+03,3.807000000000000000e+03,5.386000000000000000e+03,6.423000000000000000e+03,8.638000000000000000e+03,1.054520000000000000e+05
5.000000000000000000e-01,0.000000000000000000e+00,5.000000000000000000e-01,0.000000000000000000e+00,1.000000000000000000e+00,5.000000000000000000e-01,0.000000000000000000e+00,2.500000000000000000e-01,1.000000000000000056e-01,1.462600000000000000e+04,3.933000000000000000e+03,5.551000000000000000e+03,1.483000000000000000e+03,8.552000000000000000e+03,3.807000000000000000e+03,5.386000000000000000e+03,6.423000000000000000e+03,8.638000000000000000e+03,1.054520000000000000e+05
5.000000000000000000e-01,0.000000000000000000e+00,5.000000000000000000e-01,6.250000000000000000e-01,5.000000000000000000e-01,0.000000000000000000e+00,2.500000000000000000e+00,3.750000000000000000e-01,1.000000000000000056e-01,3.533400000000000000e+04,7.103000000000000000e+03,9.440000000000000000e+03,1.553000000000000000e+03,1.339200000000000000e+04,7.282000000000000000e+03,5.730000000000000000e+03,9.621000000000000000e+03,1.031100000000000000e+04,1.388250000000000000e+05
5.000000000000000000e-01,0.000000000000000000e+00,5.000000000000000000e-01,6.250000000000000000e-01,5.000000000000000000e-01,0.000000000000000000e+00,2.500000000000000000e+00,3.750000000000000000e-01,1.000000000000000056e-01,3.533400000000000000e+04,7.103000000000000000e+03,9.440000000000000000e+03,1.553000000000000000e+03,1.339200000000000000e+04,7.282000000000000000e+03,5.730000000000000000e+03,9.621000000000000000e+03,1.031100000000000000e+04,1.388250000000000000e+05
5.000000000000000000e-01,0.000000000000000000e+00,5.000000000000000000e-01,6.250000000000000000e-01,5.000000000000000000e-01,3.750000000000000000e-01,2.500000000000000000e+00,3.750000000000000000e-01,1.000000000000000056e-01,1.615300000000000000e+04,3.377000000000000000e+03,4.765000000000000000e+03,8.620000000000000000e+02,7.549000000000000000e+03,3.352000000000000000e+03,3.514000000000000000e+03,5.169000000000000000e+03,6.019000000000000000e+03,5.524500000000000000e+04
5.000000000000000000e-01,0.000000000000000000e+00,5.000000000000000000e-01,6.250000000000000000e-01,5.000000000000000000e-01,3.750000000000000000e-01,2.500000000000000000e+00,3.750000000000000000e-01,1.000000000000000056e-01,1.615300000000000000e+04,3.377000000000000000e+03,4.765000000000000000e+03,8.620000000000000000e+02,7.549000000000000000e+03,3.352000000000000000e+03,3.514000000000000000e+03,5.169000000000000000e+03,6.019000000000000000e+03,5.524500000000000000e+04
5.000000000000000000e-01,6.250000000000000000e-01,0.000000000000000000e+00,8.750000000000000000e-01,1.250000000000000000e-01,1.000000000000000000e+00,0.000000000000000000e+00,3.750000000000000000e-01,1.000000000000000056e-01,1.007100000000000000e+04,3.381000000000000000e+03,4.301000000000000000e+03,6.730000000000000000e+02,5.793000000000000000e+03,3.036000000000000000e+03,2.085000000000000000e+03,4.421000000000000000e+03,4.665000000000000000e+03,6.772100000000000000e+04
5.000000000000000000e-01,6.250000000000000000e-01,0.000000000000000000e+00,8.750000000000000000e-01,1.250000000000000000e-01,1.000000000000000000e+00,0.000000000000000000e+00,3.750000000000000000e-01,1.000000000000000056e-01,1.007100000000000000e+04,3.381000000000000000e+03,4.301000000000000000e+03,6.730000000000000000e+02,5.793000000000000000e+03,3.036000000000000000e+03,2.085000000000000000e+03,4.421000000000000000e+03,4.665000000000000000e+03,6.772100000000000000e+04
0.000000000000000000e+00,1.000000000000000000e+00,5.000000000000000000e-01,6.250000000000000000e-01,6.250000000000000000e-01,3.750000000000000000e-01,0.000000000000000000e+00,3.750000000000000000e-01,1.000000000000000056e-01,1.259900000000000000e+04,2.304000000000000000e+03,4.023000000000000000e+03,6.690000000000000000e+02,5.989000000000000000e+03,4.909000000000000000e+03,3.402000000000000000e+03,5.066000000000000000e+03,6.075000000000000000e+03,6.068600000000000000e+04
0.000000000000000000e+00,1.000000000000000000e+00,5.000000000000000000e-01,6.250000000000000000e-01,6.250000000000000000e-01,3.750000000000000000e-01,0.000000000000000000e+00,3.750000000000000000e-01,1.000000000000000056e-01,1.259900000000000000e+04,2.304000000000000000e+03,4.023000000000000000e+03,6.690000000000000000e+02,5.989000000000000000e+03,4.909000000000000000e+03,3.402000000000000000e+03,5.066000000000000000e+03,6.075000000000000000e+03,6.068600000000000000e+04
0.000000000000000000e+00,1.000000000000000000e+00,0.000000000000000000e+00,1.000000000000000000e+00,6.250000000000000000e-01,3.750000000000000000e-01,5.000000000000000000e-01,1.250000000000000000e-01,1.000000000000000056e-01,1.096400000000000000e+04,2.797000000000000000e+03,4.847000000000000000e+03,8.520000000000000000e+02,5.698000000000000000e+03,2.788000000000000000e+03,2.679000000000000000e+03,5.293000000000000000e+03,6.243000000000000000e+03,6.322600000000000000e+04
0.000000000000000000e+00,1.000000000000000000e+00,0.000000000000000000e+00,1.000000000000000000e+00,6.250000000000000000e-01,3.750000000000000000e-01,5.000000000000000000e-01,1.250000000000000000e-01,1.000000000000000056e-01,1.096400000000000000e+04,2.797000000000000000e+03,4.847000000000000000e+03,8.520000000000000000e+02,5.698000000000000000e+03,2.788000000000000000e+03,2.679000000000000000e+03,5.293000000000000000e+03,6.243000000000000000e+03,6.322600000000000000e+04
5.000000000000000000e-01,3.750000000000000000e-01,0.000000000000000000e+00,5.000000000000000000e-01,5.000000000000000000e-01,3.750000000000000000e-01,2.500000000000000000e+00,5.000000000000000000e-01,1.000000000000000056e-01,1.875300000000000000e+04,6.059000000000000000e+03,8.594000000000000000e+03,2.207000000000000000e+03,1.042500000000000000e+04,5.964000000000000000e+03,4.742000000000000000e+03,7.567000000000000000e+03,9.325000000000000000e+03,1.639460000000000000e+05
5.000000000000000000e-01,3.750000000000000000e-01,0.000000000000000000e+00,5.000000000000000000e-01,5.000000000000000000e-01,3.750000000000000000e-01,2.500000000000000000e+00,5.000000000000000000e-01,1.000000000000000056e-01,1.875300000000000000e+04,6.059000000000000000e+03,8.594000000000000000e+03,2.207000000000000000e+03,1.042500000000000000e+04,5.964000000000000000e+03,4.742000000000000000e+03,7.567000000000000000e+03,9.325000000000000000e+03,1.639460000000000000e+05
5.000000000000000000e-01,0.000000000000000000e+00,5.000000000000000000e-01,6.250000000000000000e-01,5.000000000000000000e-01,3.750000000000000000e-01,2.500000000000000000e+00,1.250000000000000000e-01,1.000000000000000056e-01,1.496500000000000000e+04,3.384000000000000000e+03,4.730000000000000000e+03,1.051000000000000000e+03,7.405000000000000000e+03,3.689000000000000000e+03,3.764000000000000000e+03,5.561000000000000000e+03,6.338000000000000000e+03,5.508500000000000000e+04
5.000000000000000000e-01,0.000000000000000000e+00,5.000000000000000000e-01,6.250000000000000000e-01,5.000000000000000000e-01,3.750000000000000000e-01,2.500000000000000000e+00,1.250000000000000000e-01,1.000000000000000056e-01,1.496500000000000000e+04,3.384000000000000000e+03,4.730000000000000000e+03,1.051000000000000000e+03,7.405000000000000000e+03,3.689000000000000000e+03,3.764000000000000000e+03,5.561000000000000000e+03,6.338000000000000000e+03,5.508500000000000000e+04
5.000000000000000000e-01,6.250000000000000000e-01,0.000000000000000000e+00,1.250000000000000000e-01,1.250000000000000000e-01,1.000000000000000000e+00,2.500000000000000000e+00,0.000000000000000000e+00,1.000000000000000056e-01,9.791000000000000000e+03,3.439000000000000000e+03,4.527000000000000000e+03,7.290000000000000000e+02,5.699000000000000000e+03,3.546000000000000000e+03,2.124000000000000000e+03,4.658000000000000000e+03,4.934000000000000000e+03,6.656700000000000000e+04
5.000000000000000000e-01,6.250000000000000000e-01,0.000000000000000000e+00,1.250000000000000000e-01,1.250000000000000000e-01,1.000000000000000000e+00,2.500000000000000000e+00,0.000000000000000000e+00,1.000000000000000056e-01,9.791000000000000000e+03,3.439000000000000000e+03,4.527000000000000000e+03,7.290000000000000000e+02,5.699000000000000000e+03,3.546000000000000000e+03,2.124000000000000000e+03,4.658000000000000000e+03,4.934000000000000000e+03,6.656700000000000000e+04
0.000000000000000000e+00,5.000000000000000000e-01,5.000000000000000000e-01,0.000000000000000000e+00,6.250000000000000000e-01,3.750000000000000000e-01,2.500000000000000000e+00,5.000000000000000000e-01,1.000000000000000056e-01,1.112500000000000000e+04,2.580000000000000000e+03,3.991000000000000000e+03,6.030000000000000000e+02,6.361000000000000000e+03,3.070000000000000000e+03,2.155000000000000000e+03,4.616000000000000000e+03,4.889000000000000000e+03,6.694800000000000000e+04
0.000000000000000000e+00,5.000000000000000000e-01,5.000000000000000000e-01,0.000000000000000000e+00,6.250000000000000000e-01,3.750000000000000000e-01,2.500000000000000000e+00,5.000000000000000000e-01,1.000000000000000056e-01,1.112500000000000000e+04,2.580000000000000000e+03,3.991000000000000000e+03,6.030000000000000000e+02,6.361000000000000000e+03,3.070000000000000000e+03,2.155000000000000000e+03,4.616000000000000000e+03,4.889000000000000000e+03,6.694800000000000000e+04
5.000000000000000000e-01,6.250000000000000000e-01,0.000000000000000000e+00,8.750000000000000000e-01,1.250000000000000000e-01,1.000000000000000000e+00,0.000000000000000000e+00,3.750000000000000000e-01,1.000000000000000056e-01,1.019200000000000000e+04,3.419000000000000000e+03,4.333000000000000000e+03,6.420000000000000000e+02,5.815000000000000000e+03,3.112000000000000000e+03,2.084000000000000000e+03,4.410000000000000000e+03,4.662000000000000000e+03,6.742600000000000000e+04
5.000000000000000000e-01,6.250000000000000000e-01,0.000000000000000000e+00,8.750000000000000000e-01,1.250000000000000000e-01,1.000000000000000000e+00,0.000000000000000000e+00,3.750000000000000000e-01,1.000000000000000056e-01,1.019200000000000000e+04,3.419000000000000000e+03,4.333000000000000000e+03,6.420000000000000000e+02,5.815000000000000000e+03,3.112000000000000000e+03,2.084000000000000000e+03,4.410000000000000000e+03,4.662000000000000000e+03,6.742600000000000000e+04
5.000000000000000000e-01,1.000000000000000000e+00,5.000000000000000000e-01,0.000000000000000000e+00,6.250000000000000000e-01,3.750000000000000000e-01,0.000000000000000000e+00,1.250000000000000000e-01,1.000000000000000056e-01,2.286300000000000000e+04,6.728000000000000000e+03,9.167000000000000000e+03,1.023000000000000000e+03,1.055500000000000000e+04,4.894000000000000000e+03,5.826000000000000000e+03,1.184000000000000000e+04,1.147500000000000000e+04,1.535630000000000000e+05
5.000000000000000000e-01,1.000000000000000000e+00,5.000000000000000000e-01,0.000000000000000000e+00,6.250000000000000000e-01,3.750000000000000000e-01,0.000000000000000000e+00,1.250000000000000000e-01,1.000000000000000056e-01,2.286300000000000000e+04,6.728000000000000000e+03,9.167000000000000000e+03,1.023000000000000000e+03,1.055500000000000000e+04,4.894000000000000000e+03,5.826000000000000000e+03,1.184000000000000000e+04,1.147500000000000000e+04,1.535630000000000000e+05
0.000000000000000000e+00,1.000000000000000000e+00,0.000000000000000000e+00,5.000000000000000000e-01,6.250000000000000000e-01,3.750000000000000000e-01,0.000000000000000000e+00,0.000000000000000000e+00,1.000000000000000056e-01,1.074500000000000000e+04,2.780000000000000000e+03,4.518000000000000000e+03,9.790000000000000000e+02,5.760000000000000000e+03,2.525000000000000000e+03,2.604000000000000000e+03,4.917000000000000000e+03,5.794000000000000000e+03,6.431600000000000000e+04
0.000000000000000000e+00,1.000000000000000000e+00,0.000000000000000000e+00,5.000000000000000000e-01,6.250000000000000000e-01,3.750000000000000000e-01,0.000000000000000000e+00,0.000000000000000000e+00,1.000000000000000056e-01,1.074500000000000000e+04,2.780000000000000000e+03,4.518000000000000000e+03,9.790000000000000000e+02,5.760000000000000000e+03,2.525000000000000000e+03,2.604000000000000000e+03,4.917000000000000000e+03,5.794000000000000000e+03,6.431600000000000000e+04
0.000000000000000000e+00,5.000000000000000000e-01,5.000000000000000000e-01,0.000000000000000000e+00,6.250000000000000000e-01,3.750000000000000000e-01,2.500000000000000000e+00,5.000000000000000000e-01,1.000000000000000056e-01,1.112900000000000000e+04,2.582000000000000000e+03,3.998000000000000000e+03,6.030000000000000000e+02,6.360000000000000000e+03,3.070000000000000000e+03,2.155000000000000000e+03,4.650000000000000000e+03,4.855000000000000000e+03,6.693600000000000000e+04
0.000000000000000000e+00,5.000000000000000000e-01,5.000000000000000000e-01,0.000000000000000000e+00,6.250000000000000000e-01,3.750000000000000000e-01,2.500000000000000000e+00,5.000000000000000000e-01,1.000000000000000056e-01,1.112900000000000000e+04,2.582000000000000000e+03,3.998000000000000000e+03,6.030000000000000000e+02,6.360000000000000000e+03,3.070000000000000000e+03,2.155000000000000000e+03,4.650000000000000000e+03,4.855000000000000000e+03,6.693600000000000000e+04
5.000000000000000000e-01,0.000000000000000000e+00,0.000000000000000000e+00,5.000000000000000000e-01,0.000000000000000000e+00,5.000000000000000000e-01,2.500000000000000000e+00,1.250000000000000000e-01,1.000000000000000056e-01,1.270400000000000000e+04,3.687000000000000000e+03,5.447000000000000000e+03,1.544000000000000000e+03,7.964000000000000000e+03,3.032000000000000000e+03,5.071000000000000000e+03,5.459000000000000000e+03,6.694000000000000000e+03,1.123190000000000000e+05
5.000000000000000000e-01,0.000000000000000000e+00,0.000000000000000000e+00,5.000000000000000000e-01,0.000000000000000000e+00,5.000000000000000000e-01,2.500000000000000000e+00,1.250000000000000000e-01,1.000000000000000056e-01,1.270400000000000000e+04,3.687000000000000000e+03,5.447000000000000000e+03,1.544000000000000000e+03,7.964000000000000000e+03,3.032000000000000000e+03,5.071000000000000000e+03,5.459000000000000000e+03,6.694000000000000000e+03,1.123190000000000000e+05
0.000000000000000000e+00,1.000000000000000000e+00,5.000000000000000000e-01,3.750000000000000000e-01,6.250000000000000000e-01,3.750000000000000000e-01,3.000000000000000000e+00,5.000000000000000000e-01,1.000000000000000056e-01,1.120300000000000000e+04,2.501000000000000000e+03,4.991000000000000000e+03,8.040000000000000000e+02,5.683000000000000000e+03,2.159000000000000000e+03,3.274000000000000000e+03,4.439000000000000000e+03,4.923000000000000000e+03,6.553700000000000000e+04
0.000000000000000000e+00,1.000000000000000000e+00,5.000000000000000000e-01,3.750000000000000000e-01,6.250000000000000000e-01,3.750000000000000000e-01,3.000000000000000000e+00,5.000000000000000000e-01,1.000000000000000056e-01,1.120300000000000000e+04,2.501000000000000000e+03,4.991000000000000000e+03,8.040000000000000000e+02,5.683000000000000000e+03,2.159000000000000000e+03,3.274000000000000000e+03,4.439000000000000000e+03,4.923000000000000000e+03,6.553700000000000000e+04
0.000000000000000000e+00,1.250000000000000000e-01,5.000000000000000000e-01,0.000000000000000000e+00,5.000000000000000000e-01,0.000000000000000000e+00,0.000000000000000000e+00,3.750000000000000000e-01,1.000000000000000056e-01,1.685900000000000000e+04,7.083000000000000000e+03,8.177000000000000000e+03,7.510000000000000000e+02,9.629000000000000000e+03,9.948000000000000000e+03,5.081000000000000000e+03,1.188100000000000000e+04,1.142200000000000000e+04,1.588590000000000000e+05
0.000000000000000000e+00,1.250000000000000000e-01,5.000000000000000000e-01,0.000000000000000000e+00,5.000000000000000000e-01,0.000000000000000000e+00,0.000000000000000000e+00,3.750000000000000000e-01,1.000000000000000056e-01,1.685900000000000000e+04,7.083000000000000000e+03,8.177000000000000000e+03,7.510000000000000000e+02,9.629000000000000000e+03,9.948000000000000000e+03,5.081000000000000000e+03,1.188100000000000000e+04,1.142200000000000000e+04,1.588590000000000000e+05
0.000000000000000000e+00,1.000000000000000000e+00,5.000000000000000000e-01,3.750000000000000000e-01,6.250000000000000000e-01,3.750000000000000000e-01,3.000000000000000000e+00,6.250000000000000000e-01,1.000000000000000056e-01,1.134700000000000000e+04,2.416000000000000000e+03,4.882000000000000000e+03,7.900000000000000000e+02,5.707000000000000000e+03,2.206000000000000000e+03,3.252000000000000000e+03,4.550000000000000000e+03,5.004000000000000000e+03,6.538100000000000000e+04
0.000000000000000000e+00,1.000000000000000000e+00,5.000000000000000000e-01,3.750000000000000000e-01,6.250000000000000000e-01,3.750000000000000000e-01,3.000000000000000000e+00,6.250000000000000000e-01,1.000000000000000056e-01,1.134700000000000000e+04,2.416000000000000000e+03,4.882000000000000000e+03,7.900000000000000000e+02,5.707000000000000000e+03,2.206000000000000000e+03,3.252000000000000000e+03,4.550000000000000000e+03,5.004000000000000000e+03,6.538100000000000000e+04
5.000000000000000000e-01,3.750000000000000000e-01,0.000000000000000000e+00,5.000000000000000000e-01,5.000000000000000000e-01,3.750000000000000000e-01,2.500000000000000000e+00,3.750000000000000000e-01,1.000000000000000056e-01,1.097600000000000000e+04,3.324000000000000000e+03,3.974000000000000000e+03,9.390000000000000000e+02,5.972000000000000000e+03,2.826000000000000000e+03,2.320000000000000000e+03,4.238000000000000000e+03,4.944000000000000000e+03,6.662200000000000000e+04
5.000000000000000000e-01,3.750000000000000000e-01,0.000000000000000000e+00,5.000000000000000000e-01,5.000000000000000000e-01,3.750000000000000000e-01,2.500000000000000000e+00,3.750000000000000000e-01,1.000000000000000056e-01,1.097600000000000000e+04,3.324000000000000000e+03,3.974000000000000000e+03,9.390000000000000000e+02,5.972000000000000000e+03,2.826000000000000000e+03,2.320000000000000000e+03,4.238000000000000000e+03,4.944000000000000000e+03,6.662200000000000000e+04
5.000000000000000000e-01,0.000000000000000000e+00,5.000000000000000000e-01,6.250000000000000000e-01,5.000000000000000000e-01,0.000000000000000000e+00,2.500000000000000000e+00,3.750000000000000000e-01,1.000000000000000056e-01,1.188800000000000000e+04,2.348000000000000000e+03,3.631000000000000000e+03,4.700000000000000000e+02,5.850000000000000000e+03,3.150000000000000000e+03,3.510000000000000000e+03,4.029000000000000000e+03,5.233000000000000000e+03,6.664100000000000000e+04
5.000000000000000000e-01,0.000000000000000000e+00,5.000000000000000000e-01,6.250000000000000000e-01,5.000000000000000000e-01,0.000000000000000000e+00,2.500000000000000000e+00,3.750000000000000000e-01,1.000000000000000056e-01,1.188800000000000000e+04,2.348000000000000000e+03,3.631000000000000000e+03,4.700000000000000000e+02,5.850000000000000000e+03,3.150000000000000000e+03,3.510000000000000000e+03,4.029000000000000000e+03,5.233000000000000000e+03,6.664100000000000000e+04
5.000000000000000000e-01,0.000000000000000000e+00,5.000000000000000000e-01,0.000000000000000000e+00,5.000000000000000000e-01,6.250000000000000000e-01,2.500000000000000000e+00,2.500000000000000000e-01,1.000000000000000056e-01,4.506600000000000000e+04,9.819000000000000000e+03,1.159600000000000000e+04,5.754000000000000000e+03,1.167000000000000000e+04,1.485700000000000000e+04,4.784000000000000000e+03,1.763100000000000000e+04,1.287500000000000000e+04,4.195900000000000000e+04
5.000000000000000000e-01,0.000000000000000000e+00,5.000000000000000000e-01,0.000000000000000000e+00,5.000000000000000000e-01,6.250000000000000000e-01,2.500000000000000000e+00,2.500000000000000000e-01,1.000000000000000056e-01,4.506600000000000000e+04,9.819000000000000000e+03,1.159600000000000000e+04,5.754000000000000000e+03,1.167000000000000000e+04,1.485700000000000000e+04,4.784000000000000000e+03,1.763100000000000000e+04,1.287500000000000000e+04,4.195900000000000000e+04
0.000000000000000000e+00,1.000000000000000000e+00,0.000000000000000000e+00,1.000000000000000000e+00,0.000000000000000000e+00,1.000000000000000000e+00,0.000000000000000000e+00,6.250000000000000000e-01,1.000000000000000056e-01,6.469000000000000000e+03,1.354000000000000000e+03,6.823000000000000000e+03,3.580000000000000000e+02,1.001300000000000000e+04,1.862000000000000000e+03,2.664000000000000000e+03,1.052800000000000000e+04,9.323000000000000000e+03,5.727400000000000000e+04
0.000000000000000000e+00,1.000000000000000000e+00,0.000000000000000000e+00,1.000000000000000000e+00,0.000000000000000000e+00,1.000000000000000000e+00,0.000000000000000000e+00,6.250000000000000000e-01,1.000000000000000056e-01,6.469000000000000000e+03,1.354000000000000000e+03,6.823000000000000000e+03,3.580000000000000000e+02,1.001300000000000000e+04,1.862000000000000000e+03,2.664000000000000000e+03,1.052800000000000000e+04,9.323000000000000000e+03,5.727400000000000000e+04
0.000000000000000000e+00,5.000000000000000000e-01,5.000000000000000000e-01,0.000000000000000000e+00,6.250000000000000000e-01,3.750000000000000000e-01,2.500000000000000000e+00,3.750000000000000000e-01,1.000000000000000056e-01,1.112600000000000000e+04,2.581000000000000000e+03,3.983000000000000000e+03,5.740000000000000000e+02,6.333000000000000000e+03,2.991000000000000000e+03,2.205000000000000000e+03,4.585000000000000000e+03,4.893000000000000000e+03,6.704700000000000000e+04
0.000000000000000000e+00,5.000000000000000000e-01,5.000000000000000000e-01,0.000000000000000000e+00,6.250000000000000000e-01,3.750000000000000000e-01,2.500000000000000000e+00,3.750000000000000000e-01,1.000000000000000056e-01,1.112600000000000000e+04,2.581000000000000000e+03,3.983000000000000000e+03,5.740000000000000000e+02,6.333000000000000000e+03,2.991000000000000000e+03,2.205000000000000000e+03,4.585000000000000000e+03,4.893000000000000000e+03,6.704700000000000000e+04
0.000000000000000000e+00,1.000000000000000000e+00,5.000000000000000000e-01,3.750000000000000000e-01,6.250000000000000000e-01,3.750000000000000000e-01,2.500000000000000000e+00,1.250000000000000000e-01,1.000000000000000056e-01,1.131200000000000000e+04,2.544000000000000000e+03,5.091000000000000000e+03,7.980000000000000000e+02,5.880000000000000000e+03,2.065000000000000000e+03,3.227000000000000000e+03,4.461000000000000000e+03,5.049000000000000000e+03,6.503500000000000000e+04
0.000000000000000000e+00,1.000000000000000000e+00,5.000000000000000000e-01,3.750000000000000000e-01,6.250000000000000000e-01,3.750000000000000000e-01,2.500000000000000000e+00,1.250000000000000000e-01,1.000000000000000056e-01,1.131200000000000000e+04,2.544000000000000000e+03,5.091000000000000000e+03,7.980000000000000000e+02,5.880000000000000000e+03,2.065000000000000000e+03,3.227000000000000000e+03,4.461000000000000000e+03,5.049000000000000000e+03,6.503500000000000000e+04
5.000000000000000000e-01,6.250000000000000000e-01,0.000000000000000000e+00,1.000000000000000000e+00,5.000000000000000000e-01,6.250000000000000000e-01,5.000000000000000000e-01,3.750000000000000000e-01,1.000000000000000056e-01,8.148000000000000000e+03,2.290000000000000000e+03,5.749000000000000000e+03,1.930000000000000000e+02,5.298000000000000000e+03,1.285000000000000000e+03,2.258000000000000000e+03,3.875000000000000000e+03,4.475000000000000000e+03,7.310100000000000000e+04
5.000000000000000000e-01,6.250000000000000000e-01,0.000000000000000000e+00,1.000000000000000000e+00,5.000000000000000000e-01,6.250000000000000000e-01,5.000000000000000000e-01,3.750000000000000000e-01,1.000000000000000056e-01,8.148000000000000000e+03,2.290000000000000000e+03,5.749000000000000000e+03,1.930000000000000000e+02,5.298000000000000000e+03,1.285000000000000000e+03,2.258000000000000000e+03,3.875000000000000000e+03,4.475000000000000000e+03,7.310100000000000000e+04
5.000000000000000000e-01,0.000000000000000000e+00,5.000000000000000000e-01,6.250000000000000000e-01,5.000000000000000000e-01,3.750000000000000000e-01,2.500000000000000000e+00,2.500000000000000000e-01,1.000000000000000056e-01,3.496900000000000000e+04,7.018000000000000000e+03,9.333000000000000000e+03,1.547000000000000000e+03,1.341900000000000000e+04,7.266000000000000000e+03,5.719000000000000000e+03,9.548000000000000000e+03,1.022600000000000000e+04,1.395660000000000000e+05
5.000000000000000000e-01,0.000000000000000000e+00,5.000000000000000000e-01,6.250000000000000000e-01,5.000000000000000000e-01,3.750000000000000000e-01,2.500000000000000000e+00,2.500000000000000000e-01,1.000000000000000056e-01,3.496900000000000000e+04,7.018000000000000000e+03,9.333000000000000000e+03,1.547000000000000000e+03,1.341900000000000000e+04,7.266000000000000000e+03,5.719000000000000000e+03,9.548000000000000000e+03,1.022600000000000000e+04,1.395660000000000000e+05
5.000000000000000000e-01,6.250000000000000000e-01,0.000000000000000000e+00,8.750000000000000000e-01,1.250000000000000000e-01,1.000000000000000000e+00,0.000000000000000000e+00,3.750000000000000000e-01,1.000000000000000056e-01,1.007100000000000000e+04,3.381000000000000000e+03,4.301000000000000000e+03,6.730000000000000000e+02,5.793000000000000000e+03,3.036000000000000000e+03,2.085000000000000000e+03,4.421000000000000000e+03,4.665000000000000000e+03,6.772100000000000000e+04
5.000000000000000000e-01,6.250000000000000000e-01,0.000000000000000000e+00,8.750000000000000000e-01,1.250000000000000000e-01,1.000000000000000000e+00,0.000000000000000000e+00,3.750000000000000000e-01,1.000000000000000056e-01,1.007100000000000000e+04,3.381000000000000000e+03,4.301000000000000000e+03,6.730000000000000000e+02,5.793000000000000000e+03,3.036000000000000000e+03,2.085000000000000000e+03,4.421000000000000000e+03,4.665000000000000000e+03,6.772100000000000000e+04
5.000000000000000000e-01,1.000000000000000000e+00,5.000000000000000000e-01,0.000000000000000000e+00,5.000000000000000000e-01,3.750000000000000000e-01,0.000000000000000000e+00,0.000000000000000000e+00,5.000000000000000000e-01,9.016000000000000000e+03,2.795000000000000000e+03,3.925000000000000000e+03,2.044000000000000000e+03,6.399000000000000000e+03,3.168000000000000000e+03,2.759000000000000000e+03,4.347000000000000000e+03,3.507000000000000000e+03,2.838600000000000000e+04
5.000000000000000000e-01,1.000000000000000000e+00,5.000000000000000000e-01,0.000000000000000000e+00,5.000000000000000000e-01,3.750000000000000000e-01,0.000000000000000000e+00,0.000000000000000000e+00,5.000000000000000000e-01,9.016000000000000000e+03,2.795000000000000000e+03,3.925000000000000000e+03,2.044000000000000000e+03,6.399000000000000000e+03,3.168000000000000000e+03,2.759000000000000000e+03,4.347000000000000000e+03,3.507000000000000000e+03,2.838600000000000000e+04
5.000000000000000000e-01,1.000000000000000000e+00,5.000000000000000000e-01,0.000000000000000000e+00,0.000000000000000000e+00,1.000000000000000000e+00,2.500000000000000000e+00,3.750000000000000000e-01,1.000000000000000056e-01,3.353900000000000000e+04,5.071000000000000000e+03,1.067300000000000000e+04,6.750000000000000000e+02,1.508800000000000000e+04,8.145000000000000000e+03,8.074000000000000000e+03,1.750100000000000000e+04,1.682700000000000000e+04,5.507010000000000000e+05
5.000000000000000000e-01,1.000000000000000000e+00,5.000000000000000000e-01,0.000000000000000000e+00,0.000000000000000000e+00,1.000000000000000000e+00,2.500000000000000000e+00,3.750000000000000000e-01,1.000000000000000056e-01,3.353900000000000000e+04,5.071000000000000000e+03,1.067300000000000000e+04,6.750000000000000000e+02,1.508800000000000000e+04,8.145000000000000000e+03,8.074000000000000000e+03,1.750100000000000000e+04,1.682700000000000000e+04,5.507010000000000000e+05
5.000000000000000000e-01,0.000000000000000000e+00,0.000000000000000000e+00,1.000000000000000000e+00,5.000000000000000000e-01,0.000000000000000000e+00,2.500000000000000000e+00,5.000000000000000000e-01,1.000000000000000056e-01,1.160000000000000000e+04,2.990000000000000000e+03,4.385000000000000000e+03,8.140000000000000000e+02,7.068000000000000000e+03,3.156000000000000000e+03,3.997000000000000000e+03,5.247000000000000000e+03,6.676000000000000000e+03,1.199220000000000000e+05
5.000000000000000000e-01,0.000000000000000000e+00,0.000000000000000000e+00,1.000000000000000000e+00,5.000000000000000000e-01,0.000000000000000000e+00,2.500000000000000000e+00,5.000000000000000000e-01,1.000000000000000056e-01,1.160000000000000000e+04,2.990000000000000000e+03,4.385000000000000000e+03,8.140000000000000000e+02,7.068000000000000000e+03,3.156000000000000000e+03,3.997000000000000000e+03,5.247000000000000000e+03,6.676000000000000000e+03,1.199220000000000000e+05
0.000000000000000000e+00,1.000000000000000000e+00,0.000000000000000000e+00,5.000000000000000000e-01,0.000000000000000000e+00,1.000000000000000000e+00,2.500000000000000000e+00,2.500000000000000000e-01,1.000000000000000056e-01,4.859600000000000000e+04,1.351100000000000000e+04,2.919700000000000000e+04,1.138900000000000000e+04,2.512100000000000000e+04,1.337100000000000000e+04,1.216800000000000000e+04,3.358400000000000000e+04,3.601800000000000000e+04,4.403490000000000000e+05
0.000000000000000000e+00,1.000000000000000000e+00,0.000000000000000000e+00,5.000000000000000000e-01,0.000000000000000000e+00,1.000000000000000000e+00,2.500000000000000000e+00,2.500000000000000000e-01,1.000000000000000056e-01,4.859600000000000000e+04,1.351100000000000000e+04,2.919700000000000000e+04,1.138900000000000000e+04,2.512100000000000000e+04,1.337100000000000000e+04,1.216800000000000000e+04,3.358400000000000000e+04,3.601800000000000000e+04,4.403490000000000000e+05
1.000000000000000000e+00,5.000000000000000000e-01,0.000000000000000000e+00,1.250000000000000000e-01,0.000000000000000000e+00,1.000000000000000000e+00,0.000000000000000000e+00,5.000000000000000000e-01,1.000000000000000056e-01,5.489900000000000000e+04,1.476500000000000000e+04,2.429000000000000000e+04,6.526000000000000000e+03,2.804000000000000000e+04,3.038400000000000000e+04,1.417100000000000000e+04,3.835600000000000000e+04,2.753600000000000000e+04,4.153400000000000000e+05
1.000000000000000000e+00,5.000000000000000000e-01,0.000000000000000000e+00,1.250000000000000000e-01,0.000000000000000000e+00,1.000000000000000000e+00,0.000000000000000000e+00,5.000000000000000000e-01,1.000000000000000056e-01,5.489900000000000000e+04,1.476500000000000000e+04,2.429000000000000000e+04,6.526000000000000000e+03,2.804000000000000000e+04,3.038400000000000000e+04,1.417100000000000000e+04,3.835600000000000000e+04,2.753600000000000000e+04,4.153400000000000000e+05
5.000000000000000000e-01,0.000000000000000000e+00,0.000000000000000000e+00,1.000000000000000000e+00,0.000000000000000000e+00,1.000000000000000000e+00,0.000000000000000000e+00,3.750000000000000000e-01,2.000000000000000111e-01,4.558900000000000000e+04,1.584100000000000000e+04,2.127200000000000000e+04,6.020000000000000000e+03,2.386200000000000000e+04,1.148800000000000000e+04,1.389600000000000000e+04,1.937700000000000000e+04,2.297600000000000000e+04,4.785870000000000000e+05
5.000000000000000000e-01,0.000000000000000000e+00,0.000000000000000000e+00,1.000000000000000000e+00,0.000000000000000000e+00,1.000000000000000000e+00,0.000000000000000000e+00,3.750000000000000000e-01,2.000000000000000111e-01,4.558900000000000000e+04,1.584100000000000000e+04,2.127200000000000000e+04,6.020000000000000000e+03,2.386200000000000000e+04,1.148800000000000000e+04,1.389600000000000000e+04,1.937700000000000000e+04,2.297600000000000000e+04,4.785870000000000000e+05
5.000000000000000000e-01,1.000000000000000000e+00,5.000000000000000000e-01,0.000000000000000000e+00,5.000000000000000000e-01,3.750000000000000000e-01,0.000000000000000000e+00,1.250000000000000000e-01,1.000000000000000056e-01,8.620000000000000000e+03,1.666000000000000000e+03,2.618000000000000000e+03,4.720000000000000000e+02,1.890000000000000000e+03,3.005000000000000000e+03,7.610000000000000000e+02,1.589000000000000000e+03,8.390000000000000000e+02,4.564000000000000000e+03
5.000000000000000000e-01,1.000000000000000000e+00,5.000000000000000000e-01,0.000000000000000000e+00,5.000000000000000000e-01,3.750000000000000000e-01,0.000000000000000000e+00,1.250000000000000000e-01,1.000000000000000056e-01,8.620000000000000000e+03,1.666000000000000000e+03,2.618000000000000000e+03,4.720000000000000000e+02,1.890000000000000000e+03,3.005000000000000000e+03,7.610000000000000000e+02,1.589000000000000000e+03,8.390000000000000000e+02,4.564000000000000000e+03
5.000000000000000000e-01,1.000000000000000000e+00,5.000000000000000000e-01,0.000000000000000000e+00,5.000000000000000000e-01,3.750000000000000000e-01,0.000000000000000000e+00,1.250000000000000000e-01,1.000000000000000056e-01,8.620000000000000000e+03,1.666000000000000000e+03,2.618000000000000000e+03,4.720000000000000000e+02,1.890000000000000000e+03,3.005000000000000000e+03,7.610000000000000000e+02,1.589000000000000000e+03,8.390000000000000000e+02,4.564000000000000000e+03
5.000000000000000000e-01,1.000000000000000000e+00,5.000000000000000000e-01,0.000000000000000000e+00,5.000000000000000000e-01,3.750000000000000000e-01,0.000000000000000000e+00,1.250000000000000000e-01,1.000000000000000056e-01,8.620000000000000000e+03,1.666000000000000000e+03,2.618000000000000000e+03,4.720000000000000000e+02,1.890000000000000000e+03,3.005000000000000000e+03,7.610000000000000000e+02,1.589000000000000000e+03,8.390000000000000000e+02,4.564000000000000000e+03
5.000000000000000000e-01,0.000000000000000000e+00,1.000000000000000000e+00,0.000000000000000000e+00,5.000000000000000000e-01,3.750000000000000000e-01,2.500000000000000000e+00,0.000000000000000000e+00,1.000000000000000056e-01,5.206400000000000000e+04,1.734900000000000000e+04,2.007300000000000000e+04,3.922000000000000000e+03,2.512100000000000000e+04,9.253000000000000000e+03,1.112000000000000000e+04,1.933500000000000000e+04,1.941300000000000000e+04,4.819130000000000000e+05
5.000000000000000000e-01,0.000000000000000000e+00,1.000000000000000000e+00,0.000000000000000000e+00,5.000000000000000000e-01,3.750000000000000000e-01,2.500000000000000000e+00,0.000000000000000000e+00,1.000000000000000056e-01,5.206400000000000000e+04,1.734900000000000000e+04,2.007300000000000000e+04,3.922000000000000000e+03,2.512100000000000000e+04,9.253000000000000000e+03,1.112000000000000000e+04,1.933500000000000000e+04,1.941300000000000000e+04,4.819130000000000000e+05
0.000000000000000000e+00,5.000000000000000000e-01,5.000000000000000000e-01,3.750000000000000000e-01,0.000000000000000000e+00,5.000000000000000000e-01,2.500000000000000000e+00,5.000000000000000000e-01,2.000000000000000111e-01,3.534900000000000000e+04,9.562000000000000000e+03,1.206000000000000000e+04,2.389000000000000000e+03,1.858100000000000000e+04,1.038500000000000000e+04,8.951000000000000000e+03,1.320700000000000000e+04,1.670100000000000000e+04,2.958850000000000000e+05
0.000000000000000000e+00,5.000000000000000000e-01,5.000000000000000000e-01,3.750000000000000000e-01,0.000000000000000000e+00,5.000000000000000000e-01,2.500000000000000000e+00,5.000000000000000000e-01,2.000000000000000111e-01,3.534900000000000000e+04,9.562000000000000000e+03,1.206000000000000000e+04,2.389000000000000000e+03,1.858100000000000000e+04,1.038500000000000000e+04,8.951000000000000000e+03,1.320700000000000000e+04,1.670100000000000000e+04,2.958850000000000000e+05
0.000000000000000000e+00,5.000000000000000000e-01,5.000000000000000000e-01,0.000000000000000000e+00,0.000000000000000000e+00,1.000000000000000000e+00,2.500000000000000000e+00,3.750000000000000000e-01,1.000000000000000056e-01,4.443900000000000000e+04,1.356400000000000000e+04,1.939800000000000000e+04,6.471000000000000000e+03,2.767200000000000000e+04,1.222800000000000000e+04,1.475700000000000000e+04,2.370200000000000000e+04,2.288300000000000000e+04,4.718980000000000000e+05
0.000000000000000000e+00,5.000000000000000000e-01,5.000000000000000000e-01,0.000000000000000000e+00,0.000000000000000000e+00,1.000000000000000000e+00,2.500000000000000000e+00,3.750000000000000000e-01,1.000000000000000056e-01,4.443900000000000000e+04,1.356400000000000000e+04,1.939800000000000000e+04,6.471000000000000000e+03,2.767200000000000000e+04,1.222800000000000000e+04,1.475700000000000000e+04,2.370200000000000000e+04,2.288300000000000000e+04,4.718980000000000000e+05
5.000000000000000000e-01,1.000000000000000000e+00,5.000000000000000000e-01,0.000000000000000000e+00,0.000000000000000000e+00,1.000000000000000000e+00,3.000000000000000000e+00,3.750000000000000000e-01,1.000000000000000056e-01,7.222700000000000000e+04,2.263800000000000000e+04,3.236500000000000000e+04,1.084600000000000000e+04,4.194200000000000000e+04,3.027600000000000000e+04,1.946900000000000000e+04,4.379300000000000000e+04,3.635200000000000000e+04,3.364650000000000000e+05
5.000000000000000000e-01,1.000000000000000000e+00,5.000000000000000000e-01,0.000000000000000000e+00,0.000000000000000000e+00,1.000000000000000000e+00,3.000000000000000000e+00,3.750000000000000000e-01,1.000000000000000056e-01,7.222700000000000000e+04,2.263800000000000000e+04,3.236500000000000000e+04,1.084600000000000000e+04,4.194200000000000000e+04,3.027600000000000000e+04,1.946900000000000000e+04,4.379300000000000000e+04,3.635200000000000000e+04,3.364650000000000000e+05
1.000000000000000000e+00,0.000000000000000000e+00,0.000000000000000000e+00,1.000000000000000000e+00,1.000000000000000000e+00,0.000000000000000000e+00,2.500000000000000000e+00,5.000000000000000000e-01,1.000000000000000056e-01,4.871100000000000000e+04,1.307300000000000000e+04,1.777300000000000000e+04,5.903000000000000000e+03,2.344100000000000000e+04,1.406500000000000000e+04,1.281400000000000000e+04,2.722600000000000000e+04,2.280400000000000000e+04,4.731230000000000000e+05
1.000000000000000000e+00,0.000000000000000000e+00,0.000000000000000000e+00,1.000000000000000000e+00,1.000000000000000000e+00,0.000000000000000000e+00,2.500000000000000000e+00,5.000000000000000000e-01,1.000000000000000056e-01,4.871100000000000000e+04,1.307300000000000000e+04,1.777300000000000000e+04,5.903000000000000000e+03,2.344100000000000000e+04,1.406500000000000000e+04,1.281400000000000000e+04,2.722600000000000000e+04,2.280400000000000000e+04,4.731230000000000000e+05
5.000000000000000000e-01,1.000000000000000000e+00,0.000000000000000000e+00,5.000000000000000000e-01,0.000000000000000000e+00,1.000000000000000000e+00,2.500000000000000000e+00,2.500000000000000000e-01,2.000000000000000111e-01,4.369000000000000000e+03,9.740000000000000000e+02,2.593000000000000000e+03,1.150000000000000000e+03,2.337000000000000000e+03,1.508000000000000000e+03,7.560000000000000000e+02,3.034000000000000000e+03,1.863000000000000000e+03,9.364000000000000000e+03
5.000000000000000000e-01,1.000000000000000000e+00,0.000000000000000000e+00,5.000000000000000000e-01,0.000000000000000000e+00,1.000000000000000000e+00,2.500000000000000000e+00,2.500000000000000000e-01,2.000000000000000111e-01,4.369000000000000000e+03,9.740000000000000000e+02,2.593000000000000000e+03,1.150000000000000000e+03,2.337000000000000000e+03,1.508000000000000000e+03,7.560000000000000000e+02,3.034000000000000000e+03,1.863000000000000000e+03,9.364000000000000000e+03
0.000000000000000000e+00,1.000000000000000000e+00,5.000000000000000000e-01,0.000000000000000000e+00,5.000000000000000000e-01,6.250000000000000000e-01,2.500000000000000000e+00,2.500000000000000000e-01,1.000000000000000056e-01,9.312000000000000000e+03,2.675000000000000000e+03,4.455000000000000000e+03,7.670000000000000000e+02,7.419000000000000000e+03,3.586000000000000000e+03,4.507000000000000000e+03,7.410000000000000000e+03,8.758000000000000000e+03,1.178320000000000000e+05
0.000000000000000000e+00,1.000000000000000000e+00,5.000000000000000000e-01,0.000000000000000000e+00,5.000000000000000000e-01,6.250000000000000000e-01,2.500000000000000000e+00,2.500000000000000000e-01,1.000000000000000056e-01,9.312000000000000000e+03,2.675000000000000000e+03,4.455000000000000000e+03,7.670000000000000000e+02,7.419000000000000000e+03,3.586000000000000000e+03,4.507000000000000000e+03,7.410000000000000000e+03,8.758000000000000000e+03,1.178320000000000000e+05
1.000000000000000000e+00,5.000000000000000000e-01,0.000000000000000000e+00,5.000000000000000000e-01,5.000000000000000000e-01,0.000000000000000000e+00,2.500000000000000000e+00,2.500000000000000000e-01,1.000000000000000056e-01,6.647900000000000000e+04,1.591800000000000000e+04,2.302400000000000000e+04,7.794000000000000000e+03,3.156000000000000000e+04,2.178400000000000000e+04,1.816400000000000000e+04,2.552400000000000000e+04,2.611700000000000000e+04,8.344190000000000000e+05
1.000000000000000000e+00,5.000000000000000000e-01,0.000000000000000000e+00,5.000000000000000000e-01,5.000000000000000000e-01,0.000000000000000000e+00,2.500000000000000000e+00,2.500000000000000000e-01,1.000000000000000056e-01,6.647900000000000000e+04,1.591800000000000000e+04,2.302400000000000000e+04,7.794000000000000000e+03,3.156000000000000000e+04,2.178400000000000000e+04,1.816400000000000000e+04,2.552400000000000000e+04,2.611700000000000000e+04,8.344190000000000000e+05
5.000000000000000000e-01,6.250000000000000000e-01,5.000000000000000000e-01,6.250000000000000000e-01,5.000000000000000000e-01,6.250000000000000000e-01,3.000000000000000000e+00,2.500000000000000000e-01,1.000000000000000056e-01,1.738800000000000000e+04,4.231000000000000000e+03,6.420000000000000000e+03,2.031000000000000000e+03,9.499000000000000000e+03,6.039000000000000000e+03,1.048000000000000000e+03,4.866000000000000000e+03,3.346000000000000000e+03,1.626900000000000000e+04
5.000000000000000000e-01,6.250000000000000000e-01,5.000000000000000000e-01,6.250000000000000000e-01,5.000000000000000000e-01,6.250000000000000000e-01,3.000000000000000000e+00,2.500000000000000000e-01,1.000000000000000056e-01,1.738800000000000000e+04,4.231000000000000000e+03,6.420000000000000000e+03,2.031000000000000000e+03,9.499000000000000000e+03,6.039000000000000000e+03,1.048000000000000000e+03,4.866000000000000000e+03,3.346000000000000000e+03,1.626900000000000000e+04
0.000000000000000000e+00,5.000000000000000000e-01,0.000000000000000000e+00,1.000000000000000000e+00,0.000000000000000000e+00,1.000000000000000000e+00,0.000000000000000000e+00,5.000000000000000000e-01,1.000000000000000056e-01,1.541900000000000000e+04,5.181000000000000000e+03,7.794000000000000000e+03,1.157000000000000000e+03,9.654000000000000000e+03,5.457000000000000000e+03,4.387000000000000000e+03,8.043000000000000000e+03,7.163000000000000000e+03,1.751850000000000000e+05
0.000000000000000000e+00,5.000000000000000000e-01,0.000000000000000000e+00,1.000000000000000000e+00,0.000000000000000000e+00,1.000000000000000000e+00,0.000000000000000000e+00,5.000000000000000000e-01,1.000000000000000056e-01,1.541900000000000000e+04,5.181000000000000000e+03,7.794000000000000000e+03,1.157000000000000000e+03,9.654000000000000000e+03,5.457000000000000000e+03,4.387000000000000000e+03,8.043000000000000000e+03,7.163000000000000000e+03,1.751850000000000000e+05
5.000000000000000000e-01,0.000000000000000000e+00,5.000000000000000000e-01,0.000000000000000000e+00,5.000000000000000000e-01,0.000000000000000000e+00,2.500000000000000000e+00,3.750000000000000000e-01,1.000000000000000056e-01,1.177800000000000000e+04,1.986000000000000000e+03,4.724000000000000000e+03,4.170000000000000000e+02,6.498000000000000000e+03,3.610000000000000000e+03,4.182000000000000000e+03,4.580000000000000000e+03,5.971000000000000000e+03,1.226890000000000000e+05
5.000000000000000000e-01,0.000000000000000000e+00,5.000000000000000000e-01,0.000000000000000000e+00,5.000000000000000000e-01,0.000000000000000000e+00,2.500000000000000000e+00,3.750000000000000000e-01,1.000000000000000056e-01,1.177800000000000000e+04,1.986000000000000000e+03,4.724000000000000000e+03,4.170000000000000000e+02,6.498000000000000000e+03,3.610000000000000000e+03,4.182000000000000000e+03,4.580000000000000000e+03,5.971000000000000000e+03,1.226890000000000000e+05
0.000000000000000000e+00,1.000000000000000000e+00,5.000000000000000000e-01,1.000000000000000000e+00,5.000000000000000000e-01,0.000000000000000000e+00,0.000000000000000000e+00,0.000000000000000000e+00,1.000000000000000056e-01,1.037300000000000000e+04,2.991000000000000000e+03,4.749000000000000000e+03,7.590000000000000000e+02,5.950000000000000000e+03,4.209000000000000000e+03,4.262000000000000000e+03,8.454000000000000000e+03,1.019000000000000000e+04,1.142770000000000000e+05
0.000000000000000000e+00,1.000000000000000000e+00,5.000000000000000000e-01,1.000000000000000000e+00,5.000000000000000000e-01,0.000000000000000000e+00,0.000000000000000000e+00,0.000000000000000000e+00,1.000000000000000056e-01,1.037300000000000000e+04,2.991000000000000000e+03,4.749000000000000000e+03,7.590000000000000000e+02,5.950000000000000000e+03,4.209000000000000000e+03,4.262000000000000000e+03,8.454000000000000000e+03,1.019000000000000000e+04,1.142770000000000000e+05
0.000000000000000000e+00,1.000000000000000000e+00,5.000000000000000000e-01,0.000000000000000000e+00,5.000000000000000000e-01,6.250000000000000000e-01,2.500000000000000000e+00,2.500000000000000000e-01,1.000000000000000056e-01,9.312000000000000000e+03,2.675000000000000000e+03,4.455000000000000000e+03,7.670000000000000000e+02,7.419000000000000000e+03,3.586000000000000000e+03,4.507000000000000000e+03,7.410000000000000000e+03,8.758000000000000000e+03,1.178320000000000000e+05
0.000000000000000000e+00,1.000000000000000000e+00,5.000000000000000000e-01,0.000000000000000000e+00,5.000000000000000000e-01,6.250000000000000000e-01,2.500000000000000000e+00,2.500000000000000000e-01,1.000000000000000056e-01,9.312000000000000000e+03,2.675000000000000000e+03,4.455000000000000000e+03,7.670000000000000000e+02,7.419000000000000000e+03,3.586000000000000000e+03,4.507000000000000000e+03,7.410000000000000000e+03,8.758000000000000000e+03,1.178320000000000000e+05
0.000000000000000000e+00,1.000000000000000000e+00,5.000000000000000000e-01,3.750000000000000000e-01,5.000000000000000000e-01,6.250000000000000000e-01,2.500000000000000000e+00,1.250000000000000000e-01,1.000000000000000056e-01,1.595900000000000000e+04,2.701000000000000000e+03,4.611000000000000000e+03,2.340000000000000000e+02,6.891000000000000000e+03,2.794000000000000000e+03,3.511000000000000000e+03,5.522000000000000000e+03,8.237000000000000000e+03,1.160460000000000000e+05
0.000000000000000000e+00,1.000000000000000000e+00,5.000000000000000000e-01,3.750000000000000000e-01,5.000000000000000000e-01,6.250000000000000000e-01,2.500000000000000000e+00,1.250000000000000000e-01,1.000000000000000056e-01,1.595900000000000000e+04,2.701000000000000000e+03,4.611000000000000000e+03,2.340000000000000000e+02,6.891000000000000000e+03,2.794000000000000000e+03,3.511000000000000000e+03,5.522000000000000000e+03,8.237000000000000000e+03,1.160460000000000000e+05
0.000000000000000000e+00,5.000000000000000000e-01,5.000000000000000000e-01,0.000000000000000000e+00,3.750000000000000000e-01,0.000000000000000000e+00,2.500000000000000000e+00,2.500000000000000000e-01,1.000000000000000056e-01,1.370700000000000000e+04,2.841000000000000000e+03,5.852000000000000000e+03,8.330000000000000000e+02,1.016500000000000000e+04,3.943000000000000000e+03,4.270000000000000000e+03,7.794000000000000000e+03,1.156900000000000000e+04,1.051140000000000000e+05
0.000000000000000000e+00,5.000000000000000000e-01,5.000000000000000000e-01,0.000000000000000000e+00,3.750000000000000000e-01,0.000000000000000000e+00,2.500000000000000000e+00,2.500000000000000000e-01,1.000000000000000056e-01,1.370700000000000000e+04,2.841000000000000000e+03,5.852000000000000000e+03,8.330000000000000000e+02,1.016500000000000000e+04,3.943000000000000000e+03,4.270000000000000000e+03,7.794000000000000000e+03,1.156900000000000000e+04,1.051140000000000000e+05
0.000000000000000000e+00,1.000000000000000000e+00,0.000000000000000000e+00,1.000000000000000000e+00,5.000000000000000000e-01,0.000000000000000000e+00,0.000000000000000000e+00,2.500000000000000000e-01,1.000000000000000056e-01,7.222000000000000000e+03,1.591000000000000000e+03,4.601000000000000000e+03,7.550000000000000000e+02,6.684000000000000000e+03,2.160000000000000000e+03,4.464000000000000000e+03,5.870000000000000000e+03,7.992000000000000000e+03,1.238220000000000000e+05
0.000000000000000000e+00,1.000000000000000000e+00,0.000000000000000000e+00,1.000000000000000000e+00,5.000000000000000000e-01,0.000000000000000000e+00,0.000000000000000000e+00,2.500000000000000000e-01,1.000000000000000056e-01,7.222000000000000000e+03,1.591000000000000000e+03,4.601000000000000000e+03,7.550000000000000000e+02,6.684000000000000000e+03,2.160000000000000000e+03,4.464000000000000000e+03,5.870000000000000000e+03,7.992000000000000000e+03,1.238220000000000000e+05
5.000000000000000000e-01,0.000000000000000000e+00,1.000000000000000000e+00,0.000000000000000000e+00,1.000000000000000000e+00,0.000000000000000000e+00,2.500000000000000000e+00,1.250000000000000000e-01,1.000000000000000056e-01,1.053400000000000000e+04,1.915000000000000000e+03,4.286000000000000000e+03,8.920000000000000000e+02,8.953000000000000000e+03,2.511000000000000000e+03,3.936000000000000000e+03,7.477000000000000000e+03,9.908000000000000000e+03,1.155090000000000000e+05
5.000000000000000000e-01,0.000000000000000000e+00,1.000000000000000000e+00,0.000000000000000000e+00,1.000000000000000000e+00,0.000000000000000000e+00,2.500000000000000000e+00,1.250000000000000000e-01,1.000000000000000056e-01,1.053400000000000000e+04,1.915000000000000000e+03,4.286000000000000000e+03,8.920000000000000000e+02,8.953000000000000000e+03,2.511000000000000000e+03,3.936000000000000000e+03,7.477000000000000000e+03,9.908000000000000000e+03,1.155090000000000000e+05
