0.000000000000000000e+00,5.000000000000000000e-01,0.000000000000000000e+00,5.000000000000000000e-01,0.000000000000000000e+00,1.000000000000000000e+00,2.500000000000000000e+00,1.250000000000000000e-01,1.000000000000000056e-01,1.532900000000000000e+04,3.504000000000000000e+03,6.307000000000000000e+03,9.480000000000000000e+02,8.557000000000000000e+03,3.981000000000000000e+03,4.233000000000000000e+03,8.576000000000000000e+03,1.015900000000000000e+04,1.051880000000000000e+05,5.000000000000000000e-01,3.750000000000000000e-01,0.000000000000000000e+00,1.000000000000000000e+00,5.000000000000000000e-01,6.250000000000000000e-01,1.250000000000000000e-01,1.000000000000000056e-01,0.000000000000000000e+00,0.000000000000000000e+00,0.000000000000000000e+00,0.000000000000000000e+00,0.000000000000000000e+00,0.000000000000000000e+00,3.750000000000000000e-01,1.000000000000000056e-01,1.545300000000000000e+04,2.281000000000000000e+03,1.188800000000000000e+04,1.889000000000000000e+03,1.218300000000000000e+04,3.873000000000000000e+03,6.646000000000000000e+03,1.374600000000000000e+04,1.088900000000000000e+04,1.557650000000000000e+05
0.000000000000000000e+00,5.000000000000000000e-01,0.000000000000000000e+00,1.000000000000000000e+00,0.000000000000000000e+00,3.750000000000000000e-01,2.500000000000000000e+00,2.500000000000000000e-01,1.000000000000000056e-01,1.514500000000000000e+04,2.981000000000000000e+03,6.035000000000000000e+03,3.420000000000000000e+02,9.570000000000000000e+03,4.585000000000000000e+03,4.075000000000000000e+03,8.476000000000000000e+03,1.045900000000000000e+04,1.051070000000000000e+05,5.000000000000000000e-01,6.250000000000000000e-01,0.000000000000000000e+00,1.000000000000000000e+00,0.000000000000000000e+00,1.000000000000000000e+00,2.500000000000000000e-01,1.000000000000000056e-01,5.000000000000000000e-01,0.000000000000000000e+00,0.000000000000000000e+00,1.000000000000000000e+00,5.000000000000000000e-01,1.000000000000000000e+00,2.500000000000000000e-01,1.000000000000000056e-01,1.874100000000000000e+04,5.004000000000000000e+03,1.070100000000000000e+04,2.220000000000000000e+03,1.463800000000000000e+04,8.654000000000000000e+03,7.016000000000000000e+03,1.391200000000000000e+04,1.384800000000000000e+04,1.522750000000000000e+05
0.000000000000000000e+00,5.000000000000000000e-01,0.000000000000000000e+00,5.000000000000000000e-01,0.000000000000000000e+00,1.000000000000000000e+00,0.000000000000000000e+00,6.250000000000000000e-01,1.000000000000000056e-01,8.722000000000000000e+03,2.711000000000000000e+03,4.798000000000000000e+03,8.250000000000000000e+02,6.499000000000000000e+03,3.212000000000000000e+03,2.914000000000000000e+03,5.922000000000000000e+03,6.811000000000000000e+03,6.406200000000000000e+04,5.000000000000000000e-01,2.500000000000000000e-01,0.000000000000000000e+00,1.000000000000000000e+00,0.000000000000000000e+00,1.000000000000000000e+00,6.250000000000000000e-01,1.000000000000000056e-01,5.000000000000000000e-01,0.000000000000000000e+00,0.000000000000000000e+00,1.000000000000000000e+00,5.000000000000000000e-01,0.000000000000000000e+00,6.250000000000000000e-01,1.000000000000000056e-01,3.545800000000000000e+04,8.333000000000000000e+03,1.703100000000000000e+04,4.951000000000000000e+03,2.235800000000000000e+04,1.178200000000000000e+04,7.995000000000000000e+03,2.174800000000000000e+04,2.028400000000000000e+04,9.249200000000000000e+04
0.000000000000000000e+00,5.000000000000000000e-01,0.000000000000000000e+00,1.000000000000000000e+00,0.000000000000000000e+00,1.000000000000000000e+00,0.000000000000000000e+00,6.250000000000000000e-01,1.000000000000000056e-01,8.722000000000000000e+03,2.711000000000000000e+03,4.798000000000000000e+03,8.250000000000000000e+02,6.499000000000000000e+03,3.212000000000000000e+03,2.914000000000000000e+03,5.922000000000000000e+03,6.811000000000000000e+03,6.406200000000000000e+04,5.000000000000000000e-01,2.500000000000000000e-01,0.000000000000000000e+00,1.000000000000000000e+00,0.000000000000000000e+00,1.000000000000000000e+00,6.250000000000000000e-01,1.000000000000000056e-01,0.000000000000000000e+00,1.000000000000000000e+00,0.000000000000000000e+00,1.000000000000000000e+00,0.000000000000000000e+00,1.000000000000000000e+00,3.750000000000000000e-01,1.000000000000000056e-01,4.105000000000000000e+03,1.717000000000000000e+03,4.159000000000000000e+03,3.750000000000000000e+02,4.472000000000000000e+03,1.224000000000000000e+03,1.696000000000000000e+03,4.518000000000000000e+03,5.079000000000000000e+03,2.190800000000000000e+04
0.000000000000000000e+00,5.000000000000000000e-01,0.000000000000000000e+00,5.000000000000000000e-01,0.000000000000000000e+00,1.000000000000000000e+00,2.500000000000000000e+00,2.500000000000000000e-01,1.000000000000000056e-01,1.465700000000000000e+04,4.517000000000000000e+03,9.525000000000000000e+03,1.485000000000000000e+03,1.310200000000000000e+04,4.244000000000000000e+03,6.558000000000000000e+03,8.524000000000000000e+03,1.136500000000000000e+04,1.656510000000000000e+05,5.000000000000000000e-01,3.750000000000000000e-01,0.000000000000000000e+00,5.000000000000000000e-01,0.000000000000000000e+00,1.000000000000000000e+00,6.250000000000000000e-01,1.000000000000000056e-01,5.000000000000000000e-01,0.000000000000000000e+00,0.000000000000000000e+00,5.000000000000000000e-01,0.000000000000000000e+00,1.000000000000000000e+00,3.750000000000000000e-01,1.000000000000000056e-01,5.471500000000000000e+04,2.128700000000000000e+04,2.423000000000000000e+04,1.411700000000000000e+04,2.740200000000000000e+04,1.713900000000000000e+04,1.514800000000000000e+04,2.399500000000000000e+04,2.387700000000000000e+04,1.216120000000000000e+05
0.000000000000000000e+00,5.000000000000000000e-01,0.000000000000000000e+00,1.000000000000000000e+00,1.000000000000000000e+00,0.000000000000000000e+00,2.500000000000000000e+00,1.250000000000000000e-01,1.000000000000000056e-01,2.268300000000000000e+04,6.326000000000000000e+03,1.061400000000000000e+04,1.347000000000000000e+03,1.220400000000000000e+04,9.154000000000000000e+03,5.164000000000000000e+03,1.303800000000000000e+04,1.397600000000000000e+04,1.433610000000000000e+05,5.000000000000000000e-01,6.250000000000000000e-01,0.000000000000000000e+00,1.000000000000000000e+00,2.500000000000000000e-01,0.000000000000000000e+00,5.000000000000000000e-01,1.000000000000000056e-01,5.000000000000000000e-01,6.250000000000000000e-01,0.000000000000000000e+00,1.000000000000000000e+00,5.000000000000000000e-01,6.250000000000000000e-01,0.000000000000000000e+00,1.000000000000000056e-01,3.702300000000000000e+04,1.302100000000000000e+04,1.683300000000000000e+04,4.299000000000000000e+03,1.236100000000000000e+04,2.211500000000000000e+04,9.690000000000000000e+03,5.531300000000000000e+04,1.461400000000000000e+04,1.715520000000000000e+05
0.000000000000000000e+00,2.500000000000000000e-01,0.000000000000000000e+00,5.000000000000000000e-01,0.000000000000000000e+00,1.000000000000000000e+00,3.000000000000000000e+00,1.250000000000000000e-01,1.000000000000000056e-01,1.116400000000000000e+04,2.797000000000000000e+03,5.354000000000000000e+03,8.750000000000000000e+02,6.334000000000000000e+03,3.396000000000000000e+03,2.689000000000000000e+03,6.116000000000000000e+03,6.761000000000000000e+03,6.073100000000000000e+04,5.000000000000000000e-01,3.750000000000000000e-01,0.000000000000000000e+00,1.000000000000000000e+00,5.000000000000000000e-01,6.250000000000000000e-01,0.000000000000000000e+00,1.000000000000000056e-01,5.000000000000000000e-01,0.000000000000000000e+00,0.000000000000000000e+00,1.000000000000000000e+00,5.000000000000000000e-01,0.000000000000000000e+00,1.250000000000000000e-01,1.000000000000000056e-01,4.878500000000000000e+04,1.439100000000000000e+04,2.713500000000000000e+04,5.753000000000000000e+03,2.078700000000000000e+04,1.959200000000000000e+04,8.232000000000000000e+03,3.015900000000000000e+04,2.912400000000000000e+04,1.464510000000000000e+05
0.000000000000000000e+00,1.000000000000000000e+00,0.000000000000000000e+00,5.000000000000000000e-01,1.000000000000000000e+00,0.000000000000000000e+00,2.500000000000000000e+00,0.000000000000000000e+00,1.000000000000000056e-01,1.118300000000000000e+04,3.475000000000000000e+03,5.634000000000000000e+03,9.530000000000000000e+02,6.633000000000000000e+03,2.922000000000000000e+03,2.334000000000000000e+03,6.387000000000000000e+03,7.357000000000000000e+03,5.923200000000000000e+04,5.000000000000000000e-01,3.750000000000000000e-01,0.000000000000000000e+00,1.000000000000000000e+00,5.000000000000000000e-01,6.250000000000000000e-01,0.000000000000000000e+00,1.000000000000000056e-01,0.000000000000000000e+00,5.000000000000000000e-01,0.000000000000000000e+00,1.000000000000000000e+00,0.000000000000000000e+00,1.000000000000000000e+00,5.000000000000000000e-01,1.000000000000000056e-01,2.704200000000000000e+04,9.299000000000000000e+03,1.497300000000000000e+04,3.290000000000000000e+03,1.458000000000000000e+04,1.165500000000000000e+04,8.249000000000000000e+03,2.118100000000000000e+04,2.093600000000000000e+04,2.217550000000000000e+05
0.000000000000000000e+00,1.000000000000000000e+00,0.000000000000000000e+00,1.000000000000000000e+00,0.000000000000000000e+00,1.000000000000000000e+00,0.000000000000000000e+00,2.500000000000000000e-01,1.000000000000000056e-01,1.012500000000000000e+04,3.690000000000000000e+03,4.319000000000000000e+03,2.844000000000000000e+03,5.307000000000000000e+03,2.148000000000000000e+03,4.610000000000000000e+03,4.242000000000000000e+03,5.834000000000000000e+03,6.322200000000000000e+04,5.000000000000000000e-01,0.000000000000000000e+00,0.000000000000000000e+00,1.000000000000000000e+00,0.000000000000000000e+00,1.000000000000000000e+00,1.250000000000000000e-01,1.000000000000000056e-01,0.000000000000000000e+00,1.000000000000000000e+00,0.000000000000000000e+00,5.000000000000000000e-01,0.000000000000000000e+00,5.000000000000000000e-01,5.000000000000000000e-01,1.000000000000000056e-01,2.290500000000000000e+05,8.190900000000000000e+04,1.433920000000000000e+05,3.924200000000000000e+04,1.732510000000000000e+05,8.611300000000000000e+04,8.076000000000000000e+04,1.559660000000000000e+05,1.778520000000000000e+05,1.690066000000000000e+06
1.000000000000000000e+00,0.000000000000000000e+00,0.000000000000000000e+00,1.000000000000000000e+00,1.000000000000000000e+00,0.000000000000000000e+00,0.000000000000000000e+00,3.750000000000000000e-01,1.000000000000000056e-01,3.378500000000000000e+04,5.652000000000000000e+03,9.085000000000000000e+03,1.777000000000000000e+03,1.062700000000000000e+04,6.199000000000000000e+03,7.645000000000000000e+03,1.025800000000000000e+04,1.108100000000000000e+04,2.219820000000000000e+05,5.000000000000000000e-01,3.750000000000000000e-01,0.000000000000000000e+00,1.000000000000000000e+00,0.000000000000000000e+00,1.000000000000000000e+00,1.250000000000000000e-01,1.000000000000000056e-01,5.000000000000000000e-01,0.000000000000000000e+00,0.000000000000000000e+00,5.000000000000000000e-01,5.000000000000000000e-01,0.000000000000000000e+00,3.750000000000000000e-01,1.000000000000000056e-01,4.406900000000000000e+04,1.009200000000000000e+04,1.454600000000000000e+04,5.184000000000000000e+03,2.130000000000000000e+04,1.181100000000000000e+04,1.365800000000000000e+04,1.393900000000000000e+04,1.660200000000000000e+04,3.184620000000000000e+05
0.000000000000000000e+00,5.000000000000000000e-01,5.000000000000000000e-01,0.000000000000000000e+00,0.000000000000000000e+00,1.000000000000000000e+00,3.000000000000000000e+00,1.250000000000000000e-01,1.000000000000000056e-01,3.327300000000000000e+04,9.524000000000000000e+03,1.355200000000000000e+04,3.760000000000000000e+03,8.840000000000000000e+03,1.333700000000000000e+04,4.210000000000000000e+03,1.686400000000000000e+04,1.205300000000000000e+04,2.696000000000000000e+04,5.000000000000000000e-01,6.250000000000000000e-01,0.000000000000000000e+00,1.000000000000000000e+00,1.000000000000000000e+00,0.000000000000000000e+00,0.000000000000000000e+00,2.000000000000000111e-01,5.000000000000000000e-01,0.000000000000000000e+00,5.000000000000000000e-01,1.000000000000000000e+00,0.000000000000000000e+00,6.250000000000000000e-01,2.500000000000000000e-01,1.000000000000000056e-01,1.210100000000000000e+04,1.162000000000000000e+03,1.822000000000000000e+03,1.040000000000000000e+03,5.260000000000000000e+03,2.204000000000000000e+03,4.480000000000000000e+03,2.046000000000000000e+03,3.188000000000000000e+03,7.378200000000000000e+04
0.000000000000000000e+00,5.000000000000000000e-01,0.000000000000000000e+00,1.000000000000000000e+00,1.000000000000000000e+00,0.000000000000000000e+00,2.500000000000000000e+00,3.750000000000000000e-01,1.000000000000000056e-01,1.941000000000000000e+04,4.442000000000000000e+03,8.017000000000000000e+03,1.759000000000000000e+03,1.048900000000000000e+04,4.527000000000000000e+03,6.951000000000000000e+03,9.803000000000000000e+03,1.094600000000000000e+04,2.403710000000000000e+05,5.000000000000000000e-01,3.750000000000000000e-01,1.000000000000000000e+00,0.000000000000000000e+00,0.000000000000000000e+00,1.000000000000000000e+00,3.750000000000000000e-01,1.000000000000000056e-01,5.000000000000000000e-01,0.000000000000000000e+00,0.000000000000000000e+00,1.000000000000000000e+00,5.000000000000000000e-01,0.000000000000000000e+00,5.000000000000000000e-01,1.000000000000000056e-01,4.038100000000000000e+04,9.172000000000000000e+03,1.466300000000000000e+04,4.162000000000000000e+03,2.102200000000000000e+04,1.245300000000000000e+04,1.159600000000000000e+04,1.498500000000000000e+04,1.639900000000000000e+04,3.255180000000000000e+05
0.000000000000000000e+00,1.000000000000000000e+00,5.000000000000000000e-01,0.000000000000000000e+00,0.000000000000000000e+00,1.000000000000000000e+00,2.500000000000000000e+00,0.000000000000000000e+00,0.000000000000000000e+00,1.465300000000000000e+04,4.690000000000000000e+03,6.790000000000000000e+03,1.683000000000000000e+03,8.036000000000000000e+03,4.461000000000000000e+03,4.928000000000000000e+03,7.417000000000000000e+03,8.246000000000000000e+03,1.025310000000000000e+05,5.000000000000000000e-01,3.750000000000000000e-01,0.000000000000000000e+00,1.000000000000000000e+00,0.000000000000000000e+00,6.250000000000000000e-01,0.000000000000000000e+00,0.000000000000000000e+00,1.000000000000000000e+00,0.000000000000000000e+00,0.000000000000000000e+00,1.000000000000000000e+00,0.000000000000000000e+00,1.000000000000000000e+00,0.000000000000000000e+00,1.000000000000000056e-01,1.314800000000000000e+04,5.624000000000000000e+03,1.321400000000000000e+04,2.299000000000000000e+03,1.215000000000000000e+04,3.463000000000000000e+03,6.351000000000000000e+03,1.114400000000000000e+04,1.049000000000000000e+04,1.694900000000000000e+05
0.000000000000000000e+00,1.000000000000000000e+00,1.000000000000000000e+00,0.000000000000000000e+00,0.000000000000000000e+00,0.000000000000000000e+00,2.500000000000000000e+00,2.500000000000000000e-01,1.000000000000000056e-01,1.072200000000000000e+04,2.206000000000000000e+03,4.689000000000000000e+03,4.910000000000000000e+02,7.072000000000000000e+03,3.240000000000000000e+03,4.925000000000000000e+03,7.932000000000000000e+03,7.682000000000000000e+03,1.553590000000000000e+05,0.000000000000000000e+00,1.000000000000000000e+00,5.000000000000000000e-01,0.000000000000000000e+00,0.000000000000000000e+00,1.000000000000000000e+00,6.250000000000000000e-01,1.000000000000000056e-01,5.000000000000000000e-01,1.000000000000000000e+00,0.000000000000000000e+00,1.000000000000000000e+00,5.000000000000000000e-01,0.000000000000000000e+00,3.750000000000000000e-01,1.000000000000000056e-01,5.947500000000000000e+04,2.048500000000000000e+04,3.258200000000000000e+04,4.727000000000000000e+03,2.683800000000000000e+04,2.318600000000000000e+04,8.337000000000000000e+03,2.415500000000000000e+04,2.499300000000000000e+04,9.524100000000000000e+04
0.000000000000000000e+00,1.000000000000000000e+00,0.000000000000000000e+00,3.750000000000000000e-01,0.000000000000000000e+00,1.000000000000000000e+00,2.500000000000000000e+00,1.250000000000000000e-01,1.000000000000000056e-01,2.737800000000000000e+04,5.802000000000000000e+03,7.086000000000000000e+03,1.385000000000000000e+03,8.725000000000000000e+03,5.264000000000000000e+03,5.619000000000000000e+03,8.284000000000000000e+03,8.721000000000000000e+03,1.376430000000000000e+05,5.000000000000000000e-01,3.750000000000000000e-01,0.000000000000000000e+00,1.000000000000000000e+00,0.000000000000000000e+00,1.000000000000000000e+00,3.750000000000000000e-01,1.000000000000000056e-01,5.000000000000000000e-01,0.000000000000000000e+00,1.000000000000000000e+00,0.000000000000000000e+00,5.000000000000000000e-01,0.000000000000000000e+00,1.250000000000000000e-01,1.000000000000000056e-01,3.610000000000000000e+04,9.203000000000000000e+03,1.465000000000000000e+04,1.251200000000000000e+04,1.973000000000000000e+04,8.254000000000000000e+03,1.710900000000000000e+04,1.497100000000000000e+04,1.501000000000000000e+04,1.689570000000000000e+05
0.000000000000000000e+00,5.000000000000000000e-01,0.000000000000000000e+00,1.000000000000000000e+00,5.000000000000000000e-01,0.000000000000000000e+00,5.000000000000000000e-01,5.000000000000000000e-01,1.000000000000000056e-01,2.915200000000000000e+04,1.944200000000000000e+04,1.780700000000000000e+04,4.039000000000000000e+03,1.815700000000000000e+04,7.550000000000000000e+03,7.716000000000000000e+03,1.167600000000000000e+04,9.689000000000000000e+03,1.141120000000000000e+05,5.000000000000000000e-01,6.250000000000000000e-01,0.000000000000000000e+00,1.000000000000000000e+00,0.000000000000000000e+00,2.500000000000000000e-01,2.500000000000000000e-01,1.000000000000000056e-01,5.000000000000000000e-01,0.000000000000000000e+00,5.000000000000000000e-01,0.000000000000000000e+00,5.000000000000000000e-01,0.000000000000000000e+00,2.500000000000000000e-01,1.000000000000000056e-01,3.678600000000000000e+04,4.309000000000000000e+03,9.483000000000000000e+03,8.906000000000000000e+03,2.526500000000000000e+04,1.689800000000000000e+04,1.520400000000000000e+04,8.939000000000000000e+03,1.145000000000000000e+04,1.828660000000000000e+05
5.000000000000000000e-01,0.000000000000000000e+00,0.000000000000000000e+00,1.000000000000000000e+00,0.000000000000000000e+00,1.000000000000000000e+00,0.000000000000000000e+00,1.250000000000000000e-01,1.000000000000000056e-01,2.311900000000000000e+04,4.948000000000000000e+03,6.278000000000000000e+03,1.766000000000000000e+03,8.647000000000000000e+03,1.921100000000000000e+04,4.524000000000000000e+03,2.244200000000000000e+04,1.712500000000000000e+04,1.065580000000000000e+05,5.000000000000000000e-01,0.000000000000000000e+00,5.000000000000000000e-01,0.000000000000000000e+00,0.000000000000000000e+00,1.000000000000000000e+00,1.250000000000000000e-01,1.000000000000000056e-01,5.000000000000000000e-01,0.000000000000000000e+00,0.000000000000000000e+00,5.000000000000000000e-01,5.000000000000000000e-01,0.000000000000000000e+00,2.500000000000000000e-01,1.000000000000000056e-01,6.039400000000000000e+04,1.386700000000000000e+04,1.824100000000000000e+04,5.500000000000000000e+03,4.860000000000000000e+04,1.594500000000000000e+04,8.824000000000000000e+03,1.789500000000000000e+04,2.019300000000000000e+04,1.042990000000000000e+05
0.000000000000000000e+00,5.000000000000000000e-01,0.000000000000000000e+00,5.000000000000000000e-01,0.000000000000000000e+00,1.000000000000000000e+00,2.500000000000000000e+00,0.000000000000000000e+00,1.000000000000000056e-01,1.574700000000000000e+04,4.178000000000000000e+03,5.592000000000000000e+03,2.740000000000000000e+02,6.516000000000000000e+03,2.106000000000000000e+03,5.664000000000000000e+03,6.609000000000000000e+03,8.306000000000000000e+03,1.637790000000000000e+05,5.000000000000000000e-01,6.250000000000000000e-01,0.000000000000000000e+00,1.000000000000000000e+00,6.250000000000000000e-01,0.000000000000000000e+00,2.500000000000000000e-01,1.000000000000000056e-01,5.000000000000000000e-01,1.000000000000000000e+00,0.000000000000000000e+00,5.000000000000000000e-01,0.000000000000000000e+00,1.000000000000000000e+00,2.500000000000000000e-01,1.000000000000000056e-01,4.602600000000000000e+04,8.283000000000000000e+03,1.295700000000000000e+04,3.804000000000000000e+03,1.751100000000000000e+04,1.881900000000000000e+04,9.285000000000000000e+03,1.959700000000000000e+04,2.038500000000000000e+04,2.210250000000000000e+05
5.000000000000000000e-01,0.000000000000000000e+00,0.000000000000000000e+00,1.000000000000000000e+00,0.000000000000000000e+00,1.000000000000000000e+00,3.000000000000000000e+00,5.000000000000000000e-01,1.000000000000000056e-01,1.690300000000000000e+04,3.067000000000000000e+03,4.768000000000000000e+03,6.920000000000000000e+02,5.199000000000000000e+03,4.576000000000000000e+03,4.818000000000000000e+03,5.954000000000000000e+03,7.096000000000000000e+03,1.646890000000000000e+05,1.000000000000000000e+00,8.750000000000000000e-01,5.000000000000000000e-01,0.000000000000000000e+00,0.000000000000000000e+00,3.750000000000000000e-01,5.000000000000000000e-01,1.000000000000000056e-01,0.000000000000000000e+00,5.000000000000000000e-01,0.000000000000000000e+00,1.000000000000000000e+00,5.000000000000000000e-01,0.000000000000000000e+00,3.750000000000000000e-01,1.000000000000000056e-01,1.350600000000000000e+04,3.939000000000000000e+03,9.535000000000000000e+03,8.030000000000000000e+02,1.262800000000000000e+04,3.640000000000000000e+03,7.875000000000000000e+03,1.056100000000000000e+04,1.161700000000000000e+04,2.535860000000000000e+05
0.000000000000000000e+00,1.000000000000000000e+00,5.000000000000000000e-01,0.000000000000000000e+00,0.000000000000000000e+00,1.000000000000000000e+00,2.500000000000000000e+00,0.000000000000000000e+00,0.000000000000000000e+00,1.467600000000000000e+04,4.769000000000000000e+03,6.853000000000000000e+03,1.676000000000000000e+03,8.024000000000000000e+03,4.580000000000000000e+03,4.899000000000000000e+03,7.510000000000000000e+03,8.218000000000000000e+03,1.021220000000000000e+05,5.000000000000000000e-01,6.250000000000000000e-01,0.000000000000000000e+00,1.000000000000000000e+00,0.000000000000000000e+00,1.000000000000000000e+00,2.500000000000000000e-01,1.000000000000000056e-01,0.000000000000000000e+00,1.000000000000000000e+00,0.000000000000000000e+00,1.000000000000000000e+00,0.000000000000000000e+00,1.000000000000000000e+00,0.000000000000000000e+00,1.000000000000000056e-01,1.472800000000000000e+04,8.442000000000000000e+03,1.434000000000000000e+04,3.432000000000000000e+03,1.346300000000000000e+04,6.008000000000000000e+03,6.885000000000000000e+03,1.473900000000000000e+04,1.341200000000000000e+04,1.495910000000000000e+05
0.000000000000000000e+00,0.000000000000000000e+00,0.000000000000000000e+00,1.000000000000000000e+00,0.000000000000000000e+00,1.000000000000000000e+00,2.500000000000000000e+00,0.000000000000000000e+00,1.000000000000000056e-01,1.347900000000000000e+04,6.301000000000000000e+03,1.189300000000000000e+04,3.132000000000000000e+03,1.193200000000000000e+04,2.858000000000000000e+03,7.062000000000000000e+03,1.481500000000000000e+04,1.529500000000000000e+04,2.170460000000000000e+05,5.000000000000000000e-01,6.250000000000000000e-01,5.000000000000000000e-01,0.000000000000000000e+00,0.000000000000000000e+00,1.000000000000000000e+00,3.750000000000000000e-01,1.000000000000000056e-01,5.000000000000000000e-01,0.000000000000000000e+00,0.000000000000000000e+00,1.000000000000000000e+00,5.000000000000000000e-01,6.250000000000000000e-01,6.250000000000000000e-01,1.000000000000000056e-01,7.309400000000000000e+04,1.831300000000000000e+04,2.398100000000000000e+04,9.305000000000000000e+03,3.367400000000000000e+04,2.279500000000000000e+04,1.722000000000000000e+04,2.232800000000000000e+04,2.557900000000000000e+04,2.372350000000000000e+05
0.000000000000000000e+00,5.000000000000000000e-01,1.000000000000000000e+00,0.000000000000000000e+00,0.000000000000000000e+00,1.000000000000000000e+00,2.000000000000000000e+00,3.750000000000000000e-01,1.000000000000000056e-01,3.019700000000000000e+04,8.626000000000000000e+03,1.604600000000000000e+04,2.194000000000000000e+03,1.264400000000000000e+04,7.932000000000000000e+03,8.458000000000000000e+03,1.352200000000000000e+04,1.528700000000000000e+04,2.183440000000000000e+05,5.000000000000000000e-01,6.250000000000000000e-01,0.000000000000000000e+00,1.000000000000000000e+00,0.000000000000000000e+00,1.000000000000000000e+00,3.750000000000000000e-01,1.000000000000000056e-01,5.000000000000000000e-01,0.000000000000000000e+00,0.000000000000000000e+00,1.000000000000000000e+00,5.000000000000000000e-01,0.000000000000000000e+00,3.750000000000000000e-01,1.000000000000000056e-01,4.907100000000000000e+04,1.642700000000000000e+04,2.576500000000000000e+04,7.564000000000000000e+03,2.738800000000000000e+04,1.426500000000000000e+04,1.514700000000000000e+04,2.166000000000000000e+04,2.168800000000000000e+04,2.176300000000000000e+05
0.000000000000000000e+00,5.000000000000000000e-01,1.000000000000000000e+00,0.000000000000000000e+00,0.000000000000000000e+00,1.000000000000000000e+00,2.500000000000000000e+00,3.750000000000000000e-01,1.000000000000000056e-01,3.370300000000000000e+04,8.248000000000000000e+03,1.255300000000000000e+04,2.032000000000000000e+03,1.422000000000000000e+04,6.390000000000000000e+03,6.743000000000000000e+03,1.215500000000000000e+04,1.379600000000000000e+04,2.240370000000000000e+05,5.000000000000000000e-01,3.750000000000000000e-01,5.000000000000000000e-01,0.000000000000000000e+00,0.000000000000000000e+00,1.000000000000000000e+00,3.750000000000000000e-01,1.000000000000000056e-01,5.000000000000000000e-01,0.000000000000000000e+00,0.000000000000000000e+00,1.000000000000000000e+00,5.000000000000000000e-01,0.000000000000000000e+00,3.750000000000000000e-01,1.000000000000000056e-01,4.318900000000000000e+04,1.350800000000000000e+04,1.856100000000000000e+04,5.095000000000000000e+03,2.237600000000000000e+04,8.785000000000000000e+03,1.087200000000000000e+04,1.662300000000000000e+04,1.828600000000000000e+04,2.497610000000000000e+05
0.000000000000000000e+00,5.000000000000000000e-01,0.000000000000000000e+00,1.000000000000000000e+00,0.000000000000000000e+00,1.000000000000000000e+00,0.000000000000000000e+00,6.250000000000000000e-01,1.000000000000000056e-01,1.117200000000000000e+04,3.298000000000000000e+03,6.463000000000000000e+03,7.240000000000000000e+02,6.846000000000000000e+03,3.220000000000000000e+03,4.368000000000000000e+03,8.126000000000000000e+03,8.857000000000000000e+03,9.821700000000000000e+04,5.000000000000000000e-01,0.000000000000000000e+00,0.000000000000000000e+00,0.000000000000000000e+00,0.000000000000000000e+00,0.000000000000000000e+00,3.750000000000000000e-01,1.000000000000000056e-01,0.000000000000000000e+00,1.000000000000000000e+00,0.000000000000000000e+00,5.000000000000000000e-01,0.000000000000000000e+00,1.000000000000000000e+00,3.750000000000000000e-01,1.000000000000000056e-01,1.545300000000000000e+04,7.932000000000000000e+03,1.636300000000000000e+04,1.889000000000000000e+03,1.330700000000000000e+04,3.873000000000000000e+03,6.646000000000000000e+03,1.410100000000000000e+04,1.088900000000000000e+04,1.557650000000000000e+05
1.000000000000000000e+00,5.000000000000000000e-01,5.000000000000000000e-01,0.000000000000000000e+00,1.000000000000000000e+00,0.000000000000000000e+00,1.500000000000000000e+00,2.500000000000000000e-01,1.000000000000000056e-01,2.561900000000000000e+04,8.617000000000000000e+03,1.468100000000000000e+04,2.815000000000000000e+03,1.532100000000000000e+04,6.770000000000000000e+03,7.919000000000000000e+03,1.472600000000000000e+04,1.282100000000000000e+04,2.233370000000000000e+05,5.000000000000000000e-01,6.250000000000000000e-01,0.000000000000000000e+00,1.000000000000000000e+00,1.000000000000000000e+00,0.000000000000000000e+00,2.500000000000000000e-01,1.000000000000000056e-01,5.000000000000000000e-01,1.000000000000000000e+00,0.000000000000000000e+00,1.000000000000000000e+00,5.000000000000000000e-01,0.000000000000000000e+00,5.000000000000000000e-01,1.000000000000000056e-01,3.254700000000000000e+04,1.239000000000000000e+04,2.150000000000000000e+04,5.776000000000000000e+03,2.477500000000000000e+04,9.351000000000000000e+03,1.166400000000000000e+04,1.695100000000000000e+04,1.960000000000000000e+04,2.331540000000000000e+05
5.000000000000000000e-01,0.000000000000000000e+00,0.000000000000000000e+00,1.000000000000000000e+00,0.000000000000000000e+00,1.000000000000000000e+00,2.500000000000000000e+00,5.000000000000000000e-01,1.000000000000000056e-01,2.700000000000000000e+04,8.049000000000000000e+03,1.683900000000000000e+04,3.132000000000000000e+03,1.576500000000000000e+04,7.089000000000000000e+03,8.748000000000000000e+03,1.481500000000000000e+04,1.529500000000000000e+04,2.170460000000000000e+05,5.000000000000000000e-01,3.750000000000000000e-01,0.000000000000000000e+00,1.000000000000000000e+00,0.000000000000000000e+00,1.000000000000000000e+00,5.000000000000000000e-01,1.000000000000000056e-01,5.000000000000000000e-01,0.000000000000000000e+00,5.000000000000000000e-01,0.000000000000000000e+00,5.000000000000000000e-01,6.250000000000000000e-01,6.250000000000000000e-01,1.000000000000000056e-01,6.924900000000000000e+04,1.856500000000000000e+04,2.187800000000000000e+04,1.023600000000000000e+04,3.789200000000000000e+04,2.113200000000000000e+04,3.201200000000000000e+04,1.645100000000000000e+04,2.134000000000000000e+04,2.296610000000000000e+05
0.000000000000000000e+00,5.000000000000000000e-01,0.000000000000000000e+00,5.000000000000000000e-01,0.000000000000000000e+00,1.000000000000000000e+00,2.500000000000000000e+00,3.750000000000000000e-01,1.000000000000000056e-01,2.112400000000000000e+04,5.052000000000000000e+03,9.139000000000000000e+03,1.510000000000000000e+03,1.355900000000000000e+04,5.984000000000000000e+03,7.068000000000000000e+03,1.255900000000000000e+04,1.387500000000000000e+04,2.438860000000000000e+05,5.000000000000000000e-01,6.250000000000000000e-01,0.000000000000000000e+00,1.000000000000000000e+00,0.000000000000000000e+00,1.000000000000000000e+00,3.750000000000000000e-01,1.000000000000000056e-01,5.000000000000000000e-01,0.000000000000000000e+00,0.000000000000000000e+00,1.000000000000000000e+00,5.000000000000000000e-01,0.000000000000000000e+00,2.500000000000000000e-01,1.000000000000000056e-01,3.449500000000000000e+04,1.356700000000000000e+04,1.906000000000000000e+04,4.908000000000000000e+03,2.040600000000000000e+04,8.293000000000000000e+03,1.125100000000000000e+04,1.644600000000000000e+04,1.830200000000000000e+04,2.942860000000000000e+05
0.000000000000000000e+00,5.000000000000000000e-01,1.000000000000000000e+00,0.000000000000000000e+00,0.000000000000000000e+00,1.000000000000000000e+00,2.000000000000000000e+00,3.750000000000000000e-01,1.000000000000000056e-01,3.019700000000000000e+04,8.626000000000000000e+03,1.604600000000000000e+04,2.194000000000000000e+03,1.264400000000000000e+04,7.932000000000000000e+03,8.458000000000000000e+03,1.352200000000000000e+04,1.528700000000000000e+04,2.183440000000000000e+05,5.000000000000000000e-01,6.250000000000000000e-01,0.000000000000000000e+00,1.000000000000000000e+00,0.000000000000000000e+00,1.000000000000000000e+00,3.750000000000000000e-01,1.000000000000000056e-01,5.000000000000000000e-01,0.000000000000000000e+00,0.000000000000000000e+00,1.000000000000000000e+00,5.000000000000000000e-01,0.000000000000000000e+00,3.750000000000000000e-01,1.000000000000000056e-01,4.907100000000000000e+04,1.642700000000000000e+04,2.576500000000000000e+04,7.564000000000000000e+03,2.738800000000000000e+04,1.426500000000000000e+04,1.514700000000000000e+04,2.166000000000000000e+04,2.168800000000000000e+04,2.176300000000000000e+05
0.000000000000000000e+00,5.000000000000000000e-01,1.000000000000000000e+00,0.000000000000000000e+00,0.000000000000000000e+00,1.000000000000000000e+00,2.000000000000000000e+00,3.750000000000000000e-01,1.000000000000000056e-01,3.019700000000000000e+04,8.626000000000000000e+03,1.604600000000000000e+04,2.194000000000000000e+03,1.264400000000000000e+04,7.932000000000000000e+03,8.458000000000000000e+03,1.352200000000000000e+04,1.528700000000000000e+04,2.183440000000000000e+05,5.000000000000000000e-01,3.750000000000000000e-01,0.000000000000000000e+00,1.000000000000000000e+00,0.000000000000000000e+00,1.000000000000000000e+00,5.000000000000000000e-01,1.000000000000000056e-01,5.000000000000000000e-01,0.000000000000000000e+00,0.000000000000000000e+00,1.000000000000000000e+00,5.000000000000000000e-01,1.000000000000000000e+00,3.750000000000000000e-01,1.000000000000000056e-01,3.728000000000000000e+04,1.204900000000000000e+04,2.056700000000000000e+04,5.746000000000000000e+03,2.560600000000000000e+04,1.032300000000000000e+04,1.276900000000000000e+04,1.907800000000000000e+04,1.763900000000000000e+04,2.176300000000000000e+05
5.000000000000000000e-01,0.000000000000000000e+00,0.000000000000000000e+00,1.000000000000000000e+00,0.000000000000000000e+00,1.000000000000000000e+00,2.500000000000000000e+00,2.500000000000000000e-01,1.000000000000000056e-01,2.496900000000000000e+04,6.964000000000000000e+03,1.365500000000000000e+04,2.063000000000000000e+03,1.637800000000000000e+04,4.270000000000000000e+03,8.200000000000000000e+03,1.172100000000000000e+04,1.383400000000000000e+04,2.322270000000000000e+05,5.000000000000000000e-01,3.750000000000000000e-01,0.000000000000000000e+00,1.000000000000000000e+00,1.000000000000000000e+00,0.000000000000000000e+00,3.750000000000000000e-01,1.000000000000000056e-01,5.000000000000000000e-01,0.000000000000000000e+00,0.000000000000000000e+00,5.000000000000000000e-01,5.000000000000000000e-01,0.000000000000000000e+00,3.750000000000000000e-01,1.000000000000000056e-01,3.821800000000000000e+04,1.225600000000000000e+04,1.775200000000000000e+04,7.980000000000000000e+03,2.515500000000000000e+04,1.161300000000000000e+04,1.302300000000000000e+04,1.466000000000000000e+04,1.752500000000000000e+04,2.213270000000000000e+05
0.000000000000000000e+00,5.000000000000000000e-01,0.000000000000000000e+00,5.000000000000000000e-01,0.000000000000000000e+00,1.000000000000000000e+00,2.500000000000000000e+00,2.500000000000000000e-01,1.000000000000000056e-01,1.528900000000000000e+04,4.782000000000000000e+03,1.180600000000000000e+04,2.601000000000000000e+03,1.435100000000000000e+04,3.001000000000000000e+03,6.767000000000000000e+03,1.201400000000000000e+04,1.509900000000000000e+04,2.293900000000000000e+05,5.000000000000000000e-01,6.250000000000000000e-01,5.000000000000000000e-01,1.000000000000000000e+00,1.000000000000000000e+00,0.000000000000000000e+00,3.750000000000000000e-01,1.000000000000000056e-01,5.000000000000000000e-01,0.000000000000000000e+00,0.000000000000000000e+00,0.000000000000000000e+00,5.000000000000000000e-01,0.000000000000000000e+00,2.500000000000000000e-01,1.000000000000000056e-01,5.503000000000000000e+04,1.392900000000000000e+04,1.830800000000000000e+04,4.944000000000000000e+03,3.079100000000000000e+04,1.463300000000000000e+04,1.429000000000000000e+04,1.828300000000000000e+04,1.979800000000000000e+04,2.384370000000000000e+05
0.000000000000000000e+00,1.000000000000000000e+00,0.000000000000000000e+00,5.000000000000000000e-01,1.000000000000000000e+00,0.000000000000000000e+00,2.000000000000000000e+00,0.000000000000000000e+00,1.000000000000000056e-01,1.146500000000000000e+04,2.935000000000000000e+03,7.504000000000000000e+03,1.985000000000000000e+03,8.505000000000000000e+03,1.797000000000000000e+03,5.572000000000000000e+03,8.068000000000000000e+03,8.302000000000000000e+03,1.107940000000000000e+05,5.000000000000000000e-01,0.000000000000000000e+00,0.000000000000000000e+00,1.000000000000000000e+00,0.000000000000000000e+00,1.000000000000000000e+00,3.750000000000000000e-01,1.000000000000000056e-01,5.000000000000000000e-01,0.000000000000000000e+00,0.000000000000000000e+00,1.000000000000000000e+00,5.000000000000000000e-01,0.000000000000000000e+00,6.250000000000000000e-01,1.000000000000000056e-01,7.287300000000000000e+04,2.505000000000000000e+04,1.731900000000000000e+04,8.921000000000000000e+03,1.083000000000000000e+04,1.751700000000000000e+04,1.825300000000000000e+04,1.598300000000000000e+04,1.332500000000000000e+04,1.543300000000000000e+05
0.000000000000000000e+00,1.000000000000000000e+00,0.000000000000000000e+00,5.000000000000000000e-01,1.000000000000000000e+00,0.000000000000000000e+00,1.500000000000000000e+00,1.250000000000000000e-01,1.000000000000000056e-01,1.714700000000000000e+04,4.950000000000000000e+03,7.784000000000000000e+03,1.652000000000000000e+03,9.492000000000000000e+03,3.326000000000000000e+03,4.877000000000000000e+03,7.368000000000000000e+03,7.442000000000000000e+03,9.974000000000000000e+04,5.000000000000000000e-01,3.750000000000000000e-01,0.000000000000000000e+00,1.000000000000000000e+00,0.000000000000000000e+00,1.000000000000000000e+00,3.750000000000000000e-01,1.000000000000000056e-01,0.000000000000000000e+00,5.000000000000000000e-01,0.000000000000000000e+00,1.000000000000000000e+00,0.000000000000000000e+00,5.000000000000000000e-01,2.500000000000000000e-01,1.000000000000000056e-01,2.397000000000000000e+04,9.662000000000000000e+03,1.403600000000000000e+04,4.939000000000000000e+03,1.803300000000000000e+04,8.870000000000000000e+03,8.288000000000000000e+03,1.822300000000000000e+04,1.993400000000000000e+04,2.291140000000000000e+05
0.000000000000000000e+00,1.000000000000000000e+00,0.000000000000000000e+00,5.000000000000000000e-01,0.000000000000000000e+00,0.000000000000000000e+00,2.500000000000000000e+00,0.000000000000000000e+00,1.000000000000000056e-01,1.179700000000000000e+04,3.079000000000000000e+03,7.661000000000000000e+03,1.442000000000000000e+03,8.026000000000000000e+03,1.952000000000000000e+03,4.775000000000000000e+03,7.091000000000000000e+03,7.838000000000000000e+03,6.079800000000000000e+04,5.000000000000000000e-01,6.250000000000000000e-01,0.000000000000000000e+00,1.000000000000000000e+00,0.000000000000000000e+00,1.000000000000000000e+00,2.500000000000000000e-01,1.000000000000000056e-01,0.000000000000000000e+00,1.000000000000000000e+00,0.000000000000000000e+00,1.000000000000000000e+00,1.000000000000000000e+00,0.000000000000000000e+00,1.250000000000000000e-01,1.000000000000000056e-01,1.349800000000000000e+04,4.072000000000000000e+03,1.262800000000000000e+04,1.698000000000000000e+03,1.447000000000000000e+04,2.783000000000000000e+03,5.460000000000000000e+03,1.466200000000000000e+04,1.560700000000000000e+04,1.630310000000000000e+05
5.000000000000000000e-01,0.000000000000000000e+00,1.000000000000000000e+00,0.000000000000000000e+00,0.000000000000000000e+00,1.000000000000000000e+00,2.500000000000000000e+00,0.000000000000000000e+00,1.000000000000000056e-01,1.538100000000000000e+04,3.184000000000000000e+03,1.184400000000000000e+04,6.620000000000000000e+02,1.334400000000000000e+04,5.279000000000000000e+03,4.591000000000000000e+03,1.447300000000000000e+04,1.368300000000000000e+04,1.569330000000000000e+05,5.000000000000000000e-01,3.750000000000000000e-01,5.000000000000000000e-01,0.000000000000000000e+00,0.000000000000000000e+00,1.000000000000000000e+00,6.250000000000000000e-01,1.000000000000000056e-01,0.000000000000000000e+00,5.000000000000000000e-01,1.000000000000000000e+00,0.000000000000000000e+00,0.000000000000000000e+00,1.000000000000000000e+00,2.500000000000000000e-01,1.000000000000000056e-01,3.157100000000000000e+04,9.486000000000000000e+03,1.713400000000000000e+04,4.343000000000000000e+03,2.100300000000000000e+04,1.081100000000000000e+04,9.563000000000000000e+03,2.205600000000000000e+04,1.858900000000000000e+04,2.104770000000000000e+05
0.000000000000000000e+00,1.000000000000000000e+00,0.000000000000000000e+00,1.000000000000000000e+00,0.000000000000000000e+00,1.000000000000000000e+00,2.500000000000000000e+00,1.250000000000000000e-01,1.000000000000000056e-01,1.551200000000000000e+04,5.991000000000000000e+03,1.330700000000000000e+04,3.493000000000000000e+03,1.220100000000000000e+04,4.239000000000000000e+03,4.488000000000000000e+03,1.622600000000000000e+04,1.611700000000000000e+04,1.472120000000000000e+05,5.000000000000000000e-01,3.750000000000000000e-01,5.000000000000000000e-01,0.000000000000000000e+00,0.000000000000000000e+00,1.000000000000000000e+00,3.750000000000000000e-01,1.000000000000000056e-01,5.000000000000000000e-01,0.000000000000000000e+00,0.000000000000000000e+00,1.000000000000000000e+00,5.000000000000000000e-01,6.250000000000000000e-01,6.250000000000000000e-01,1.000000000000000056e-01,5.945200000000000000e+04,1.541400000000000000e+04,2.866200000000000000e+04,8.540000000000000000e+03,2.654600000000000000e+04,1.952000000000000000e+04,1.218000000000000000e+04,2.586400000000000000e+04,2.668700000000000000e+04,1.243680000000000000e+05
5.000000000000000000e-01,0.000000000000000000e+00,0.000000000000000000e+00,5.000000000000000000e-01,0.000000000000000000e+00,1.000000000000000000e+00,2.500000000000000000e+00,6.250000000000000000e-01,1.000000000000000056e-01,1.823700000000000000e+04,4.846000000000000000e+03,9.682000000000000000e+03,1.123000000000000000e+03,1.060700000000000000e+04,4.847000000000000000e+03,6.379000000000000000e+03,1.086000000000000000e+04,1.172600000000000000e+04,1.611710000000000000e+05,5.000000000000000000e-01,3.750000000000000000e-01,0.000000000000000000e+00,5.000000000000000000e-01,0.000000000000000000e+00,1.000000000000000000e+00,0.000000000000000000e+00,1.000000000000000056e-01,5.000000000000000000e-01,0.000000000000000000e+00,0.000000000000000000e+00,5.000000000000000000e-01,0.000000000000000000e+00,5.000000000000000000e-01,5.000000000000000000e-01,1.000000000000000056e-01,4.124400000000000000e+04,1.841200000000000000e+04,1.449400000000000000e+04,8.173000000000000000e+03,1.463000000000000000e+04,1.170100000000000000e+04,8.529000000000000000e+03,1.418300000000000000e+04,1.123200000000000000e+04,4.642800000000000000e+04
