0.000000000000000000e+00,5.000000000000000000e-01,0.000000000000000000e+00,1.000000000000000000e+00,0.000000000000000000e+00,1.000000000000000000e+00,2.500000000000000000e-01,1.000000000000000056e-01,1.741000000000000000e+04,8.805000000000000000e+03,1.388400000000000000e+04,3.054000000000000000e+03,1.460300000000000000e+04,4.097000000000000000e+03,7.008000000000000000e+03,1.139000000000000000e+04,1.227400000000000000e+04,1.542960000000000000e+05
0.000000000000000000e+00,5.000000000000000000e-01,0.000000000000000000e+00,1.000000000000000000e+00,0.000000000000000000e+00,1.000000000000000000e+00,2.500000000000000000e-01,1.000000000000000056e-01,1.741000000000000000e+04,8.805000000000000000e+03,1.388400000000000000e+04,3.054000000000000000e+03,1.460300000000000000e+04,4.097000000000000000e+03,7.008000000000000000e+03,1.139000000000000000e+04,1.227400000000000000e+04,1.542960000000000000e+05
0.000000000000000000e+00,1.000000000000000000e+00,0.000000000000000000e+00,1.000000000000000000e+00,1.000000000000000000e+00,0.000000000000000000e+00,5.000000000000000000e-01,1.000000000000000056e-01,1.259800000000000000e+04,4.500000000000000000e+03,1.177200000000000000e+04,1.719000000000000000e+03,1.584700000000000000e+04,3.090000000000000000e+03,5.647000000000000000e+03,1.357800000000000000e+04,1.447200000000000000e+04,1.643230000000000000e+05
0.000000000000000000e+00,1.000000000000000000e+00,0.000000000000000000e+00,1.000000000000000000e+00,1.000000000000000000e+00,0.000000000000000000e+00,5.000000000000000000e-01,1.000000000000000056e-01,1.259800000000000000e+04,4.500000000000000000e+03,1.177200000000000000e+04,1.719000000000000000e+03,1.584700000000000000e+04,3.090000000000000000e+03,5.647000000000000000e+03,1.357800000000000000e+04,1.447200000000000000e+04,1.643230000000000000e+05
0.000000000000000000e+00,1.000000000000000000e+00,0.000000000000000000e+00,1.000000000000000000e+00,0.000000000000000000e+00,1.000000000000000000e+00,0.000000000000000000e+00,2.000000000000000111e-01,1.439800000000000000e+04,8.280000000000000000e+03,1.452900000000000000e+04,3.505000000000000000e+03,1.517500000000000000e+04,4.163000000000000000e+03,6.647000000000000000e+03,1.464200000000000000e+04,1.327000000000000000e+04,1.504390000000000000e+05
0.000000000000000000e+00,1.000000000000000000e+00,0.000000000000000000e+00,1.000000000000000000e+00,0.000000000000000000e+00,1.000000000000000000e+00,0.000000000000000000e+00,2.000000000000000111e-01,1.439800000000000000e+04,8.280000000000000000e+03,1.452900000000000000e+04,3.505000000000000000e+03,1.517500000000000000e+04,4.163000000000000000e+03,6.647000000000000000e+03,1.464200000000000000e+04,1.327000000000000000e+04,1.504390000000000000e+05
5.000000000000000000e-01,0.000000000000000000e+00,5.000000000000000000e-01,0.000000000000000000e+00,5.000000000000000000e-01,6.250000000000000000e-01,1.250000000000000000e-01,1.000000000000000056e-01,1.525300000000000000e+04,1.217000000000000000e+04,1.980500000000000000e+04,1.789000000000000000e+03,1.777900000000000000e+04,2.153000000000000000e+03,7.927000000000000000e+03,6.917000000000000000e+03,7.997000000000000000e+03,1.551650000000000000e+05
5.000000000000000000e-01,0.000000000000000000e+00,5.000000000000000000e-01,0.000000000000000000e+00,5.000000000000000000e-01,6.250000000000000000e-01,1.250000000000000000e-01,1.000000000000000056e-01,1.525300000000000000e+04,1.217000000000000000e+04,1.980500000000000000e+04,1.789000000000000000e+03,1.777900000000000000e+04,2.153000000000000000e+03,7.927000000000000000e+03,6.917000000000000000e+03,7.997000000000000000e+03,1.551650000000000000e+05
5.000000000000000000e-01,0.000000000000000000e+00,0.000000000000000000e+00,1.000000000000000000e+00,5.000000000000000000e-01,0.000000000000000000e+00,2.500000000000000000e-01,2.000000000000000111e-01,3.801300000000000000e+04,1.441200000000000000e+04,1.194700000000000000e+04,4.804000000000000000e+03,8.020000000000000000e+03,1.260200000000000000e+04,6.419000000000000000e+03,9.565000000000000000e+03,6.558000000000000000e+03,3.130400000000000000e+04
5.000000000000000000e-01,0.000000000000000000e+00,0.000000000000000000e+00,1.000000000000000000e+00,5.000000000000000000e-01,0.000000000000000000e+00,2.500000000000000000e-01,2.000000000000000111e-01,3.801300000000000000e+04,1.441200000000000000e+04,1.194700000000000000e+04,4.804000000000000000e+03,8.020000000000000000e+03,1.260200000000000000e+04,6.419000000000000000e+03,9.565000000000000000e+03,6.558000000000000000e+03,3.130400000000000000e+04
5.000000000000000000e-01,0.000000000000000000e+00,0.000000000000000000e+00,5.000000000000000000e-01,0.000000000000000000e+00,1.000000000000000000e+00,2.500000000000000000e-01,1.000000000000000056e-01,2.727400000000000000e+04,7.406000000000000000e+03,1.246900000000000000e+04,6.829000000000000000e+03,1.898800000000000000e+04,6.323000000000000000e+03,1.357600000000000000e+04,1.206600000000000000e+04,1.333900000000000000e+04,2.357630000000000000e+05
5.000000000000000000e-01,0.000000000000000000e+00,0.000000000000000000e+00,5.000000000000000000e-01,0.000000000000000000e+00,1.000000000000000000e+00,2.500000000000000000e-01,1.000000000000000056e-01,2.727400000000000000e+04,7.406000000000000000e+03,1.246900000000000000e+04,6.829000000000000000e+03,1.898800000000000000e+04,6.323000000000000000e+03,1.357600000000000000e+04,1.206600000000000000e+04,1.333900000000000000e+04,2.357630000000000000e+05
1.000000000000000000e+00,0.000000000000000000e+00,0.000000000000000000e+00,1.000000000000000000e+00,0.000000000000000000e+00,1.000000000000000000e+00,1.250000000000000000e-01,1.000000000000000056e-01,1.607100000000000000e+04,9.406000000000000000e+03,1.631400000000000000e+04,3.261000000000000000e+03,1.475000000000000000e+04,3.320000000000000000e+03,6.568000000000000000e+03,1.201200000000000000e+04,1.022300000000000000e+04,1.529520000000000000e+05
1.000000000000000000e+00,0.000000000000000000e+00,0.000000000000000000e+00,1.000000000000000000e+00,0.000000000000000000e+00,1.000000000000000000e+00,1.250000000000000000e-01,1.000000000000000056e-01,1.607100000000000000e+04,9.406000000000000000e+03,1.631400000000000000e+04,3.261000000000000000e+03,1.475000000000000000e+04,3.320000000000000000e+03,6.568000000000000000e+03,1.201200000000000000e+04,1.022300000000000000e+04,1.529520000000000000e+05
0.000000000000000000e+00,1.000000000000000000e+00,0.000000000000000000e+00,5.000000000000000000e-01,5.000000000000000000e-01,0.000000000000000000e+00,5.000000000000000000e-01,1.000000000000000056e-01,3.056200000000000000e+04,1.612200000000000000e+04,1.144000000000000000e+04,1.620000000000000000e+03,1.300800000000000000e+04,9.606000000000000000e+03,7.822000000000000000e+03,1.900000000000000000e+04,1.784700000000000000e+04,9.443800000000000000e+04
0.000000000000000000e+00,1.000000000000000000e+00,0.000000000000000000e+00,5.000000000000000000e-01,5.000000000000000000e-01,0.000000000000000000e+00,5.000000000000000000e-01,1.000000000000000056e-01,3.056200000000000000e+04,1.612200000000000000e+04,1.144000000000000000e+04,1.620000000000000000e+03,1.300800000000000000e+04,9.606000000000000000e+03,7.822000000000000000e+03,1.900000000000000000e+04,1.784700000000000000e+04,9.443800000000000000e+04
3.750000000000000000e-01,0.000000000000000000e+00,0.000000000000000000e+00,1.000000000000000000e+00,2.500000000000000000e-01,0.000000000000000000e+00,5.000000000000000000e-01,1.000000000000000056e-01,1.582000000000000000e+04,5.559000000000000000e+03,9.196000000000000000e+03,1.574000000000000000e+03,1.043600000000000000e+04,4.878000000000000000e+03,5.688000000000000000e+03,1.000600000000000000e+04,1.204600000000000000e+04,1.471960000000000000e+05
3.750000000000000000e-01,0.000000000000000000e+00,0.000000000000000000e+00,1.000000000000000000e+00,2.500000000000000000e-01,0.000000000000000000e+00,5.000000000000000000e-01,1.000000000000000056e-01,1.582000000000000000e+04,5.559000000000000000e+03,9.196000000000000000e+03,1.574000000000000000e+03,1.043600000000000000e+04,4.878000000000000000e+03,5.688000000000000000e+03,1.000600000000000000e+04,1.204600000000000000e+04,1.471960000000000000e+05
0.000000000000000000e+00,1.000000000000000000e+00,0.000000000000000000e+00,5.000000000000000000e-01,0.000000000000000000e+00,1.000000000000000000e+00,5.000000000000000000e-01,1.000000000000000056e-01,2.068800000000000000e+04,9.041000000000000000e+03,1.194800000000000000e+04,2.034000000000000000e+03,1.267200000000000000e+04,3.640000000000000000e+03,7.060000000000000000e+03,1.225600000000000000e+04,1.331300000000000000e+04,1.550720000000000000e+05
0.000000000000000000e+00,1.000000000000000000e+00,0.000000000000000000e+00,5.000000000000000000e-01,0.000000000000000000e+00,1.000000000000000000e+00,5.000000000000000000e-01,1.000000000000000056e-01,2.068800000000000000e+04,9.041000000000000000e+03,1.194800000000000000e+04,2.034000000000000000e+03,1.267200000000000000e+04,3.640000000000000000e+03,7.060000000000000000e+03,1.225600000000000000e+04,1.331300000000000000e+04,1.550720000000000000e+05
0.000000000000000000e+00,1.000000000000000000e+00,0.000000000000000000e+00,1.000000000000000000e+00,0.000000000000000000e+00,1.000000000000000000e+00,2.500000000000000000e-01,1.000000000000000056e-01,2.301000000000000000e+04,1.143700000000000000e+04,8.471000000000000000e+03,1.938000000000000000e+03,1.064200000000000000e+04,7.738000000000000000e+03,2.784000000000000000e+03,7.597000000000000000e+03,5.079000000000000000e+03,2.002900000000000000e+04
0.000000000000000000e+00,1.000000000000000000e+00,0.000000000000000000e+00,1.000000000000000000e+00,0.000000000000000000e+00,1.000000000000000000e+00,2.500000000000000000e-01,1.000000000000000056e-01,2.301000000000000000e+04,1.143700000000000000e+04,8.471000000000000000e+03,1.938000000000000000e+03,1.064200000000000000e+04,7.738000000000000000e+03,2.784000000000000000e+03,7.597000000000000000e+03,5.079000000000000000e+03,2.002900000000000000e+04
0.000000000000000000e+00,5.000000000000000000e-01,0.000000000000000000e+00,1.000000000000000000e+00,0.000000000000000000e+00,1.000000000000000000e+00,5.000000000000000000e-01,1.000000000000000056e-01,2.841600000000000000e+04,1.161300000000000000e+04,1.899900000000000000e+04,6.277000000000000000e+03,1.709900000000000000e+04,1.087100000000000000e+04,1.161300000000000000e+04,2.138400000000000000e+04,2.044300000000000000e+04,8.726900000000000000e+04
0.000000000000000000e+00,5.000000000000000000e-01,0.000000000000000000e+00,1.000000000000000000e+00,0.000000000000000000e+00,1.000000000000000000e+00,5.000000000000000000e-01,1.000000000000000056e-01,2.841600000000000000e+04,1.161300000000000000e+04,1.899900000000000000e+04,6.277000000000000000e+03,1.709900000000000000e+04,1.087100000000000000e+04,1.161300000000000000e+04,2.138400000000000000e+04,2.044300000000000000e+04,8.726900000000000000e+04
5.000000000000000000e-01,3.750000000000000000e-01,0.000000000000000000e+00,1.000000000000000000e+00,5.000000000000000000e-01,6.250000000000000000e-01,6.250000000000000000e-01,1.000000000000000056e-01,1.188900000000000000e+04,4.783000000000000000e+03,9.232000000000000000e+03,9.520000000000000000e+02,1.294500000000000000e+04,1.600000000000000000e+03,5.980000000000000000e+03,5.327000000000000000e+03,6.961000000000000000e+03,1.880850000000000000e+05
5.000000000000000000e-01,3.750000000000000000e-01,0.000000000000000000e+00,1.000000000000000000e+00,5.000000000000000000e-01,6.250000000000000000e-01,6.250000000000000000e-01,1.000000000000000056e-01,1.188900000000000000e+04,4.783000000000000000e+03,9.232000000000000000e+03,9.520000000000000000e+02,1.294500000000000000e+04,1.600000000000000000e+03,5.980000000000000000e+03,5.327000000000000000e+03,6.961000000000000000e+03,1.880850000000000000e+05
0.000000000000000000e+00,2.500000000000000000e-01,5.000000000000000000e-01,3.750000000000000000e-01,5.000000000000000000e-01,3.750000000000000000e-01,6.250000000000000000e-01,1.000000000000000056e-01,1.256270000000000000e+05,2.293800000000000000e+04,3.487200000000000000e+04,7.499000000000000000e+03,7.465600000000000000e+04,2.167400000000000000e+04,3.926400000000000000e+04,4.387400000000000000e+04,6.659400000000000000e+04,2.678548000000000000e+06
0.000000000000000000e+00,2.500000000000000000e-01,5.000000000000000000e-01,3.750000000000000000e-01,5.000000000000000000e-01,3.750000000000000000e-01,6.250000000000000000e-01,1.000000000000000056e-01,1.256270000000000000e+05,2.293800000000000000e+04,3.487200000000000000e+04,7.499000000000000000e+03,7.465600000000000000e+04,2.167400000000000000e+04,3.926400000000000000e+04,4.387400000000000000e+04,6.659400000000000000e+04,2.678548000000000000e+06
0.000000000000000000e+00,1.000000000000000000e+00,5.000000000000000000e-01,0.000000000000000000e+00,5.000000000000000000e-01,3.750000000000000000e-01,1.250000000000000000e-01,1.000000000000000056e-01,3.728700000000000000e+04,1.622800000000000000e+04,1.781700000000000000e+04,4.386000000000000000e+03,1.219800000000000000e+04,1.491400000000000000e+04,4.562000000000000000e+03,1.958000000000000000e+04,1.285100000000000000e+04,4.622400000000000000e+04
0.000000000000000000e+00,1.000000000000000000e+00,5.000000000000000000e-01,0.000000000000000000e+00,5.000000000000000000e-01,3.750000000000000000e-01,1.250000000000000000e-01,1.000000000000000056e-01,3.728700000000000000e+04,1.622800000000000000e+04,1.781700000000000000e+04,4.386000000000000000e+03,1.219800000000000000e+04,1.491400000000000000e+04,4.562000000000000000e+03,1.958000000000000000e+04,1.285100000000000000e+04,4.622400000000000000e+04
5.000000000000000000e-01,0.000000000000000000e+00,0.000000000000000000e+00,1.000000000000000000e+00,0.000000000000000000e+00,5.000000000000000000e-01,3.750000000000000000e-01,1.000000000000000056e-01,1.319000000000000000e+04,3.804000000000000000e+03,6.229000000000000000e+03,1.218000000000000000e+03,7.360000000000000000e+03,3.641000000000000000e+03,3.220000000000000000e+03,5.735000000000000000e+03,7.037000000000000000e+03,2.943700000000000000e+04
5.000000000000000000e-01,0.000000000000000000e+00,0.000000000000000000e+00,1.000000000000000000e+00,0.000000000000000000e+00,5.000000000000000000e-01,3.750000000000000000e-01,1.000000000000000056e-01,1.319000000000000000e+04,3.804000000000000000e+03,6.229000000000000000e+03,1.218000000000000000e+03,7.360000000000000000e+03,3.641000000000000000e+03,3.220000000000000000e+03,5.735000000000000000e+03,7.037000000000000000e+03,2.943700000000000000e+04
0.000000000000000000e+00,5.000000000000000000e-01,0.000000000000000000e+00,1.000000000000000000e+00,0.000000000000000000e+00,1.000000000000000000e+00,2.500000000000000000e-01,1.000000000000000056e-01,1.232600000000000000e+04,5.963000000000000000e+03,9.205000000000000000e+03,2.615000000000000000e+03,1.096900000000000000e+04,4.492000000000000000e+03,4.321000000000000000e+03,1.119800000000000000e+04,1.040500000000000000e+04,8.524100000000000000e+04
0.000000000000000000e+00,5.000000000000000000e-01,0.000000000000000000e+00,1.000000000000000000e+00,0.000000000000000000e+00,1.000000000000000000e+00,2.500000000000000000e-01,1.000000000000000056e-01,1.232600000000000000e+04,5.963000000000000000e+03,9.205000000000000000e+03,2.615000000000000000e+03,1.096900000000000000e+04,4.492000000000000000e+03,4.321000000000000000e+03,1.119800000000000000e+04,1.040500000000000000e+04,8.524100000000000000e+04
5.000000000000000000e-01,1.000000000000000000e+00,0.000000000000000000e+00,1.000000000000000000e+00,5.000000000000000000e-01,0.000000000000000000e+00,2.500000000000000000e-01,1.000000000000000056e-01,2.303800000000000000e+04,8.074000000000000000e+03,1.314800000000000000e+04,2.989000000000000000e+03,1.205800000000000000e+04,7.708000000000000000e+03,4.919000000000000000e+03,1.394500000000000000e+04,1.430500000000000000e+04,5.539900000000000000e+04
5.000000000000000000e-01,1.000000000000000000e+00,0.000000000000000000e+00,1.000000000000000000e+00,5.000000000000000000e-01,0.000000000000000000e+00,2.500000000000000000e-01,1.000000000000000056e-01,2.303800000000000000e+04,8.074000000000000000e+03,1.314800000000000000e+04,2.989000000000000000e+03,1.205800000000000000e+04,7.708000000000000000e+03,4.919000000000000000e+03,1.394500000000000000e+04,1.430500000000000000e+04,5.539900000000000000e+04
0.000000000000000000e+00,1.000000000000000000e+00,0.000000000000000000e+00,1.000000000000000000e+00,0.000000000000000000e+00,1.000000000000000000e+00,6.250000000000000000e-01,1.000000000000000056e-01,1.984700000000000000e+04,9.432000000000000000e+03,2.094500000000000000e+04,2.979000000000000000e+03,1.646600000000000000e+04,8.127000000000000000e+03,6.355000000000000000e+03,3.067300000000000000e+04,2.423900000000000000e+04,2.160540000000000000e+05
0.000000000000000000e+00,1.000000000000000000e+00,0.000000000000000000e+00,1.000000000000000000e+00,0.000000000000000000e+00,1.000000000000000000e+00,6.250000000000000000e-01,1.000000000000000056e-01,1.984700000000000000e+04,9.432000000000000000e+03,2.094500000000000000e+04,2.979000000000000000e+03,1.646600000000000000e+04,8.127000000000000000e+03,6.355000000000000000e+03,3.067300000000000000e+04,2.423900000000000000e+04,2.160540000000000000e+05
0.000000000000000000e+00,5.000000000000000000e-01,0.000000000000000000e+00,1.000000000000000000e+00,5.000000000000000000e-01,1.000000000000000000e+00,1.250000000000000000e-01,1.000000000000000056e-01,6.935000000000000000e+03,3.187000000000000000e+03,8.399000000000000000e+03,6.488000000000000000e+03,3.226000000000000000e+03,1.955000000000000000e+03,2.515000000000000000e+03,9.527000000000000000e+03,5.381000000000000000e+03,1.536100000000000000e+04
0.000000000000000000e+00,5.000000000000000000e-01,0.000000000000000000e+00,1.000000000000000000e+00,5.000000000000000000e-01,1.000000000000000000e+00,1.250000000000000000e-01,1.000000000000000056e-01,6.935000000000000000e+03,3.187000000000000000e+03,8.399000000000000000e+03,6.488000000000000000e+03,3.226000000000000000e+03,1.955000000000000000e+03,2.515000000000000000e+03,9.527000000000000000e+03,5.381000000000000000e+03,1.536100000000000000e+04
5.000000000000000000e-01,1.000000000000000000e+00,5.000000000000000000e-01,1.000000000000000000e+00,1.000000000000000000e+00,8.750000000000000000e-01,2.500000000000000000e-01,1.000000000000000056e-01,2.762000000000000000e+04,1.583000000000000000e+03,4.923000000000000000e+03,2.036000000000000000e+03,9.261000000000000000e+03,5.976000000000000000e+03,1.003100000000000000e+04,7.390000000000000000e+03,1.182300000000000000e+04,3.980640000000000000e+05
5.000000000000000000e-01,1.000000000000000000e+00,5.000000000000000000e-01,1.000000000000000000e+00,1.000000000000000000e+00,8.750000000000000000e-01,2.500000000000000000e-01,1.000000000000000056e-01,2.762000000000000000e+04,1.583000000000000000e+03,4.923000000000000000e+03,2.036000000000000000e+03,9.261000000000000000e+03,5.976000000000000000e+03,1.003100000000000000e+04,7.390000000000000000e+03,1.182300000000000000e+04,3.980640000000000000e+05
0.000000000000000000e+00,5.000000000000000000e-01,0.000000000000000000e+00,5.000000000000000000e-01,5.000000000000000000e-01,0.000000000000000000e+00,6.250000000000000000e-01,1.000000000000000056e-01,2.425000000000000000e+04,1.898000000000000000e+04,2.136000000000000000e+04,1.562000000000000000e+03,2.165600000000000000e+04,4.249000000000000000e+03,7.021000000000000000e+03,1.335500000000000000e+04,1.440400000000000000e+04,1.212650000000000000e+05
0.000000000000000000e+00,5.000000000000000000e-01,0.000000000000000000e+00,5.000000000000000000e-01,5.000000000000000000e-01,0.000000000000000000e+00,6.250000000000000000e-01,1.000000000000000056e-01,2.425000000000000000e+04,1.898000000000000000e+04,2.136000000000000000e+04,1.562000000000000000e+03,2.165600000000000000e+04,4.249000000000000000e+03,7.021000000000000000e+03,1.335500000000000000e+04,1.440400000000000000e+04,1.212650000000000000e+05
5.000000000000000000e-01,0.000000000000000000e+00,0.000000000000000000e+00,1.000000000000000000e+00,6.250000000000000000e-01,5.000000000000000000e-01,5.000000000000000000e-01,1.000000000000000056e-01,4.179000000000000000e+04,1.490100000000000000e+04,1.879900000000000000e+04,4.982000000000000000e+03,1.651100000000000000e+04,1.695000000000000000e+04,5.344000000000000000e+03,1.422200000000000000e+04,1.132300000000000000e+04,4.102200000000000000e+04
5.000000000000000000e-01,0.000000000000000000e+00,0.000000000000000000e+00,1.000000000000000000e+00,6.250000000000000000e-01,5.000000000000000000e-01,5.000000000000000000e-01,1.000000000000000056e-01,4.179000000000000000e+04,1.490100000000000000e+04,1.879900000000000000e+04,4.982000000000000000e+03,1.651100000000000000e+04,1.695000000000000000e+04,5.344000000000000000e+03,1.422200000000000000e+04,1.132300000000000000e+04,4.102200000000000000e+04
5.000000000000000000e-01,1.000000000000000000e+00,5.000000000000000000e-01,0.000000000000000000e+00,5.000000000000000000e-01,0.000000000000000000e+00,2.500000000000000000e-01,1.000000000000000056e-01,2.260100000000000000e+04,2.617000000000000000e+03,4.123000000000000000e+03,3.080000000000000000e+03,6.331000000000000000e+03,1.016100000000000000e+04,2.213000000000000000e+03,8.683000000000000000e+03,1.083300000000000000e+04,3.246500000000000000e+04
5.000000000000000000e-01,1.000000000000000000e+00,5.000000000000000000e-01,0.000000000000000000e+00,5.000000000000000000e-01,0.000000000000000000e+00,2.500000000000000000e-01,1.000000000000000056e-01,2.260100000000000000e+04,2.617000000000000000e+03,4.123000000000000000e+03,3.080000000000000000e+03,6.331000000000000000e+03,1.016100000000000000e+04,2.213000000000000000e+03,8.683000000000000000e+03,1.083300000000000000e+04,3.246500000000000000e+04
5.000000000000000000e-01,1.000000000000000000e+00,0.000000000000000000e+00,1.000000000000000000e+00,5.000000000000000000e-01,0.000000000000000000e+00,3.750000000000000000e-01,1.000000000000000056e-01,2.251300000000000000e+04,6.630000000000000000e+03,9.557000000000000000e+03,2.551000000000000000e+03,2.467800000000000000e+04,6.737000000000000000e+03,1.191700000000000000e+04,1.664400000000000000e+04,2.165800000000000000e+04,1.260260000000000000e+05
5.000000000000000000e-01,1.000000000000000000e+00,0.000000000000000000e+00,1.000000000000000000e+00,5.000000000000000000e-01,0.000000000000000000e+00,3.750000000000000000e-01,1.000000000000000056e-01,2.251300000000000000e+04,6.630000000000000000e+03,9.557000000000000000e+03,2.551000000000000000e+03,2.467800000000000000e+04,6.737000000000000000e+03,1.191700000000000000e+04,1.664400000000000000e+04,2.165800000000000000e+04,1.260260000000000000e+05
5.000000000000000000e-01,0.000000000000000000e+00,0.000000000000000000e+00,1.000000000000000000e+00,5.000000000000000000e-01,0.000000000000000000e+00,5.000000000000000000e-01,1.000000000000000056e-01,2.964200000000000000e+04,5.561000000000000000e+03,1.227400000000000000e+04,3.277000000000000000e+03,1.735500000000000000e+04,7.357000000000000000e+03,9.410000000000000000e+03,1.349100000000000000e+04,1.431600000000000000e+04,3.612680000000000000e+05
5.000000000000000000e-01,0.000000000000000000e+00,0.000000000000000000e+00,1.000000000000000000e+00,5.000000000000000000e-01,0.000000000000000000e+00,5.000000000000000000e-01,1.000000000000000056e-01,2.964200000000000000e+04,5.561000000000000000e+03,1.227400000000000000e+04,3.277000000000000000e+03,1.735500000000000000e+04,7.357000000000000000e+03,9.410000000000000000e+03,1.349100000000000000e+04,1.431600000000000000e+04,3.612680000000000000e+05
5.000000000000000000e-01,1.000000000000000000e+00,5.000000000000000000e-01,0.000000000000000000e+00,5.000000000000000000e-01,0.000000000000000000e+00,2.500000000000000000e-01,1.000000000000000056e-01,2.260100000000000000e+04,2.617000000000000000e+03,4.123000000000000000e+03,3.080000000000000000e+03,6.331000000000000000e+03,1.016100000000000000e+04,2.213000000000000000e+03,8.683000000000000000e+03,1.083300000000000000e+04,3.246500000000000000e+04
5.000000000000000000e-01,1.000000000000000000e+00,5.000000000000000000e-01,0.000000000000000000e+00,5.000000000000000000e-01,0.000000000000000000e+00,2.500000000000000000e-01,1.000000000000000056e-01,2.260100000000000000e+04,2.617000000000000000e+03,4.123000000000000000e+03,3.080000000000000000e+03,6.331000000000000000e+03,1.016100000000000000e+04,2.213000000000000000e+03,8.683000000000000000e+03,1.083300000000000000e+04,3.246500000000000000e+04
1.000000000000000000e+00,8.750000000000000000e-01,5.000000000000000000e-01,0.000000000000000000e+00,0.000000000000000000e+00,1.000000000000000000e+00,5.000000000000000000e-01,1.000000000000000056e-01,2.740800000000000000e+04,4.793000000000000000e+03,8.693000000000000000e+03,3.650000000000000000e+03,1.351500000000000000e+04,6.404000000000000000e+03,1.183600000000000000e+04,8.975000000000000000e+03,1.140400000000000000e+04,3.784120000000000000e+05
1.000000000000000000e+00,8.750000000000000000e-01,5.000000000000000000e-01,0.000000000000000000e+00,0.000000000000000000e+00,1.000000000000000000e+00,5.000000000000000000e-01,1.000000000000000056e-01,2.740800000000000000e+04,4.793000000000000000e+03,8.693000000000000000e+03,3.650000000000000000e+03,1.351500000000000000e+04,6.404000000000000000e+03,1.183600000000000000e+04,8.975000000000000000e+03,1.140400000000000000e+04,3.784120000000000000e+05
5.000000000000000000e-01,0.000000000000000000e+00,0.000000000000000000e+00,1.000000000000000000e+00,0.000000000000000000e+00,1.000000000000000000e+00,3.750000000000000000e-01,1.000000000000000056e-01,2.561300000000000000e+04,9.239000000000000000e+03,1.550200000000000000e+04,5.029000000000000000e+03,1.556700000000000000e+04,6.426000000000000000e+03,1.227600000000000000e+04,1.497200000000000000e+04,1.573600000000000000e+04,3.518650000000000000e+05
5.000000000000000000e-01,0.000000000000000000e+00,0.000000000000000000e+00,1.000000000000000000e+00,0.000000000000000000e+00,1.000000000000000000e+00,3.750000000000000000e-01,1.000000000000000056e-01,2.561300000000000000e+04,9.239000000000000000e+03,1.550200000000000000e+04,5.029000000000000000e+03,1.556700000000000000e+04,6.426000000000000000e+03,1.227600000000000000e+04,1.497200000000000000e+04,1.573600000000000000e+04,3.518650000000000000e+05
5.000000000000000000e-01,0.000000000000000000e+00,5.000000000000000000e-01,0.000000000000000000e+00,5.000000000000000000e-01,6.250000000000000000e-01,3.750000000000000000e-01,1.000000000000000056e-01,2.371800000000000000e+04,2.122000000000000000e+03,3.789000000000000000e+03,2.923000000000000000e+03,5.948000000000000000e+03,1.141600000000000000e+04,2.312000000000000000e+03,8.501000000000000000e+03,1.029400000000000000e+04,3.203400000000000000e+04
5.000000000000000000e-01,0.000000000000000000e+00,5.000000000000000000e-01,0.000000000000000000e+00,5.000000000000000000e-01,6.250000000000000000e-01,3.750000000000000000e-01,1.000000000000000056e-01,2.371800000000000000e+04,2.122000000000000000e+03,3.789000000000000000e+03,2.923000000000000000e+03,5.948000000000000000e+03,1.141600000000000000e+04,2.312000000000000000e+03,8.501000000000000000e+03,1.029400000000000000e+04,3.203400000000000000e+04
5.000000000000000000e-01,0.000000000000000000e+00,5.000000000000000000e-01,0.000000000000000000e+00,5.000000000000000000e-01,0.000000000000000000e+00,1.250000000000000000e-01,1.000000000000000056e-01,4.351900000000000000e+04,6.653000000000000000e+03,1.159900000000000000e+04,2.740000000000000000e+03,1.757200000000000000e+04,1.117200000000000000e+04,1.224500000000000000e+04,1.352200000000000000e+04,1.541600000000000000e+04,3.408860000000000000e+05
5.000000000000000000e-01,0.000000000000000000e+00,5.000000000000000000e-01,0.000000000000000000e+00,5.000000000000000000e-01,0.000000000000000000e+00,1.250000000000000000e-01,1.000000000000000056e-01,4.351900000000000000e+04,6.653000000000000000e+03,1.159900000000000000e+04,2.740000000000000000e+03,1.757200000000000000e+04,1.117200000000000000e+04,1.224500000000000000e+04,1.352200000000000000e+04,1.541600000000000000e+04,3.408860000000000000e+05
0.000000000000000000e+00,5.000000000000000000e-01,0.000000000000000000e+00,1.000000000000000000e+00,0.000000000000000000e+00,1.000000000000000000e+00,6.250000000000000000e-01,1.000000000000000056e-01,7.845000000000000000e+03,1.739000000000000000e+03,3.101000000000000000e+03,9.400000000000000000e+02,1.602000000000000000e+04,1.515000000000000000e+03,5.732000000000000000e+03,1.107000000000000000e+04,1.748900000000000000e+04,1.845480000000000000e+05
0.000000000000000000e+00,5.000000000000000000e-01,0.000000000000000000e+00,1.000000000000000000e+00,0.000000000000000000e+00,1.000000000000000000e+00,6.250000000000000000e-01,1.000000000000000056e-01,7.845000000000000000e+03,1.739000000000000000e+03,3.101000000000000000e+03,9.400000000000000000e+02,1.602000000000000000e+04,1.515000000000000000e+03,5.732000000000000000e+03,1.107000000000000000e+04,1.748900000000000000e+04,1.845480000000000000e+05
5.000000000000000000e-01,0.000000000000000000e+00,0.000000000000000000e+00,1.000000000000000000e+00,0.000000000000000000e+00,1.000000000000000000e+00,6.250000000000000000e-01,1.000000000000000056e-01,9.245000000000000000e+03,2.588000000000000000e+03,3.274000000000000000e+03,1.568000000000000000e+03,2.213600000000000000e+04,2.515000000000000000e+03,7.901000000000000000e+03,1.432600000000000000e+04,2.226600000000000000e+04,1.641810000000000000e+05
5.000000000000000000e-01,0.000000000000000000e+00,0.000000000000000000e+00,1.000000000000000000e+00,0.000000000000000000e+00,1.000000000000000000e+00,6.250000000000000000e-01,1.000000000000000056e-01,9.245000000000000000e+03,2.588000000000000000e+03,3.274000000000000000e+03,1.568000000000000000e+03,2.213600000000000000e+04,2.515000000000000000e+03,7.901000000000000000e+03,1.432600000000000000e+04,2.226600000000000000e+04,1.641810000000000000e+05
0.000000000000000000e+00,5.000000000000000000e-01,0.000000000000000000e+00,5.000000000000000000e-01,0.000000000000000000e+00,1.000000000000000000e+00,0.000000000000000000e+00,1.000000000000000056e-01,1.775500000000000000e+04,2.895000000000000000e+03,8.674000000000000000e+03,1.771000000000000000e+03,1.336300000000000000e+04,5.387000000000000000e+03,7.538000000000000000e+03,1.083300000000000000e+04,1.414900000000000000e+04,3.954060000000000000e+05
0.000000000000000000e+00,5.000000000000000000e-01,0.000000000000000000e+00,5.000000000000000000e-01,0.000000000000000000e+00,1.000000000000000000e+00,0.000000000000000000e+00,1.000000000000000056e-01,1.775500000000000000e+04,2.895000000000000000e+03,8.674000000000000000e+03,1.771000000000000000e+03,1.336300000000000000e+04,5.387000000000000000e+03,7.538000000000000000e+03,1.083300000000000000e+04,1.414900000000000000e+04,3.954060000000000000e+05
5.000000000000000000e-01,0.000000000000000000e+00,5.000000000000000000e-01,0.000000000000000000e+00,0.000000000000000000e+00,1.000000000000000000e+00,3.750000000000000000e-01,1.000000000000000056e-01,9.358000000000000000e+03,3.098000000000000000e+03,5.295000000000000000e+03,1.518000000000000000e+03,9.841000000000000000e+03,2.643000000000000000e+03,4.514000000000000000e+03,6.217000000000000000e+03,8.021000000000000000e+03,7.799700000000000000e+04
5.000000000000000000e-01,0.000000000000000000e+00,5.000000000000000000e-01,0.000000000000000000e+00,0.000000000000000000e+00,1.000000000000000000e+00,3.750000000000000000e-01,1.000000000000000056e-01,9.358000000000000000e+03,3.098000000000000000e+03,5.295000000000000000e+03,1.518000000000000000e+03,9.841000000000000000e+03,2.643000000000000000e+03,4.514000000000000000e+03,6.217000000000000000e+03,8.021000000000000000e+03,7.799700000000000000e+04
5.000000000000000000e-01,0.000000000000000000e+00,0.000000000000000000e+00,5.000000000000000000e-01,0.000000000000000000e+00,1.000000000000000000e+00,1.250000000000000000e-01,2.000000000000000111e-01,1.464200000000000000e+04,4.956000000000000000e+03,6.432000000000000000e+03,1.794000000000000000e+03,9.012000000000000000e+03,2.990000000000000000e+03,3.547000000000000000e+03,6.075000000000000000e+03,7.106000000000000000e+03,4.789100000000000000e+04
5.000000000000000000e-01,0.000000000000000000e+00,0.000000000000000000e+00,5.000000000000000000e-01,0.000000000000000000e+00,1.000000000000000000e+00,1.250000000000000000e-01,2.000000000000000111e-01,1.464200000000000000e+04,4.956000000000000000e+03,6.432000000000000000e+03,1.794000000000000000e+03,9.012000000000000000e+03,2.990000000000000000e+03,3.547000000000000000e+03,6.075000000000000000e+03,7.106000000000000000e+03,4.789100000000000000e+04
5.000000000000000000e-01,0.000000000000000000e+00,0.000000000000000000e+00,1.000000000000000000e+00,5.000000000000000000e-01,1.000000000000000000e+00,0.000000000000000000e+00,1.000000000000000056e-01,3.058100000000000000e+04,1.472800000000000000e+04,1.151300000000000000e+04,5.117000000000000000e+03,1.267100000000000000e+04,9.929000000000000000e+03,1.127000000000000000e+04,1.791500000000000000e+04,1.200000000000000000e+04,1.158560000000000000e+05
5.000000000000000000e-01,0.000000000000000000e+00,0.000000000000000000e+00,1.000000000000000000e+00,5.000000000000000000e-01,1.000000000000000000e+00,0.000000000000000000e+00,1.000000000000000056e-01,3.058100000000000000e+04,1.472800000000000000e+04,1.151300000000000000e+04,5.117000000000000000e+03,1.267100000000000000e+04,9.929000000000000000e+03,1.127000000000000000e+04,1.791500000000000000e+04,1.200000000000000000e+04,1.158560000000000000e+05
1.000000000000000000e+00,5.000000000000000000e-01,1.000000000000000000e+00,0.000000000000000000e+00,0.000000000000000000e+00,1.000000000000000000e+00,1.250000000000000000e-01,1.000000000000000056e-01,1.789800000000000000e+04,4.095000000000000000e+03,1.150600000000000000e+04,2.414000000000000000e+03,1.374100000000000000e+04,7.690000000000000000e+03,5.634000000000000000e+03,1.135900000000000000e+04,1.103200000000000000e+04,2.389860000000000000e+05
1.000000000000000000e+00,5.000000000000000000e-01,1.000000000000000000e+00,0.000000000000000000e+00,0.000000000000000000e+00,1.000000000000000000e+00,1.250000000000000000e-01,1.000000000000000056e-01,1.789800000000000000e+04,4.095000000000000000e+03,1.150600000000000000e+04,2.414000000000000000e+03,1.374100000000000000e+04,7.690000000000000000e+03,5.634000000000000000e+03,1.135900000000000000e+04,1.103200000000000000e+04,2.389860000000000000e+05
0.000000000000000000e+00,5.000000000000000000e-01,0.000000000000000000e+00,1.000000000000000000e+00,0.000000000000000000e+00,1.000000000000000000e+00,5.000000000000000000e-01,1.000000000000000056e-01,2.454100000000000000e+04,4.462000000000000000e+03,1.021200000000000000e+04,3.304000000000000000e+03,1.291100000000000000e+04,9.028000000000000000e+03,6.874000000000000000e+03,1.424600000000000000e+04,1.453500000000000000e+04,2.220190000000000000e+05
0.000000000000000000e+00,5.000000000000000000e-01,0.000000000000000000e+00,1.000000000000000000e+00,0.000000000000000000e+00,1.000000000000000000e+00,5.000000000000000000e-01,1.000000000000000056e-01,2.454100000000000000e+04,4.462000000000000000e+03,1.021200000000000000e+04,3.304000000000000000e+03,1.291100000000000000e+04,9.028000000000000000e+03,6.874000000000000000e+03,1.424600000000000000e+04,1.453500000000000000e+04,2.220190000000000000e+05
5.000000000000000000e-01,0.000000000000000000e+00,0.000000000000000000e+00,1.000000000000000000e+00,5.000000000000000000e-01,3.750000000000000000e-01,5.000000000000000000e-01,1.000000000000000056e-01,4.555100000000000000e+04,6.557000000000000000e+03,9.010000000000000000e+03,3.003000000000000000e+03,1.345200000000000000e+04,1.044100000000000000e+04,9.164000000000000000e+03,1.026300000000000000e+04,1.162700000000000000e+04,2.014160000000000000e+05
5.000000000000000000e-01,0.000000000000000000e+00,0.000000000000000000e+00,1.000000000000000000e+00,5.000000000000000000e-01,3.750000000000000000e-01,5.000000000000000000e-01,1.000000000000000056e-01,4.555100000000000000e+04,6.557000000000000000e+03,9.010000000000000000e+03,3.003000000000000000e+03,1.345200000000000000e+04,1.044100000000000000e+04,9.164000000000000000e+03,1.026300000000000000e+04,1.162700000000000000e+04,2.014160000000000000e+05
5.000000000000000000e-01,1.000000000000000000e+00,0.000000000000000000e+00,1.000000000000000000e+00,5.000000000000000000e-01,0.000000000000000000e+00,5.000000000000000000e-01,1.000000000000000056e-01,2.863600000000000000e+04,5.763000000000000000e+03,1.091200000000000000e+04,3.687000000000000000e+03,1.575300000000000000e+04,7.352000000000000000e+03,1.186900000000000000e+04,1.312000000000000000e+04,1.363100000000000000e+04,2.109580000000000000e+05
5.000000000000000000e-01,1.000000000000000000e+00,0.000000000000000000e+00,1.000000000000000000e+00,5.000000000000000000e-01,0.000000000000000000e+00,5.000000000000000000e-01,1.000000000000000056e-01,2.863600000000000000e+04,5.763000000000000000e+03,1.091200000000000000e+04,3.687000000000000000e+03,1.575300000000000000e+04,7.352000000000000000e+03,1.186900000000000000e+04,1.312000000000000000e+04,1.363100000000000000e+04,2.109580000000000000e+05
5.000000000000000000e-01,0.000000000000000000e+00,0.000000000000000000e+00,1.000000000000000000e+00,5.000000000000000000e-01,6.250000000000000000e-01,0.000000000000000000e+00,1.000000000000000056e-01,3.295300000000000000e+04,2.484000000000000000e+04,1.951700000000000000e+04,2.176000000000000000e+03,1.426300000000000000e+04,2.092200000000000000e+04,9.554000000000000000e+03,1.458100000000000000e+04,1.349500000000000000e+04,2.063100000000000000e+05
5.000000000000000000e-01,0.000000000000000000e+00,0.000000000000000000e+00,1.000000000000000000e+00,5.000000000000000000e-01,6.250000000000000000e-01,0.000000000000000000e+00,1.000000000000000056e-01,3.295300000000000000e+04,2.484000000000000000e+04,1.951700000000000000e+04,2.176000000000000000e+03,1.426300000000000000e+04,2.092200000000000000e+04,9.554000000000000000e+03,1.458100000000000000e+04,1.349500000000000000e+04,2.063100000000000000e+05
0.000000000000000000e+00,1.000000000000000000e+00,0.000000000000000000e+00,1.000000000000000000e+00,0.000000000000000000e+00,1.000000000000000000e+00,6.250000000000000000e-01,1.000000000000000056e-01,1.239500000000000000e+04,2.362000000000000000e+03,1.541400000000000000e+04,2.418000000000000000e+03,8.968000000000000000e+03,9.149000000000000000e+03,7.267000000000000000e+03,6.636700000000000000e+04,3.232500000000000000e+04,9.070000000000000000e+04
0.000000000000000000e+00,1.000000000000000000e+00,0.000000000000000000e+00,1.000000000000000000e+00,0.000000000000000000e+00,1.000000000000000000e+00,6.250000000000000000e-01,1.000000000000000056e-01,1.239500000000000000e+04,2.362000000000000000e+03,1.541400000000000000e+04,2.418000000000000000e+03,8.968000000000000000e+03,9.149000000000000000e+03,7.267000000000000000e+03,6.636700000000000000e+04,3.232500000000000000e+04,9.070000000000000000e+04
0.000000000000000000e+00,1.000000000000000000e+00,0.000000000000000000e+00,1.000000000000000000e+00,5.000000000000000000e-01,0.000000000000000000e+00,1.250000000000000000e-01,1.000000000000000056e-01,5.245200000000000000e+04,1.295000000000000000e+04,1.966800000000000000e+04,6.964000000000000000e+03,2.815900000000000000e+04,1.967700000000000000e+04,1.197100000000000000e+04,2.286300000000000000e+04,2.439100000000000000e+04,1.163880000000000000e+05
0.000000000000000000e+00,1.000000000000000000e+00,0.000000000000000000e+00,1.000000000000000000e+00,5.000000000000000000e-01,0.000000000000000000e+00,1.250000000000000000e-01,1.000000000000000056e-01,5.245200000000000000e+04,1.295000000000000000e+04,1.966800000000000000e+04,6.964000000000000000e+03,2.815900000000000000e+04,1.967700000000000000e+04,1.197100000000000000e+04,2.286300000000000000e+04,2.439100000000000000e+04,1.163880000000000000e+05
5.000000000000000000e-01,0.000000000000000000e+00,5.000000000000000000e-01,0.000000000000000000e+00,5.000000000000000000e-01,3.750000000000000000e-01,2.500000000000000000e-01,1.000000000000000056e-01,1.675200000000000000e+04,5.030000000000000000e+03,5.001000000000000000e+03,2.391000000000000000e+03,5.375000000000000000e+03,5.239000000000000000e+03,3.136000000000000000e+03,3.712000000000000000e+03,4.703000000000000000e+03,1.589800000000000000e+04
5.000000000000000000e-01,0.000000000000000000e+00,5.000000000000000000e-01,0.000000000000000000e+00,5.000000000000000000e-01,3.750000000000000000e-01,2.500000000000000000e-01,1.000000000000000056e-01,1.675200000000000000e+04,5.030000000000000000e+03,5.001000000000000000e+03,2.391000000000000000e+03,5.375000000000000000e+03,5.239000000000000000e+03,3.136000000000000000e+03,3.712000000000000000e+03,4.703000000000000000e+03,1.589800000000000000e+04
5.000000000000000000e-01,0.000000000000000000e+00,5.000000000000000000e-01,0.000000000000000000e+00,5.000000000000000000e-01,0.000000000000000000e+00,1.250000000000000000e-01,2.000000000000000111e-01,8.808000000000000000e+03,5.011000000000000000e+03,5.350000000000000000e+03,1.767000000000000000e+03,4.517000000000000000e+03,2.053000000000000000e+03,1.399000000000000000e+03,2.624000000000000000e+03,2.302000000000000000e+03,8.163000000000000000e+03
5.000000000000000000e-01,0.000000000000000000e+00,5.000000000000000000e-01,0.000000000000000000e+00,5.000000000000000000e-01,0.000000000000000000e+00,1.250000000000000000e-01,2.000000000000000111e-01,8.808000000000000000e+03,5.011000000000000000e+03,5.350000000000000000e+03,1.767000000000000000e+03,4.517000000000000000e+03,2.053000000000000000e+03,1.399000000000000000e+03,2.624000000000000000e+03,2.302000000000000000e+03,8.163000000000000000e+03
5.000000000000000000e-01,6.250000000000000000e-01,5.000000000000000000e-01,0.000000000000000000e+00,5.000000000000000000e-01,0.000000000000000000e+00,5.000000000000000000e-01,1.000000000000000056e-01,4.593800000000000000e+04,1.155300000000000000e+04,1.354500000000000000e+04,7.898000000000000000e+03,2.819700000000000000e+04,1.709300000000000000e+04,1.403700000000000000e+04,1.391500000000000000e+04,1.718500000000000000e+04,3.192300000000000000e+05
5.000000000000000000e-01,6.250000000000000000e-01,5.000000000000000000e-01,0.000000000000000000e+00,5.000000000000000000e-01,0.000000000000000000e+00,5.000000000000000000e-01,1.000000000000000056e-01,4.593800000000000000e+04,1.155300000000000000e+04,1.354500000000000000e+04,7.898000000000000000e+03,2.819700000000000000e+04,1.709300000000000000e+04,1.403700000000000000e+04,1.391500000000000000e+04,1.718500000000000000e+04,3.192300000000000000e+05
5.000000000000000000e-01,0.000000000000000000e+00,0.000000000000000000e+00,5.000000000000000000e-01,5.000000000000000000e-01,0.000000000000000000e+00,3.750000000000000000e-01,1.000000000000000056e-01,3.821800000000000000e+04,1.225600000000000000e+04,1.775200000000000000e+04,7.980000000000000000e+03,2.515500000000000000e+04,1.161300000000000000e+04,1.302300000000000000e+04,1.466000000000000000e+04,1.752500000000000000e+04,3.341080000000000000e+05
5.000000000000000000e-01,0.000000000000000000e+00,0.000000000000000000e+00,5.000000000000000000e-01,5.000000000000000000e-01,0.000000000000000000e+00,3.750000000000000000e-01,1.000000000000000056e-01,3.821800000000000000e+04,1.225600000000000000e+04,1.775200000000000000e+04,7.980000000000000000e+03,2.515500000000000000e+04,1.161300000000000000e+04,1.302300000000000000e+04,1.466000000000000000e+04,1.752500000000000000e+04,3.341080000000000000e+05
5.000000000000000000e-01,0.000000000000000000e+00,0.000000000000000000e+00,1.000000000000000000e+00,5.000000000000000000e-01,0.000000000000000000e+00,6.250000000000000000e-01,1.000000000000000056e-01,6.884500000000000000e+04,2.213700000000000000e+04,2.808500000000000000e+04,1.221400000000000000e+04,3.682400000000000000e+04,2.085000000000000000e+04,1.854400000000000000e+04,2.223900000000000000e+04,2.600700000000000000e+04,2.182160000000000000e+05
5.000000000000000000e-01,0.000000000000000000e+00,0.000000000000000000e+00,1.000000000000000000e+00,5.000000000000000000e-01,0.000000000000000000e+00,6.250000000000000000e-01,1.000000000000000056e-01,6.884500000000000000e+04,2.213700000000000000e+04,2.808500000000000000e+04,1.221400000000000000e+04,3.682400000000000000e+04,2.085000000000000000e+04,1.854400000000000000e+04,2.223900000000000000e+04,2.600700000000000000e+04,2.182160000000000000e+05
5.000000000000000000e-01,0.000000000000000000e+00,5.000000000000000000e-01,0.000000000000000000e+00,5.000000000000000000e-01,0.000000000000000000e+00,5.000000000000000000e-01,1.000000000000000056e-01,2.687200000000000000e+04,4.903000000000000000e+03,1.158100000000000000e+04,1.386000000000000000e+03,1.809200000000000000e+04,4.633000000000000000e+03,8.632000000000000000e+03,9.686000000000000000e+03,1.148900000000000000e+04,1.514410000000000000e+05
5.000000000000000000e-01,0.000000000000000000e+00,5.000000000000000000e-01,0.000000000000000000e+00,5.000000000000000000e-01,0.000000000000000000e+00,5.000000000000000000e-01,1.000000000000000056e-01,2.687200000000000000e+04,4.903000000000000000e+03,1.158100000000000000e+04,1.386000000000000000e+03,1.809200000000000000e+04,4.633000000000000000e+03,8.632000000000000000e+03,9.686000000000000000e+03,1.148900000000000000e+04,1.514410000000000000e+05
5.000000000000000000e-01,0.000000000000000000e+00,0.000000000000000000e+00,5.000000000000000000e-01,5.000000000000000000e-01,0.000000000000000000e+00,3.750000000000000000e-01,1.000000000000000056e-01,5.215400000000000000e+04,1.394500000000000000e+04,2.220700000000000000e+04,8.700000000000000000e+03,2.814100000000000000e+04,1.809300000000000000e+04,1.556300000000000000e+04,1.908500000000000000e+04,2.281400000000000000e+04,2.861080000000000000e+05
5.000000000000000000e-01,0.000000000000000000e+00,0.000000000000000000e+00,5.000000000000000000e-01,5.000000000000000000e-01,0.000000000000000000e+00,3.750000000000000000e-01,1.000000000000000056e-01,5.215400000000000000e+04,1.394500000000000000e+04,2.220700000000000000e+04,8.700000000000000000e+03,2.814100000000000000e+04,1.809300000000000000e+04,1.556300000000000000e+04,1.908500000000000000e+04,2.281400000000000000e+04,2.861080000000000000e+05
5.000000000000000000e-01,0.000000000000000000e+00,0.000000000000000000e+00,1.000000000000000000e+00,5.000000000000000000e-01,0.000000000000000000e+00,3.750000000000000000e-01,1.000000000000000056e-01,5.151000000000000000e+04,1.661900000000000000e+04,2.512000000000000000e+04,9.021000000000000000e+03,3.002400000000000000e+04,2.007500000000000000e+04,1.665500000000000000e+04,2.366300000000000000e+04,2.837500000000000000e+04,2.622930000000000000e+05
5.000000000000000000e-01,0.000000000000000000e+00,0.000000000000000000e+00,1.000000000000000000e+00,5.000000000000000000e-01,0.000000000000000000e+00,3.750000000000000000e-01,1.000000000000000056e-01,5.151000000000000000e+04,1.661900000000000000e+04,2.512000000000000000e+04,9.021000000000000000e+03,3.002400000000000000e+04,2.007500000000000000e+04,1.665500000000000000e+04,2.366300000000000000e+04,2.837500000000000000e+04,2.622930000000000000e+05
5.000000000000000000e-01,0.000000000000000000e+00,0.000000000000000000e+00,5.000000000000000000e-01,5.000000000000000000e-01,0.000000000000000000e+00,3.750000000000000000e-01,1.000000000000000056e-01,3.821800000000000000e+04,1.225600000000000000e+04,1.775200000000000000e+04,7.980000000000000000e+03,2.515500000000000000e+04,1.161300000000000000e+04,1.302300000000000000e+04,1.466000000000000000e+04,1.752500000000000000e+04,3.341080000000000000e+05
5.000000000000000000e-01,0.000000000000000000e+00,0.000000000000000000e+00,5.000000000000000000e-01,5.000000000000000000e-01,0.000000000000000000e+00,3.750000000000000000e-01,1.000000000000000056e-01,3.821800000000000000e+04,1.225600000000000000e+04,1.775200000000000000e+04,7.980000000000000000e+03,2.515500000000000000e+04,1.161300000000000000e+04,1.302300000000000000e+04,1.466000000000000000e+04,1.752500000000000000e+04,3.341080000000000000e+05
5.000000000000000000e-01,0.000000000000000000e+00,0.000000000000000000e+00,1.000000000000000000e+00,5.000000000000000000e-01,0.000000000000000000e+00,3.750000000000000000e-01,1.000000000000000056e-01,5.662400000000000000e+04,2.059000000000000000e+04,3.082800000000000000e+04,1.009200000000000000e+04,3.142400000000000000e+04,2.164100000000000000e+04,1.492300000000000000e+04,2.830000000000000000e+04,3.018200000000000000e+04,2.422300000000000000e+05
5.000000000000000000e-01,0.000000000000000000e+00,0.000000000000000000e+00,1.000000000000000000e+00,5.000000000000000000e-01,0.000000000000000000e+00,3.750000000000000000e-01,1.000000000000000056e-01,5.662400000000000000e+04,2.059000000000000000e+04,3.082800000000000000e+04,1.009200000000000000e+04,3.142400000000000000e+04,2.164100000000000000e+04,1.492300000000000000e+04,2.830000000000000000e+04,3.018200000000000000e+04,2.422300000000000000e+05
5.000000000000000000e-01,0.000000000000000000e+00,0.000000000000000000e+00,1.000000000000000000e+00,0.000000000000000000e+00,1.000000000000000000e+00,3.750000000000000000e-01,1.000000000000000056e-01,5.492000000000000000e+04,1.539300000000000000e+04,2.030200000000000000e+04,6.772000000000000000e+03,2.675800000000000000e+04,1.436300000000000000e+04,1.312000000000000000e+04,2.177500000000000000e+04,2.354100000000000000e+04,2.948900000000000000e+05
5.000000000000000000e-01,0.000000000000000000e+00,0.000000000000000000e+00,1.000000000000000000e+00,0.000000000000000000e+00,1.000000000000000000e+00,3.750000000000000000e-01,1.000000000000000056e-01,5.492000000000000000e+04,1.539300000000000000e+04,2.030200000000000000e+04,6.772000000000000000e+03,2.675800000000000000e+04,1.436300000000000000e+04,1.312000000000000000e+04,2.177500000000000000e+04,2.354100000000000000e+04,2.948900000000000000e+05
5.000000000000000000e-01,0.000000000000000000e+00,0.000000000000000000e+00,1.000000000000000000e+00,5.000000000000000000e-01,6.250000000000000000e-01,6.250000000000000000e-01,1.000000000000000056e-01,6.785300000000000000e+04,2.011700000000000000e+04,2.316600000000000000e+04,8.703000000000000000e+03,3.406100000000000000e+04,1.985400000000000000e+04,1.749500000000000000e+04,1.985400000000000000e+04,2.207600000000000000e+04,2.497610000000000000e+05
5.000000000000000000e-01,0.000000000000000000e+00,0.000000000000000000e+00,1.000000000000000000e+00,5.000000000000000000e-01,6.250000000000000000e-01,6.250000000000000000e-01,1.000000000000000056e-01,6.785300000000000000e+04,2.011700000000000000e+04,2.316600000000000000e+04,8.703000000000000000e+03,3.406100000000000000e+04,1.985400000000000000e+04,1.749500000000000000e+04,1.985400000000000000e+04,2.207600000000000000e+04,2.497610000000000000e+05
0.000000000000000000e+00,5.000000000000000000e-01,0.000000000000000000e+00,1.000000000000000000e+00,5.000000000000000000e-01,1.000000000000000000e+00,3.750000000000000000e-01,1.000000000000000056e-01,4.318900000000000000e+04,1.499800000000000000e+04,2.005700000000000000e+04,5.095000000000000000e+03,2.237600000000000000e+04,8.785000000000000000e+03,1.087200000000000000e+04,1.774600000000000000e+04,1.828600000000000000e+04,3.332470000000000000e+05
0.000000000000000000e+00,5.000000000000000000e-01,0.000000000000000000e+00,1.000000000000000000e+00,5.000000000000000000e-01,1.000000000000000000e+00,3.750000000000000000e-01,1.000000000000000056e-01,4.318900000000000000e+04,1.499800000000000000e+04,2.005700000000000000e+04,5.095000000000000000e+03,2.237600000000000000e+04,8.785000000000000000e+03,1.087200000000000000e+04,1.774600000000000000e+04,1.828600000000000000e+04,3.332470000000000000e+05
5.000000000000000000e-01,3.750000000000000000e-01,1.000000000000000000e+00,0.000000000000000000e+00,5.000000000000000000e-01,0.000000000000000000e+00,3.750000000000000000e-01,1.000000000000000056e-01,5.005500000000000000e+04,1.350800000000000000e+04,1.856100000000000000e+04,7.713000000000000000e+03,2.589400000000000000e+04,1.355600000000000000e+04,1.581600000000000000e+04,1.662300000000000000e+04,2.006800000000000000e+04,3.035200000000000000e+05
5.000000000000000000e-01,3.750000000000000000e-01,1.000000000000000000e+00,0.000000000000000000e+00,5.000000000000000000e-01,0.000000000000000000e+00,3.750000000000000000e-01,1.000000000000000056e-01,5.005500000000000000e+04,1.350800000000000000e+04,1.856100000000000000e+04,7.713000000000000000e+03,2.589400000000000000e+04,1.355600000000000000e+04,1.581600000000000000e+04,1.662300000000000000e+04,2.006800000000000000e+04,3.035200000000000000e+05
5.000000000000000000e-01,0.000000000000000000e+00,0.000000000000000000e+00,1.000000000000000000e+00,5.000000000000000000e-01,0.000000000000000000e+00,6.250000000000000000e-01,1.000000000000000056e-01,7.028400000000000000e+04,1.698000000000000000e+04,2.051100000000000000e+04,9.406000000000000000e+03,3.402000000000000000e+04,2.130200000000000000e+04,1.801700000000000000e+04,2.083700000000000000e+04,2.522500000000000000e+04,2.491000000000000000e+05
5.000000000000000000e-01,0.000000000000000000e+00,0.000000000000000000e+00,1.000000000000000000e+00,5.000000000000000000e-01,0.000000000000000000e+00,6.250000000000000000e-01,1.000000000000000056e-01,7.028400000000000000e+04,1.698000000000000000e+04,2.051100000000000000e+04,9.406000000000000000e+03,3.402000000000000000e+04,2.130200000000000000e+04,1.801700000000000000e+04,2.083700000000000000e+04,2.522500000000000000e+04,2.491000000000000000e+05
5.000000000000000000e-01,0.000000000000000000e+00,0.000000000000000000e+00,5.000000000000000000e-01,5.000000000000000000e-01,0.000000000000000000e+00,3.750000000000000000e-01,1.000000000000000056e-01,5.215400000000000000e+04,1.394500000000000000e+04,2.220700000000000000e+04,8.700000000000000000e+03,2.814100000000000000e+04,1.809300000000000000e+04,1.556300000000000000e+04,1.908500000000000000e+04,2.281400000000000000e+04,2.861080000000000000e+05
5.000000000000000000e-01,0.000000000000000000e+00,0.000000000000000000e+00,5.000000000000000000e-01,5.000000000000000000e-01,0.000000000000000000e+00,3.750000000000000000e-01,1.000000000000000056e-01,5.215400000000000000e+04,1.394500000000000000e+04,2.220700000000000000e+04,8.700000000000000000e+03,2.814100000000000000e+04,1.809300000000000000e+04,1.556300000000000000e+04,1.908500000000000000e+04,2.281400000000000000e+04,2.861080000000000000e+05
5.000000000000000000e-01,1.000000000000000000e+00,1.000000000000000000e+00,0.000000000000000000e+00,0.000000000000000000e+00,1.000000000000000000e+00,2.500000000000000000e-01,1.000000000000000056e-01,3.644200000000000000e+04,1.507500000000000000e+04,2.032000000000000000e+04,6.698000000000000000e+03,2.715700000000000000e+04,1.239900000000000000e+04,1.400700000000000000e+04,1.914500000000000000e+04,2.279000000000000000e+04,3.177090000000000000e+05
5.000000000000000000e-01,1.000000000000000000e+00,1.000000000000000000e+00,0.000000000000000000e+00,0.000000000000000000e+00,1.000000000000000000e+00,2.500000000000000000e-01,1.000000000000000056e-01,3.644200000000000000e+04,1.507500000000000000e+04,2.032000000000000000e+04,6.698000000000000000e+03,2.715700000000000000e+04,1.239900000000000000e+04,1.400700000000000000e+04,1.914500000000000000e+04,2.279000000000000000e+04,3.177090000000000000e+05
5.000000000000000000e-01,0.000000000000000000e+00,0.000000000000000000e+00,1.000000000000000000e+00,5.000000000000000000e-01,0.000000000000000000e+00,3.750000000000000000e-01,1.000000000000000056e-01,4.129000000000000000e+04,1.321200000000000000e+04,1.681000000000000000e+04,6.890000000000000000e+03,2.379600000000000000e+04,1.163400000000000000e+04,1.417800000000000000e+04,1.586000000000000000e+04,1.920200000000000000e+04,3.258440000000000000e+05
5.000000000000000000e-01,0.000000000000000000e+00,0.000000000000000000e+00,1.000000000000000000e+00,5.000000000000000000e-01,0.000000000000000000e+00,3.750000000000000000e-01,1.000000000000000056e-01,4.129000000000000000e+04,1.321200000000000000e+04,1.681000000000000000e+04,6.890000000000000000e+03,2.379600000000000000e+04,1.163400000000000000e+04,1.417800000000000000e+04,1.586000000000000000e+04,1.920200000000000000e+04,3.258440000000000000e+05
0.000000000000000000e+00,5.000000000000000000e-01,0.000000000000000000e+00,5.000000000000000000e-01,0.000000000000000000e+00,1.000000000000000000e+00,5.000000000000000000e-01,1.000000000000000056e-01,2.532900000000000000e+04,7.397000000000000000e+03,2.012000000000000000e+04,3.605000000000000000e+03,2.152200000000000000e+04,9.635000000000000000e+03,1.279300000000000000e+04,1.729800000000000000e+04,1.901000000000000000e+04,3.602260000000000000e+05
0.000000000000000000e+00,5.000000000000000000e-01,0.000000000000000000e+00,5.000000000000000000e-01,0.000000000000000000e+00,1.000000000000000000e+00,5.000000000000000000e-01,1.000000000000000056e-01,2.532900000000000000e+04,7.397000000000000000e+03,2.012000000000000000e+04,3.605000000000000000e+03,2.152200000000000000e+04,9.635000000000000000e+03,1.279300000000000000e+04,1.729800000000000000e+04,1.901000000000000000e+04,3.602260000000000000e+05
5.000000000000000000e-01,0.000000000000000000e+00,0.000000000000000000e+00,1.000000000000000000e+00,0.000000000000000000e+00,5.000000000000000000e-01,2.500000000000000000e-01,1.000000000000000056e-01,4.692000000000000000e+04,1.325900000000000000e+04,2.007200000000000000e+04,7.930000000000000000e+03,2.523600000000000000e+04,1.351400000000000000e+04,1.463100000000000000e+04,2.083800000000000000e+04,2.152000000000000000e+04,3.008800000000000000e+05
5.000000000000000000e-01,0.000000000000000000e+00,0.000000000000000000e+00,1.000000000000000000e+00,0.000000000000000000e+00,5.000000000000000000e-01,2.500000000000000000e-01,1.000000000000000056e-01,4.692000000000000000e+04,1.325900000000000000e+04,2.007200000000000000e+04,7.930000000000000000e+03,2.523600000000000000e+04,1.351400000000000000e+04,1.463100000000000000e+04,2.083800000000000000e+04,2.152000000000000000e+04,3.008800000000000000e+05
5.000000000000000000e-01,0.000000000000000000e+00,0.000000000000000000e+00,1.000000000000000000e+00,5.000000000000000000e-01,1.000000000000000000e+00,6.250000000000000000e-01,1.000000000000000056e-01,7.517400000000000000e+04,2.182400000000000000e+04,2.564400000000000000e+04,1.137700000000000000e+04,3.475200000000000000e+04,2.137000000000000000e+04,2.021300000000000000e+04,2.356200000000000000e+04,2.616400000000000000e+04,2.213270000000000000e+05
5.000000000000000000e-01,0.000000000000000000e+00,0.000000000000000000e+00,1.000000000000000000e+00,5.000000000000000000e-01,1.000000000000000000e+00,6.250000000000000000e-01,1.000000000000000056e-01,7.517400000000000000e+04,2.182400000000000000e+04,2.564400000000000000e+04,1.137700000000000000e+04,3.475200000000000000e+04,2.137000000000000000e+04,2.021300000000000000e+04,2.356200000000000000e+04,2.616400000000000000e+04,2.213270000000000000e+05
5.000000000000000000e-01,0.000000000000000000e+00,0.000000000000000000e+00,1.000000000000000000e+00,0.000000000000000000e+00,1.000000000000000000e+00,3.750000000000000000e-01,1.000000000000000056e-01,5.492000000000000000e+04,1.539300000000000000e+04,2.030200000000000000e+04,6.772000000000000000e+03,2.675800000000000000e+04,1.436300000000000000e+04,1.312000000000000000e+04,2.177500000000000000e+04,2.354100000000000000e+04,2.948900000000000000e+05
5.000000000000000000e-01,0.000000000000000000e+00,0.000000000000000000e+00,1.000000000000000000e+00,0.000000000000000000e+00,1.000000000000000000e+00,3.750000000000000000e-01,1.000000000000000056e-01,5.492000000000000000e+04,1.539300000000000000e+04,2.030200000000000000e+04,6.772000000000000000e+03,2.675800000000000000e+04,1.436300000000000000e+04,1.312000000000000000e+04,2.177500000000000000e+04,2.354100000000000000e+04,2.948900000000000000e+05
0.000000000000000000e+00,5.000000000000000000e-01,0.000000000000000000e+00,5.000000000000000000e-01,0.000000000000000000e+00,1.000000000000000000e+00,3.750000000000000000e-01,1.000000000000000056e-01,3.873200000000000000e+04,1.363500000000000000e+04,1.744600000000000000e+04,6.389000000000000000e+03,2.433500000000000000e+04,9.445000000000000000e+03,1.202700000000000000e+04,1.641700000000000000e+04,1.989400000000000000e+04,3.351970000000000000e+05
0.000000000000000000e+00,5.000000000000000000e-01,0.000000000000000000e+00,5.000000000000000000e-01,0.000000000000000000e+00,1.000000000000000000e+00,3.750000000000000000e-01,1.000000000000000056e-01,3.873200000000000000e+04,1.363500000000000000e+04,1.744600000000000000e+04,6.389000000000000000e+03,2.433500000000000000e+04,9.445000000000000000e+03,1.202700000000000000e+04,1.641700000000000000e+04,1.989400000000000000e+04,3.351970000000000000e+05
5.000000000000000000e-01,0.000000000000000000e+00,0.000000000000000000e+00,1.000000000000000000e+00,5.000000000000000000e-01,0.000000000000000000e+00,3.750000000000000000e-01,1.000000000000000056e-01,5.662400000000000000e+04,2.059000000000000000e+04,3.082800000000000000e+04,1.009200000000000000e+04,3.142400000000000000e+04,2.164100000000000000e+04,1.492300000000000000e+04,2.830000000000000000e+04,3.018200000000000000e+04,2.422300000000000000e+05
5.000000000000000000e-01,0.000000000000000000e+00,0.000000000000000000e+00,1.000000000000000000e+00,5.000000000000000000e-01,0.000000000000000000e+00,3.750000000000000000e-01,1.000000000000000056e-01,5.662400000000000000e+04,2.059000000000000000e+04,3.082800000000000000e+04,1.009200000000000000e+04,3.142400000000000000e+04,2.164100000000000000e+04,1.492300000000000000e+04,2.830000000000000000e+04,3.018200000000000000e+04,2.422300000000000000e+05
5.000000000000000000e-01,0.000000000000000000e+00,0.000000000000000000e+00,1.000000000000000000e+00,0.000000000000000000e+00,5.000000000000000000e-01,3.750000000000000000e-01,1.000000000000000056e-01,2.244460000000000000e+05,8.443900000000000000e+04,9.331000000000000000e+04,3.904800000000000000e+04,1.104530000000000000e+05,6.746200000000000000e+04,5.587600000000000000e+04,8.764100000000000000e+04,7.869600000000000000e+04,1.195097000000000000e+06
5.000000000000000000e-01,0.000000000000000000e+00,0.000000000000000000e+00,1.000000000000000000e+00,0.000000000000000000e+00,5.000000000000000000e-01,3.750000000000000000e-01,1.000000000000000056e-01,2.244460000000000000e+05,8.443900000000000000e+04,9.331000000000000000e+04,3.904800000000000000e+04,1.104530000000000000e+05,6.746200000000000000e+04,5.587600000000000000e+04,8.764100000000000000e+04,7.869600000000000000e+04,1.195097000000000000e+06
0.000000000000000000e+00,5.000000000000000000e-01,0.000000000000000000e+00,1.000000000000000000e+00,0.000000000000000000e+00,5.000000000000000000e-01,5.000000000000000000e-01,1.000000000000000056e-01,1.962200000000000000e+04,1.308600000000000000e+04,2.796200000000000000e+04,5.110000000000000000e+03,4.494200000000000000e+04,4.005000000000000000e+03,7.849000000000000000e+03,1.993600000000000000e+04,2.083000000000000000e+04,1.941140000000000000e+05
0.000000000000000000e+00,5.000000000000000000e-01,0.000000000000000000e+00,1.000000000000000000e+00,0.000000000000000000e+00,5.000000000000000000e-01,5.000000000000000000e-01,1.000000000000000056e-01,1.962200000000000000e+04,1.308600000000000000e+04,2.796200000000000000e+04,5.110000000000000000e+03,4.494200000000000000e+04,4.005000000000000000e+03,7.849000000000000000e+03,1.993600000000000000e+04,2.083000000000000000e+04,1.941140000000000000e+05
5.000000000000000000e-01,1.000000000000000000e+00,1.000000000000000000e+00,0.000000000000000000e+00,0.000000000000000000e+00,1.000000000000000000e+00,2.500000000000000000e-01,1.000000000000000056e-01,3.644200000000000000e+04,1.507500000000000000e+04,2.032000000000000000e+04,6.698000000000000000e+03,2.715700000000000000e+04,1.239900000000000000e+04,1.400700000000000000e+04,1.914500000000000000e+04,2.279000000000000000e+04,3.177090000000000000e+05
5.000000000000000000e-01,1.000000000000000000e+00,1.000000000000000000e+00,0.000000000000000000e+00,0.000000000000000000e+00,1.000000000000000000e+00,2.500000000000000000e-01,1.000000000000000056e-01,3.644200000000000000e+04,1.507500000000000000e+04,2.032000000000000000e+04,6.698000000000000000e+03,2.715700000000000000e+04,1.239900000000000000e+04,1.400700000000000000e+04,1.914500000000000000e+04,2.279000000000000000e+04,3.177090000000000000e+05
5.000000000000000000e-01,0.000000000000000000e+00,0.000000000000000000e+00,1.000000000000000000e+00,5.000000000000000000e-01,0.000000000000000000e+00,3.750000000000000000e-01,1.000000000000000056e-01,4.129000000000000000e+04,1.321200000000000000e+04,1.681000000000000000e+04,6.890000000000000000e+03,2.379600000000000000e+04,1.163400000000000000e+04,1.417800000000000000e+04,1.586000000000000000e+04,1.920200000000000000e+04,3.258440000000000000e+05
5.000000000000000000e-01,0.000000000000000000e+00,0.000000000000000000e+00,1.000000000000000000e+00,5.000000000000000000e-01,0.000000000000000000e+00,3.750000000000000000e-01,1.000000000000000056e-01,4.129000000000000000e+04,1.321200000000000000e+04,1.681000000000000000e+04,6.890000000000000000e+03,2.379600000000000000e+04,1.163400000000000000e+04,1.417800000000000000e+04,1.586000000000000000e+04,1.920200000000000000e+04,3.258440000000000000e+05
5.000000000000000000e-01,0.000000000000000000e+00,0.000000000000000000e+00,5.000000000000000000e-01,5.000000000000000000e-01,0.000000000000000000e+00,3.750000000000000000e-01,1.000000000000000056e-01,5.215400000000000000e+04,1.394500000000000000e+04,2.220700000000000000e+04,8.700000000000000000e+03,2.814100000000000000e+04,1.809300000000000000e+04,1.556300000000000000e+04,1.908500000000000000e+04,2.281400000000000000e+04,2.861080000000000000e+05
5.000000000000000000e-01,0.000000000000000000e+00,0.000000000000000000e+00,5.000000000000000000e-01,5.000000000000000000e-01,0.000000000000000000e+00,3.750000000000000000e-01,1.000000000000000056e-01,5.215400000000000000e+04,1.394500000000000000e+04,2.220700000000000000e+04,8.700000000000000000e+03,2.814100000000000000e+04,1.809300000000000000e+04,1.556300000000000000e+04,1.908500000000000000e+04,2.281400000000000000e+04,2.861080000000000000e+05
5.000000000000000000e-01,0.000000000000000000e+00,0.000000000000000000e+00,5.000000000000000000e-01,5.000000000000000000e-01,0.000000000000000000e+00,3.750000000000000000e-01,1.000000000000000056e-01,3.821800000000000000e+04,1.225600000000000000e+04,1.775200000000000000e+04,7.980000000000000000e+03,2.515500000000000000e+04,1.161300000000000000e+04,1.302300000000000000e+04,1.466000000000000000e+04,1.752500000000000000e+04,3.341080000000000000e+05
5.000000000000000000e-01,0.000000000000000000e+00,0.000000000000000000e+00,5.000000000000000000e-01,5.000000000000000000e-01,0.000000000000000000e+00,3.750000000000000000e-01,1.000000000000000056e-01,3.821800000000000000e+04,1.225600000000000000e+04,1.775200000000000000e+04,7.980000000000000000e+03,2.515500000000000000e+04,1.161300000000000000e+04,1.302300000000000000e+04,1.466000000000000000e+04,1.752500000000000000e+04,3.341080000000000000e+05
5.000000000000000000e-01,0.000000000000000000e+00,0.000000000000000000e+00,1.000000000000000000e+00,5.000000000000000000e-01,1.000000000000000000e+00,6.250000000000000000e-01,1.000000000000000056e-01,7.517400000000000000e+04,2.182400000000000000e+04,2.564400000000000000e+04,1.137700000000000000e+04,3.475200000000000000e+04,2.137000000000000000e+04,2.021300000000000000e+04,2.356200000000000000e+04,2.616400000000000000e+04,2.213270000000000000e+05
5.000000000000000000e-01,0.000000000000000000e+00,0.000000000000000000e+00,1.000000000000000000e+00,5.000000000000000000e-01,1.000000000000000000e+00,6.250000000000000000e-01,1.000000000000000056e-01,7.517400000000000000e+04,2.182400000000000000e+04,2.564400000000000000e+04,1.137700000000000000e+04,3.475200000000000000e+04,2.137000000000000000e+04,2.021300000000000000e+04,2.356200000000000000e+04,2.616400000000000000e+04,2.213270000000000000e+05
5.000000000000000000e-01,0.000000000000000000e+00,0.000000000000000000e+00,1.000000000000000000e+00,5.000000000000000000e-01,1.000000000000000000e+00,3.750000000000000000e-01,1.000000000000000056e-01,5.310400000000000000e+04,1.790700000000000000e+04,2.489500000000000000e+04,5.774000000000000000e+03,2.756600000000000000e+04,1.143400000000000000e+04,1.402700000000000000e+04,2.172900000000000000e+04,2.156900000000000000e+04,2.942860000000000000e+05
5.000000000000000000e-01,0.000000000000000000e+00,0.000000000000000000e+00,1.000000000000000000e+00,5.000000000000000000e-01,1.000000000000000000e+00,3.750000000000000000e-01,1.000000000000000056e-01,5.310400000000000000e+04,1.790700000000000000e+04,2.489500000000000000e+04,5.774000000000000000e+03,2.756600000000000000e+04,1.143400000000000000e+04,1.402700000000000000e+04,2.172900000000000000e+04,2.156900000000000000e+04,2.942860000000000000e+05
5.000000000000000000e-01,0.000000000000000000e+00,1.000000000000000000e+00,0.000000000000000000e+00,5.000000000000000000e-01,0.000000000000000000e+00,2.500000000000000000e-01,1.000000000000000056e-01,4.976500000000000000e+04,2.650100000000000000e+04,3.283700000000000000e+04,1.311900000000000000e+04,4.401100000000000000e+04,1.223800000000000000e+04,1.776100000000000000e+04,2.161600000000000000e+04,2.213600000000000000e+04,2.454600000000000000e+05
5.000000000000000000e-01,0.000000000000000000e+00,1.000000000000000000e+00,0.000000000000000000e+00,5.000000000000000000e-01,0.000000000000000000e+00,2.500000000000000000e-01,1.000000000000000056e-01,4.976500000000000000e+04,2.650100000000000000e+04,3.283700000000000000e+04,1.311900000000000000e+04,4.401100000000000000e+04,1.223800000000000000e+04,1.776100000000000000e+04,2.161600000000000000e+04,2.213600000000000000e+04,2.454600000000000000e+05
5.000000000000000000e-01,0.000000000000000000e+00,0.000000000000000000e+00,1.000000000000000000e+00,5.000000000000000000e-01,0.000000000000000000e+00,3.750000000000000000e-01,1.000000000000000056e-01,2.906100000000000000e+04,9.581000000000000000e+03,2.066300000000000000e+04,4.203000000000000000e+03,1.931800000000000000e+04,1.286300000000000000e+04,9.205000000000000000e+03,2.296000000000000000e+04,2.052200000000000000e+04,3.487500000000000000e+05
5.000000000000000000e-01,0.000000000000000000e+00,0.000000000000000000e+00,1.000000000000000000e+00,5.000000000000000000e-01,0.000000000000000000e+00,3.750000000000000000e-01,1.000000000000000056e-01,2.906100000000000000e+04,9.581000000000000000e+03,2.066300000000000000e+04,4.203000000000000000e+03,1.931800000000000000e+04,1.286300000000000000e+04,9.205000000000000000e+03,2.296000000000000000e+04,2.052200000000000000e+04,3.487500000000000000e+05
5.000000000000000000e-01,0.000000000000000000e+00,5.000000000000000000e-01,6.250000000000000000e-01,5.000000000000000000e-01,6.250000000000000000e-01,3.750000000000000000e-01,1.000000000000000056e-01,3.420000000000000000e+04,6.660000000000000000e+03,1.262200000000000000e+04,3.465000000000000000e+03,1.773600000000000000e+04,1.024500000000000000e+04,1.048100000000000000e+04,1.061900000000000000e+04,1.381700000000000000e+04,3.755070000000000000e+05
5.000000000000000000e-01,0.000000000000000000e+00,5.000000000000000000e-01,6.250000000000000000e-01,5.000000000000000000e-01,6.250000000000000000e-01,3.750000000000000000e-01,1.000000000000000056e-01,3.420000000000000000e+04,6.660000000000000000e+03,1.262200000000000000e+04,3.465000000000000000e+03,1.773600000000000000e+04,1.024500000000000000e+04,1.048100000000000000e+04,1.061900000000000000e+04,1.381700000000000000e+04,3.755070000000000000e+05
5.000000000000000000e-01,0.000000000000000000e+00,0.000000000000000000e+00,1.000000000000000000e+00,5.000000000000000000e-01,1.000000000000000000e+00,3.750000000000000000e-01,1.000000000000000056e-01,5.310400000000000000e+04,1.790700000000000000e+04,2.489500000000000000e+04,5.774000000000000000e+03,2.756600000000000000e+04,1.143400000000000000e+04,1.402700000000000000e+04,2.172900000000000000e+04,2.156900000000000000e+04,2.942860000000000000e+05
5.000000000000000000e-01,0.000000000000000000e+00,0.000000000000000000e+00,1.000000000000000000e+00,5.000000000000000000e-01,1.000000000000000000e+00,3.750000000000000000e-01,1.000000000000000056e-01,5.310400000000000000e+04,1.790700000000000000e+04,2.489500000000000000e+04,5.774000000000000000e+03,2.756600000000000000e+04,1.143400000000000000e+04,1.402700000000000000e+04,2.172900000000000000e+04,2.156900000000000000e+04,2.942860000000000000e+05
0.000000000000000000e+00,5.000000000000000000e-01,1.000000000000000000e+00,0.000000000000000000e+00,1.000000000000000000e+00,0.000000000000000000e+00,2.500000000000000000e-01,1.000000000000000056e-01,3.449500000000000000e+04,1.356700000000000000e+04,2.069600000000000000e+04,4.908000000000000000e+03,2.040600000000000000e+04,8.293000000000000000e+03,1.125100000000000000e+04,1.730100000000000000e+04,1.978000000000000000e+04,3.444420000000000000e+05
0.000000000000000000e+00,5.000000000000000000e-01,1.000000000000000000e+00,0.000000000000000000e+00,1.000000000000000000e+00,0.000000000000000000e+00,2.500000000000000000e-01,1.000000000000000056e-01,3.449500000000000000e+04,1.356700000000000000e+04,2.069600000000000000e+04,4.908000000000000000e+03,2.040600000000000000e+04,8.293000000000000000e+03,1.125100000000000000e+04,1.730100000000000000e+04,1.978000000000000000e+04,3.444420000000000000e+05
5.000000000000000000e-01,0.000000000000000000e+00,1.000000000000000000e+00,0.000000000000000000e+00,5.000000000000000000e-01,0.000000000000000000e+00,2.500000000000000000e-01,1.000000000000000056e-01,4.976500000000000000e+04,2.650100000000000000e+04,3.283700000000000000e+04,1.311900000000000000e+04,4.401100000000000000e+04,1.223800000000000000e+04,1.776100000000000000e+04,2.161600000000000000e+04,2.213600000000000000e+04,2.454600000000000000e+05
5.000000000000000000e-01,0.000000000000000000e+00,1.000000000000000000e+00,0.000000000000000000e+00,5.000000000000000000e-01,0.000000000000000000e+00,2.500000000000000000e-01,1.000000000000000056e-01,4.976500000000000000e+04,2.650100000000000000e+04,3.283700000000000000e+04,1.311900000000000000e+04,4.401100000000000000e+04,1.223800000000000000e+04,1.776100000000000000e+04,2.161600000000000000e+04,2.213600000000000000e+04,2.454600000000000000e+05
5.000000000000000000e-01,0.000000000000000000e+00,0.000000000000000000e+00,5.000000000000000000e-01,5.000000000000000000e-01,0.000000000000000000e+00,3.750000000000000000e-01,1.000000000000000056e-01,3.821800000000000000e+04,1.225600000000000000e+04,1.775200000000000000e+04,7.980000000000000000e+03,2.515500000000000000e+04,1.161300000000000000e+04,1.302300000000000000e+04,1.466000000000000000e+04,1.752500000000000000e+04,3.341080000000000000e+05
5.000000000000000000e-01,0.000000000000000000e+00,0.000000000000000000e+00,5.000000000000000000e-01,5.000000000000000000e-01,0.000000000000000000e+00,3.750000000000000000e-01,1.000000000000000056e-01,3.821800000000000000e+04,1.225600000000000000e+04,1.775200000000000000e+04,7.980000000000000000e+03,2.515500000000000000e+04,1.161300000000000000e+04,1.302300000000000000e+04,1.466000000000000000e+04,1.752500000000000000e+04,3.341080000000000000e+05
1.000000000000000000e+00,8.750000000000000000e-01,5.000000000000000000e-01,6.250000000000000000e-01,0.000000000000000000e+00,5.000000000000000000e-01,3.750000000000000000e-01,1.000000000000000056e-01,3.094200000000000000e+04,6.306000000000000000e+03,1.001900000000000000e+04,3.082000000000000000e+03,1.541300000000000000e+04,9.006000000000000000e+03,9.848000000000000000e+03,8.565000000000000000e+03,1.144200000000000000e+04,3.924570000000000000e+05
1.000000000000000000e+00,8.750000000000000000e-01,5.000000000000000000e-01,6.250000000000000000e-01,0.000000000000000000e+00,5.000000000000000000e-01,3.750000000000000000e-01,1.000000000000000056e-01,3.094200000000000000e+04,6.306000000000000000e+03,1.001900000000000000e+04,3.082000000000000000e+03,1.541300000000000000e+04,9.006000000000000000e+03,9.848000000000000000e+03,8.565000000000000000e+03,1.144200000000000000e+04,3.924570000000000000e+05
5.000000000000000000e-01,0.000000000000000000e+00,0.000000000000000000e+00,1.000000000000000000e+00,5.000000000000000000e-01,0.000000000000000000e+00,3.750000000000000000e-01,1.000000000000000056e-01,4.129000000000000000e+04,1.321200000000000000e+04,1.681000000000000000e+04,6.890000000000000000e+03,2.379600000000000000e+04,1.163400000000000000e+04,1.417800000000000000e+04,1.586000000000000000e+04,1.920200000000000000e+04,3.258440000000000000e+05
5.000000000000000000e-01,0.000000000000000000e+00,0.000000000000000000e+00,1.000000000000000000e+00,5.000000000000000000e-01,0.000000000000000000e+00,3.750000000000000000e-01,1.000000000000000056e-01,4.129000000000000000e+04,1.321200000000000000e+04,1.681000000000000000e+04,6.890000000000000000e+03,2.379600000000000000e+04,1.163400000000000000e+04,1.417800000000000000e+04,1.586000000000000000e+04,1.920200000000000000e+04,3.258440000000000000e+05
5.000000000000000000e-01,6.250000000000000000e-01,1.000000000000000000e+00,0.000000000000000000e+00,1.000000000000000000e+00,0.000000000000000000e+00,3.750000000000000000e-01,1.000000000000000056e-01,3.044400000000000000e+04,7.823000000000000000e+03,1.199500000000000000e+04,3.836000000000000000e+03,1.686000000000000000e+04,8.377000000000000000e+03,1.098700000000000000e+04,1.251100000000000000e+04,1.414700000000000000e+04,2.326640000000000000e+05
5.000000000000000000e-01,6.250000000000000000e-01,1.000000000000000000e+00,0.000000000000000000e+00,1.000000000000000000e+00,0.000000000000000000e+00,3.750000000000000000e-01,1.000000000000000056e-01,3.044400000000000000e+04,7.823000000000000000e+03,1.199500000000000000e+04,3.836000000000000000e+03,1.686000000000000000e+04,8.377000000000000000e+03,1.098700000000000000e+04,1.251100000000000000e+04,1.414700000000000000e+04,2.326640000000000000e+05
1.000000000000000000e+00,8.750000000000000000e-01,5.000000000000000000e-01,6.250000000000000000e-01,0.000000000000000000e+00,7.500000000000000000e-01,5.000000000000000000e-01,1.000000000000000056e-01,3.149000000000000000e+04,5.822000000000000000e+03,8.675000000000000000e+03,2.484000000000000000e+03,1.286800000000000000e+04,7.402000000000000000e+03,1.097500000000000000e+04,8.652000000000000000e+03,1.170700000000000000e+04,3.972730000000000000e+05
1.000000000000000000e+00,8.750000000000000000e-01,5.000000000000000000e-01,6.250000000000000000e-01,0.000000000000000000e+00,7.500000000000000000e-01,5.000000000000000000e-01,1.000000000000000056e-01,3.149000000000000000e+04,5.822000000000000000e+03,8.675000000000000000e+03,2.484000000000000000e+03,1.286800000000000000e+04,7.402000000000000000e+03,1.097500000000000000e+04,8.652000000000000000e+03,1.170700000000000000e+04,3.972730000000000000e+05
5.000000000000000000e-01,0.000000000000000000e+00,0.000000000000000000e+00,1.000000000000000000e+00,5.000000000000000000e-01,0.000000000000000000e+00,6.250000000000000000e-01,1.000000000000000056e-01,5.835500000000000000e+04,1.731900000000000000e+04,2.571800000000000000e+04,1.107500000000000000e+04,3.300900000000000000e+04,2.023000000000000000e+04,2.018800000000000000e+04,2.421200000000000000e+04,2.617300000000000000e+04,2.452770000000000000e+05
5.000000000000000000e-01,0.000000000000000000e+00,0.000000000000000000e+00,1.000000000000000000e+00,5.000000000000000000e-01,0.000000000000000000e+00,6.250000000000000000e-01,1.000000000000000056e-01,5.835500000000000000e+04,1.731900000000000000e+04,2.571800000000000000e+04,1.107500000000000000e+04,3.300900000000000000e+04,2.023000000000000000e+04,2.018800000000000000e+04,2.421200000000000000e+04,2.617300000000000000e+04,2.452770000000000000e+05
5.000000000000000000e-01,0.000000000000000000e+00,5.000000000000000000e-01,6.250000000000000000e-01,0.000000000000000000e+00,5.000000000000000000e-01,6.250000000000000000e-01,1.000000000000000056e-01,2.070400000000000000e+04,3.173000000000000000e+03,3.737000000000000000e+03,4.840000000000000000e+02,8.703000000000000000e+03,2.269000000000000000e+03,6.126000000000000000e+03,4.140000000000000000e+03,5.767000000000000000e+03,1.943540000000000000e+05
5.000000000000000000e-01,0.000000000000000000e+00,5.000000000000000000e-01,6.250000000000000000e-01,0.000000000000000000e+00,5.000000000000000000e-01,6.250000000000000000e-01,1.000000000000000056e-01,2.070400000000000000e+04,3.173000000000000000e+03,3.737000000000000000e+03,4.840000000000000000e+02,8.703000000000000000e+03,2.269000000000000000e+03,6.126000000000000000e+03,4.140000000000000000e+03,5.767000000000000000e+03,1.943540000000000000e+05
5.000000000000000000e-01,1.000000000000000000e+00,0.000000000000000000e+00,1.000000000000000000e+00,5.000000000000000000e-01,0.000000000000000000e+00,3.750000000000000000e-01,1.000000000000000056e-01,6.601200000000000000e+04,1.633500000000000000e+04,1.969600000000000000e+04,8.768000000000000000e+03,3.265600000000000000e+04,1.906000000000000000e+04,1.550200000000000000e+04,2.105000000000000000e+04,2.524700000000000000e+04,2.637880000000000000e+05
5.000000000000000000e-01,1.000000000000000000e+00,0.000000000000000000e+00,1.000000000000000000e+00,5.000000000000000000e-01,0.000000000000000000e+00,3.750000000000000000e-01,1.000000000000000056e-01,6.601200000000000000e+04,1.633500000000000000e+04,1.969600000000000000e+04,8.768000000000000000e+03,3.265600000000000000e+04,1.906000000000000000e+04,1.550200000000000000e+04,2.105000000000000000e+04,2.524700000000000000e+04,2.637880000000000000e+05
5.000000000000000000e-01,0.000000000000000000e+00,0.000000000000000000e+00,1.000000000000000000e+00,5.000000000000000000e-01,0.000000000000000000e+00,3.750000000000000000e-01,1.000000000000000056e-01,4.129000000000000000e+04,1.321200000000000000e+04,1.681000000000000000e+04,6.890000000000000000e+03,2.379600000000000000e+04,1.163400000000000000e+04,1.417800000000000000e+04,1.586000000000000000e+04,1.920200000000000000e+04,3.258440000000000000e+05
5.000000000000000000e-01,0.000000000000000000e+00,0.000000000000000000e+00,1.000000000000000000e+00,5.000000000000000000e-01,0.000000000000000000e+00,3.750000000000000000e-01,1.000000000000000056e-01,4.129000000000000000e+04,1.321200000000000000e+04,1.681000000000000000e+04,6.890000000000000000e+03,2.379600000000000000e+04,1.163400000000000000e+04,1.417800000000000000e+04,1.586000000000000000e+04,1.920200000000000000e+04,3.258440000000000000e+05
5.000000000000000000e-01,0.000000000000000000e+00,0.000000000000000000e+00,1.000000000000000000e+00,5.000000000000000000e-01,0.000000000000000000e+00,6.250000000000000000e-01,1.000000000000000056e-01,7.028400000000000000e+04,1.698000000000000000e+04,2.051100000000000000e+04,9.406000000000000000e+03,3.402000000000000000e+04,2.130200000000000000e+04,1.801700000000000000e+04,2.083700000000000000e+04,2.522500000000000000e+04,2.491000000000000000e+05
5.000000000000000000e-01,0.000000000000000000e+00,0.000000000000000000e+00,1.000000000000000000e+00,5.000000000000000000e-01,0.000000000000000000e+00,6.250000000000000000e-01,1.000000000000000056e-01,7.028400000000000000e+04,1.698000000000000000e+04,2.051100000000000000e+04,9.406000000000000000e+03,3.402000000000000000e+04,2.130200000000000000e+04,1.801700000000000000e+04,2.083700000000000000e+04,2.522500000000000000e+04,2.491000000000000000e+05
5.000000000000000000e-01,0.000000000000000000e+00,0.000000000000000000e+00,1.000000000000000000e+00,5.000000000000000000e-01,0.000000000000000000e+00,3.750000000000000000e-01,1.000000000000000056e-01,2.906100000000000000e+04,9.581000000000000000e+03,2.066300000000000000e+04,4.203000000000000000e+03,1.931800000000000000e+04,1.286300000000000000e+04,9.205000000000000000e+03,2.296000000000000000e+04,2.052200000000000000e+04,3.487500000000000000e+05
5.000000000000000000e-01,0.000000000000000000e+00,0.000000000000000000e+00,1.000000000000000000e+00,5.000000000000000000e-01,0.000000000000000000e+00,3.750000000000000000e-01,1.000000000000000056e-01,2.906100000000000000e+04,9.581000000000000000e+03,2.066300000000000000e+04,4.203000000000000000e+03,1.931800000000000000e+04,1.286300000000000000e+04,9.205000000000000000e+03,2.296000000000000000e+04,2.052200000000000000e+04,3.487500000000000000e+05
5.000000000000000000e-01,0.000000000000000000e+00,5.000000000000000000e-01,6.250000000000000000e-01,5.000000000000000000e-01,6.250000000000000000e-01,3.750000000000000000e-01,1.000000000000000056e-01,3.420000000000000000e+04,6.660000000000000000e+03,1.262200000000000000e+04,3.465000000000000000e+03,1.773600000000000000e+04,1.024500000000000000e+04,1.048100000000000000e+04,1.061900000000000000e+04,1.381700000000000000e+04,3.755070000000000000e+05
5.000000000000000000e-01,0.000000000000000000e+00,5.000000000000000000e-01,6.250000000000000000e-01,5.000000000000000000e-01,6.250000000000000000e-01,3.750000000000000000e-01,1.000000000000000056e-01,3.420000000000000000e+04,6.660000000000000000e+03,1.262200000000000000e+04,3.465000000000000000e+03,1.773600000000000000e+04,1.024500000000000000e+04,1.048100000000000000e+04,1.061900000000000000e+04,1.381700000000000000e+04,3.755070000000000000e+05
5.000000000000000000e-01,0.000000000000000000e+00,0.000000000000000000e+00,1.000000000000000000e+00,5.000000000000000000e-01,0.000000000000000000e+00,3.750000000000000000e-01,1.000000000000000056e-01,4.129000000000000000e+04,1.321200000000000000e+04,1.681000000000000000e+04,6.890000000000000000e+03,2.379600000000000000e+04,1.163400000000000000e+04,1.417800000000000000e+04,1.586000000000000000e+04,1.920200000000000000e+04,3.258440000000000000e+05
5.000000000000000000e-01,0.000000000000000000e+00,0.000000000000000000e+00,1.000000000000000000e+00,5.000000000000000000e-01,0.000000000000000000e+00,3.750000000000000000e-01,1.000000000000000056e-01,4.129000000000000000e+04,1.321200000000000000e+04,1.681000000000000000e+04,6.890000000000000000e+03,2.379600000000000000e+04,1.163400000000000000e+04,1.417800000000000000e+04,1.586000000000000000e+04,1.920200000000000000e+04,3.258440000000000000e+05
5.000000000000000000e-01,6.250000000000000000e-01,0.000000000000000000e+00,1.000000000000000000e+00,5.000000000000000000e-01,6.250000000000000000e-01,3.750000000000000000e-01,1.000000000000000056e-01,5.475900000000000000e+04,1.460500000000000000e+04,1.926200000000000000e+04,8.625000000000000000e+03,2.798700000000000000e+04,1.581800000000000000e+04,1.613900000000000000e+04,1.855400000000000000e+04,2.125600000000000000e+04,2.844160000000000000e+05
5.000000000000000000e-01,6.250000000000000000e-01,0.000000000000000000e+00,1.000000000000000000e+00,5.000000000000000000e-01,6.250000000000000000e-01,3.750000000000000000e-01,1.000000000000000056e-01,5.475900000000000000e+04,1.460500000000000000e+04,1.926200000000000000e+04,8.625000000000000000e+03,2.798700000000000000e+04,1.581800000000000000e+04,1.613900000000000000e+04,1.855400000000000000e+04,2.125600000000000000e+04,2.844160000000000000e+05
5.000000000000000000e-01,0.000000000000000000e+00,0.000000000000000000e+00,1.000000000000000000e+00,5.000000000000000000e-01,0.000000000000000000e+00,5.000000000000000000e-01,1.000000000000000056e-01,6.038100000000000000e+04,1.157500000000000000e+04,1.824600000000000000e+04,7.070000000000000000e+03,2.584500000000000000e+04,1.848300000000000000e+04,1.391400000000000000e+04,2.031300000000000000e+04,2.259600000000000000e+04,2.905040000000000000e+05
5.000000000000000000e-01,0.000000000000000000e+00,0.000000000000000000e+00,1.000000000000000000e+00,5.000000000000000000e-01,0.000000000000000000e+00,5.000000000000000000e-01,1.000000000000000056e-01,6.038100000000000000e+04,1.157500000000000000e+04,1.824600000000000000e+04,7.070000000000000000e+03,2.584500000000000000e+04,1.848300000000000000e+04,1.391400000000000000e+04,2.031300000000000000e+04,2.259600000000000000e+04,2.905040000000000000e+05
5.000000000000000000e-01,0.000000000000000000e+00,0.000000000000000000e+00,1.000000000000000000e+00,5.000000000000000000e-01,0.000000000000000000e+00,3.750000000000000000e-01,1.000000000000000056e-01,6.125900000000000000e+04,1.858300000000000000e+04,2.264100000000000000e+04,6.362000000000000000e+03,2.861400000000000000e+04,1.173000000000000000e+04,1.472800000000000000e+04,1.867600000000000000e+04,2.153600000000000000e+04,2.846050000000000000e+05
5.000000000000000000e-01,0.000000000000000000e+00,0.000000000000000000e+00,1.000000000000000000e+00,5.000000000000000000e-01,0.000000000000000000e+00,3.750000000000000000e-01,1.000000000000000056e-01,6.125900000000000000e+04,1.858300000000000000e+04,2.264100000000000000e+04,6.362000000000000000e+03,2.861400000000000000e+04,1.173000000000000000e+04,1.472800000000000000e+04,1.867600000000000000e+04,2.153600000000000000e+04,2.846050000000000000e+05
5.000000000000000000e-01,0.000000000000000000e+00,0.000000000000000000e+00,1.000000000000000000e+00,5.000000000000000000e-01,0.000000000000000000e+00,6.250000000000000000e-01,1.000000000000000056e-01,6.960000000000000000e+04,2.375300000000000000e+04,2.586100000000000000e+04,9.851000000000000000e+03,3.391100000000000000e+04,1.754800000000000000e+04,1.657000000000000000e+04,2.161000000000000000e+04,2.391200000000000000e+04,2.418120000000000000e+05
5.000000000000000000e-01,0.000000000000000000e+00,0.000000000000000000e+00,1.000000000000000000e+00,5.000000000000000000e-01,0.000000000000000000e+00,6.250000000000000000e-01,1.000000000000000056e-01,6.960000000000000000e+04,2.375300000000000000e+04,2.586100000000000000e+04,9.851000000000000000e+03,3.391100000000000000e+04,1.754800000000000000e+04,1.657000000000000000e+04,2.161000000000000000e+04,2.391200000000000000e+04,2.418120000000000000e+05
1.000000000000000000e+00,8.750000000000000000e-01,5.000000000000000000e-01,3.750000000000000000e-01,1.000000000000000000e+00,8.750000000000000000e-01,3.750000000000000000e-01,1.000000000000000056e-01,1.216200000000000000e+04,1.719000000000000000e+03,3.051000000000000000e+03,3.030000000000000000e+02,5.949000000000000000e+03,1.662000000000000000e+03,4.676000000000000000e+03,3.193000000000000000e+03,5.326000000000000000e+03,2.119410000000000000e+05
1.000000000000000000e+00,8.750000000000000000e-01,5.000000000000000000e-01,3.750000000000000000e-01,1.000000000000000000e+00,8.750000000000000000e-01,3.750000000000000000e-01,1.000000000000000056e-01,1.216200000000000000e+04,1.719000000000000000e+03,3.051000000000000000e+03,3.030000000000000000e+02,5.949000000000000000e+03,1.662000000000000000e+03,4.676000000000000000e+03,3.193000000000000000e+03,5.326000000000000000e+03,2.119410000000000000e+05
5.000000000000000000e-01,6.250000000000000000e-01,0.000000000000000000e+00,1.000000000000000000e+00,5.000000000000000000e-01,6.250000000000000000e-01,3.750000000000000000e-01,1.000000000000000056e-01,2.407700000000000000e+04,1.017800000000000000e+04,1.233300000000000000e+04,1.227000000000000000e+03,1.538300000000000000e+04,6.072000000000000000e+03,7.845000000000000000e+03,2.150800000000000000e+04,1.634700000000000000e+04,1.319710000000000000e+05
5.000000000000000000e-01,6.250000000000000000e-01,0.000000000000000000e+00,1.000000000000000000e+00,5.000000000000000000e-01,6.250000000000000000e-01,3.750000000000000000e-01,1.000000000000000056e-01,2.407700000000000000e+04,1.017800000000000000e+04,1.233300000000000000e+04,1.227000000000000000e+03,1.538300000000000000e+04,6.072000000000000000e+03,7.845000000000000000e+03,2.150800000000000000e+04,1.634700000000000000e+04,1.319710000000000000e+05
5.000000000000000000e-01,0.000000000000000000e+00,0.000000000000000000e+00,1.000000000000000000e+00,5.000000000000000000e-01,0.000000000000000000e+00,6.250000000000000000e-01,1.000000000000000056e-01,1.929100000000000000e+04,5.334000000000000000e+03,1.974600000000000000e+04,1.912000000000000000e+03,1.554600000000000000e+04,1.243300000000000000e+04,7.951000000000000000e+03,5.108600000000000000e+04,2.478000000000000000e+04,8.972400000000000000e+04
5.000000000000000000e-01,0.000000000000000000e+00,0.000000000000000000e+00,1.000000000000000000e+00,5.000000000000000000e-01,0.000000000000000000e+00,6.250000000000000000e-01,1.000000000000000056e-01,1.929100000000000000e+04,5.334000000000000000e+03,1.974600000000000000e+04,1.912000000000000000e+03,1.554600000000000000e+04,1.243300000000000000e+04,7.951000000000000000e+03,5.108600000000000000e+04,2.478000000000000000e+04,8.972400000000000000e+04
5.000000000000000000e-01,0.000000000000000000e+00,0.000000000000000000e+00,1.000000000000000000e+00,0.000000000000000000e+00,1.000000000000000000e+00,1.250000000000000000e-01,1.000000000000000056e-01,1.453900000000000000e+04,4.029000000000000000e+03,6.245000000000000000e+03,2.031000000000000000e+03,2.691900000000000000e+04,3.680000000000000000e+03,7.998000000000000000e+03,1.887700000000000000e+04,3.169600000000000000e+04,1.339860000000000000e+05
5.000000000000000000e-01,0.000000000000000000e+00,0.000000000000000000e+00,1.000000000000000000e+00,0.000000000000000000e+00,1.000000000000000000e+00,1.250000000000000000e-01,1.000000000000000056e-01,1.453900000000000000e+04,4.029000000000000000e+03,6.245000000000000000e+03,2.031000000000000000e+03,2.691900000000000000e+04,3.680000000000000000e+03,7.998000000000000000e+03,1.887700000000000000e+04,3.169600000000000000e+04,1.339860000000000000e+05
