5.000000000000000000e-01,0.000000000000000000e+00,0.000000000000000000e+00,1.000000000000000000e+00,5.000000000000000000e-01,0.000000000000000000e+00,2.500000000000000000e+00,1.250000000000000000e-01,1.000000000000000056e-01,1.019000000000000000e+04,2.970000000000000000e+03,8.039000000000000000e+03,7.300000000000000000e+02,9.722000000000000000e+03,2.448000000000000000e+03,4.633000000000000000e+03,8.486000000000000000e+03,1.202800000000000000e+04,1.073330000000000000e+05
5.000000000000000000e-01,0.000000000000000000e+00,0.000000000000000000e+00,1.000000000000000000e+00,5.000000000000000000e-01,0.000000000000000000e+00,2.500000000000000000e+00,1.250000000000000000e-01,1.000000000000000056e-01,1.019000000000000000e+04,2.970000000000000000e+03,8.039000000000000000e+03,7.300000000000000000e+02,9.722000000000000000e+03,2.448000000000000000e+03,4.633000000000000000e+03,8.486000000000000000e+03,1.202800000000000000e+04,1.073330000000000000e+05
5.000000000000000000e-01,0.000000000000000000e+00,0.000000000000000000e+00,5.000000000000000000e-01,0.000000000000000000e+00,1.000000000000000000e+00,2.000000000000000000e+00,1.250000000000000000e-01,1.000000000000000056e-01,1.363200000000000000e+04,2.956000000000000000e+03,7.151000000000000000e+03,3.690000000000000000e+02,8.329000000000000000e+03,2.376000000000000000e+03,5.266000000000000000e+03,6.438000000000000000e+03,7.400000000000000000e+03,1.130680000000000000e+05
5.000000000000000000e-01,0.000000000000000000e+00,0.000000000000000000e+00,5.000000000000000000e-01,0.000000000000000000e+00,1.000000000000000000e+00,2.000000000000000000e+00,1.250000000000000000e-01,1.000000000000000056e-01,1.363200000000000000e+04,2.956000000000000000e+03,7.151000000000000000e+03,3.690000000000000000e+02,8.329000000000000000e+03,2.376000000000000000e+03,5.266000000000000000e+03,6.438000000000000000e+03,7.400000000000000000e+03,1.130680000000000000e+05
0.000000000000000000e+00,1.000000000000000000e+00,0.000000000000000000e+00,1.000000000000000000e+00,0.000000000000000000e+00,1.000000000000000000e+00,2.500000000000000000e+00,1.250000000000000000e-01,2.000000000000000111e-01,1.786900000000000000e+04,5.333000000000000000e+03,6.782000000000000000e+03,1.892000000000000000e+03,9.491000000000000000e+03,6.075000000000000000e+03,4.645000000000000000e+03,9.070000000000000000e+03,1.001400000000000000e+04,9.082700000000000000e+04
0.000000000000000000e+00,1.000000000000000000e+00,0.000000000000000000e+00,1.000000000000000000e+00,0.000000000000000000e+00,1.000000000000000000e+00,2.500000000000000000e+00,1.250000000000000000e-01,2.000000000000000111e-01,1.786900000000000000e+04,5.333000000000000000e+03,6.782000000000000000e+03,1.892000000000000000e+03,9.491000000000000000e+03,6.075000000000000000e+03,4.645000000000000000e+03,9.070000000000000000e+03,1.001400000000000000e+04,9.082700000000000000e+04
0.000000000000000000e+00,5.000000000000000000e-01,0.000000000000000000e+00,1.000000000000000000e+00,1.000000000000000000e+00,0.000000000000000000e+00,2.500000000000000000e+00,0.000000000000000000e+00,1.000000000000000056e-01,1.336600000000000000e+04,4.020000000000000000e+03,9.949000000000000000e+03,5.780000000000000000e+02,7.956000000000000000e+03,2.685000000000000000e+03,4.295000000000000000e+03,1.082700000000000000e+04,9.489000000000000000e+03,1.031360000000000000e+05
0.000000000000000000e+00,5.000000000000000000e-01,0.000000000000000000e+00,1.000000000000000000e+00,1.000000000000000000e+00,0.000000000000000000e+00,2.500000000000000000e+00,0.000000000000000000e+00,1.000000000000000056e-01,1.336600000000000000e+04,4.020000000000000000e+03,9.949000000000000000e+03,5.780000000000000000e+02,7.956000000000000000e+03,2.685000000000000000e+03,4.295000000000000000e+03,1.082700000000000000e+04,9.489000000000000000e+03,1.031360000000000000e+05
0.000000000000000000e+00,5.000000000000000000e-01,0.000000000000000000e+00,1.000000000000000000e+00,0.000000000000000000e+00,1.000000000000000000e+00,3.000000000000000000e+00,1.250000000000000000e-01,1.000000000000000056e-01,8.797000000000000000e+03,1.807000000000000000e+03,9.960000000000000000e+03,8.030000000000000000e+02,1.242300000000000000e+04,2.047000000000000000e+03,5.787000000000000000e+03,1.058200000000000000e+04,1.156100000000000000e+04,1.030850000000000000e+05
0.000000000000000000e+00,5.000000000000000000e-01,0.000000000000000000e+00,1.000000000000000000e+00,0.000000000000000000e+00,1.000000000000000000e+00,3.000000000000000000e+00,1.250000000000000000e-01,1.000000000000000056e-01,8.797000000000000000e+03,1.807000000000000000e+03,9.960000000000000000e+03,8.030000000000000000e+02,1.242300000000000000e+04,2.047000000000000000e+03,5.787000000000000000e+03,1.058200000000000000e+04,1.156100000000000000e+04,1.030850000000000000e+05
0.000000000000000000e+00,1.000000000000000000e+00,0.000000000000000000e+00,1.000000000000000000e+00,0.000000000000000000e+00,1.000000000000000000e+00,2.500000000000000000e+00,2.500000000000000000e-01,1.000000000000000056e-01,7.737000000000000000e+03,2.343000000000000000e+03,6.931000000000000000e+03,8.690000000000000000e+02,7.831000000000000000e+03,2.559000000000000000e+03,3.762000000000000000e+03,1.646000000000000000e+04,1.281000000000000000e+04,1.053470000000000000e+05
0.000000000000000000e+00,1.000000000000000000e+00,0.000000000000000000e+00,1.000000000000000000e+00,0.000000000000000000e+00,1.000000000000000000e+00,2.500000000000000000e+00,2.500000000000000000e-01,1.000000000000000056e-01,7.737000000000000000e+03,2.343000000000000000e+03,6.931000000000000000e+03,8.690000000000000000e+02,7.831000000000000000e+03,2.559000000000000000e+03,3.762000000000000000e+03,1.646000000000000000e+04,1.281000000000000000e+04,1.053470000000000000e+05
1.000000000000000000e+00,0.000000000000000000e+00,0.000000000000000000e+00,1.000000000000000000e+00,0.000000000000000000e+00,1.000000000000000000e+00,5.000000000000000000e-01,0.000000000000000000e+00,1.000000000000000056e-01,1.164500000000000000e+04,3.225000000000000000e+03,1.022700000000000000e+04,1.014000000000000000e+03,1.360400000000000000e+04,2.496000000000000000e+03,5.116000000000000000e+03,1.317900000000000000e+04,1.239200000000000000e+04,9.391600000000000000e+04
1.000000000000000000e+00,0.000000000000000000e+00,0.000000000000000000e+00,1.000000000000000000e+00,0.000000000000000000e+00,1.000000000000000000e+00,5.000000000000000000e-01,0.000000000000000000e+00,1.000000000000000056e-01,1.164500000000000000e+04,3.225000000000000000e+03,1.022700000000000000e+04,1.014000000000000000e+03,1.360400000000000000e+04,2.496000000000000000e+03,5.116000000000000000e+03,1.317900000000000000e+04,1.239200000000000000e+04,9.391600000000000000e+04
0.000000000000000000e+00,1.000000000000000000e+00,0.000000000000000000e+00,5.000000000000000000e-01,0.000000000000000000e+00,1.000000000000000000e+00,1.500000000000000000e+00,3.750000000000000000e-01,1.000000000000000056e-01,8.674000000000000000e+03,2.490000000000000000e+03,7.932000000000000000e+03,5.560000000000000000e+02,7.830000000000000000e+03,2.764000000000000000e+03,3.442000000000000000e+03,1.614900000000000000e+04,1.232300000000000000e+04,1.044630000000000000e+05
0.000000000000000000e+00,1.000000000000000000e+00,0.000000000000000000e+00,5.000000000000000000e-01,0.000000000000000000e+00,1.000000000000000000e+00,1.500000000000000000e+00,3.750000000000000000e-01,1.000000000000000056e-01,8.674000000000000000e+03,2.490000000000000000e+03,7.932000000000000000e+03,5.560000000000000000e+02,7.830000000000000000e+03,2.764000000000000000e+03,3.442000000000000000e+03,1.614900000000000000e+04,1.232300000000000000e+04,1.044630000000000000e+05
0.000000000000000000e+00,1.000000000000000000e+00,0.000000000000000000e+00,1.000000000000000000e+00,1.000000000000000000e+00,0.000000000000000000e+00,2.500000000000000000e+00,1.250000000000000000e-01,1.000000000000000056e-01,7.808000000000000000e+03,2.173000000000000000e+03,6.785000000000000000e+03,1.356000000000000000e+03,1.031500000000000000e+04,1.835000000000000000e+03,3.708000000000000000e+03,1.077300000000000000e+04,9.859000000000000000e+03,1.123660000000000000e+05
0.000000000000000000e+00,1.000000000000000000e+00,0.000000000000000000e+00,1.000000000000000000e+00,1.000000000000000000e+00,0.000000000000000000e+00,2.500000000000000000e+00,1.250000000000000000e-01,1.000000000000000056e-01,7.808000000000000000e+03,2.173000000000000000e+03,6.785000000000000000e+03,1.356000000000000000e+03,1.031500000000000000e+04,1.835000000000000000e+03,3.708000000000000000e+03,1.077300000000000000e+04,9.859000000000000000e+03,1.123660000000000000e+05
0.000000000000000000e+00,1.000000000000000000e+00,0.000000000000000000e+00,5.000000000000000000e-01,1.000000000000000000e+00,0.000000000000000000e+00,2.000000000000000000e+00,0.000000000000000000e+00,1.000000000000000056e-01,1.179700000000000000e+04,3.079000000000000000e+03,7.661000000000000000e+03,2.030000000000000000e+03,8.509000000000000000e+03,1.952000000000000000e+03,5.437000000000000000e+03,8.343000000000000000e+03,8.264000000000000000e+03,1.098080000000000000e+05
0.000000000000000000e+00,1.000000000000000000e+00,0.000000000000000000e+00,5.000000000000000000e-01,1.000000000000000000e+00,0.000000000000000000e+00,2.000000000000000000e+00,0.000000000000000000e+00,1.000000000000000056e-01,1.179700000000000000e+04,3.079000000000000000e+03,7.661000000000000000e+03,2.030000000000000000e+03,8.509000000000000000e+03,1.952000000000000000e+03,5.437000000000000000e+03,8.343000000000000000e+03,8.264000000000000000e+03,1.098080000000000000e+05
5.000000000000000000e-01,0.000000000000000000e+00,1.000000000000000000e+00,0.000000000000000000e+00,0.000000000000000000e+00,1.000000000000000000e+00,0.000000000000000000e+00,1.250000000000000000e-01,1.000000000000000056e-01,1.026000000000000000e+04,3.235000000000000000e+03,6.259000000000000000e+03,1.148000000000000000e+03,9.366000000000000000e+03,4.959000000000000000e+03,4.657000000000000000e+03,9.807000000000000000e+03,1.131200000000000000e+04,1.053630000000000000e+05
5.000000000000000000e-01,0.000000000000000000e+00,1.000000000000000000e+00,0.000000000000000000e+00,0.000000000000000000e+00,1.000000000000000000e+00,0.000000000000000000e+00,1.250000000000000000e-01,1.000000000000000056e-01,1.026000000000000000e+04,3.235000000000000000e+03,6.259000000000000000e+03,1.148000000000000000e+03,9.366000000000000000e+03,4.959000000000000000e+03,4.657000000000000000e+03,9.807000000000000000e+03,1.131200000000000000e+04,1.053630000000000000e+05
0.000000000000000000e+00,1.000000000000000000e+00,0.000000000000000000e+00,1.000000000000000000e+00,0.000000000000000000e+00,1.000000000000000000e+00,2.500000000000000000e+00,0.000000000000000000e+00,1.000000000000000056e-01,1.120500000000000000e+04,3.941000000000000000e+03,7.012000000000000000e+03,2.831000000000000000e+03,9.134000000000000000e+03,2.373000000000000000e+03,4.554000000000000000e+03,1.132500000000000000e+04,1.095700000000000000e+04,1.032450000000000000e+05
0.000000000000000000e+00,1.000000000000000000e+00,0.000000000000000000e+00,1.000000000000000000e+00,0.000000000000000000e+00,1.000000000000000000e+00,2.500000000000000000e+00,0.000000000000000000e+00,1.000000000000000056e-01,1.120500000000000000e+04,3.941000000000000000e+03,7.012000000000000000e+03,2.831000000000000000e+03,9.134000000000000000e+03,2.373000000000000000e+03,4.554000000000000000e+03,1.132500000000000000e+04,1.095700000000000000e+04,1.032450000000000000e+05
0.000000000000000000e+00,1.000000000000000000e+00,0.000000000000000000e+00,1.000000000000000000e+00,1.000000000000000000e+00,0.000000000000000000e+00,2.500000000000000000e+00,1.250000000000000000e-01,1.000000000000000056e-01,7.808000000000000000e+03,2.173000000000000000e+03,6.785000000000000000e+03,1.356000000000000000e+03,1.031500000000000000e+04,1.835000000000000000e+03,3.708000000000000000e+03,1.077300000000000000e+04,9.859000000000000000e+03,1.123660000000000000e+05
0.000000000000000000e+00,1.000000000000000000e+00,0.000000000000000000e+00,1.000000000000000000e+00,1.000000000000000000e+00,0.000000000000000000e+00,2.500000000000000000e+00,1.250000000000000000e-01,1.000000000000000056e-01,7.808000000000000000e+03,2.173000000000000000e+03,6.785000000000000000e+03,1.356000000000000000e+03,1.031500000000000000e+04,1.835000000000000000e+03,3.708000000000000000e+03,1.077300000000000000e+04,9.859000000000000000e+03,1.123660000000000000e+05
1.000000000000000000e+00,0.000000000000000000e+00,0.000000000000000000e+00,1.000000000000000000e+00,0.000000000000000000e+00,1.000000000000000000e+00,3.000000000000000000e+00,0.000000000000000000e+00,1.000000000000000056e-01,1.194400000000000000e+04,3.429000000000000000e+03,1.091000000000000000e+04,1.159000000000000000e+03,1.347600000000000000e+04,2.680000000000000000e+03,4.969000000000000000e+03,1.383200000000000000e+04,1.217900000000000000e+04,9.219200000000000000e+04
1.000000000000000000e+00,0.000000000000000000e+00,0.000000000000000000e+00,1.000000000000000000e+00,0.000000000000000000e+00,1.000000000000000000e+00,3.000000000000000000e+00,0.000000000000000000e+00,1.000000000000000056e-01,1.194400000000000000e+04,3.429000000000000000e+03,1.091000000000000000e+04,1.159000000000000000e+03,1.347600000000000000e+04,2.680000000000000000e+03,4.969000000000000000e+03,1.383200000000000000e+04,1.217900000000000000e+04,9.219200000000000000e+04
0.000000000000000000e+00,1.000000000000000000e+00,0.000000000000000000e+00,1.000000000000000000e+00,0.000000000000000000e+00,1.000000000000000000e+00,2.500000000000000000e+00,0.000000000000000000e+00,1.000000000000000056e-01,9.002000000000000000e+03,2.579000000000000000e+03,7.016000000000000000e+03,1.455000000000000000e+03,9.559000000000000000e+03,2.444000000000000000e+03,3.944000000000000000e+03,1.074000000000000000e+04,1.064300000000000000e+04,1.095650000000000000e+05
0.000000000000000000e+00,1.000000000000000000e+00,0.000000000000000000e+00,1.000000000000000000e+00,0.000000000000000000e+00,1.000000000000000000e+00,2.500000000000000000e+00,0.000000000000000000e+00,1.000000000000000056e-01,9.002000000000000000e+03,2.579000000000000000e+03,7.016000000000000000e+03,1.455000000000000000e+03,9.559000000000000000e+03,2.444000000000000000e+03,3.944000000000000000e+03,1.074000000000000000e+04,1.064300000000000000e+04,1.095650000000000000e+05
0.000000000000000000e+00,1.000000000000000000e+00,5.000000000000000000e-01,0.000000000000000000e+00,0.000000000000000000e+00,1.000000000000000000e+00,0.000000000000000000e+00,3.750000000000000000e-01,1.000000000000000056e-01,1.111600000000000000e+04,3.048000000000000000e+03,6.887000000000000000e+03,1.158000000000000000e+03,8.534000000000000000e+03,2.544000000000000000e+03,4.721000000000000000e+03,8.266000000000000000e+03,8.922000000000000000e+03,1.113240000000000000e+05
0.000000000000000000e+00,1.000000000000000000e+00,5.000000000000000000e-01,0.000000000000000000e+00,0.000000000000000000e+00,1.000000000000000000e+00,0.000000000000000000e+00,3.750000000000000000e-01,1.000000000000000056e-01,1.111600000000000000e+04,3.048000000000000000e+03,6.887000000000000000e+03,1.158000000000000000e+03,8.534000000000000000e+03,2.544000000000000000e+03,4.721000000000000000e+03,8.266000000000000000e+03,8.922000000000000000e+03,1.113240000000000000e+05
0.000000000000000000e+00,1.000000000000000000e+00,0.000000000000000000e+00,1.000000000000000000e+00,1.000000000000000000e+00,0.000000000000000000e+00,2.500000000000000000e+00,1.250000000000000000e-01,1.000000000000000056e-01,7.808000000000000000e+03,2.173000000000000000e+03,6.785000000000000000e+03,1.356000000000000000e+03,1.031500000000000000e+04,1.835000000000000000e+03,3.708000000000000000e+03,1.077300000000000000e+04,9.859000000000000000e+03,1.123660000000000000e+05
0.000000000000000000e+00,1.000000000000000000e+00,0.000000000000000000e+00,1.000000000000000000e+00,1.000000000000000000e+00,0.000000000000000000e+00,2.500000000000000000e+00,1.250000000000000000e-01,1.000000000000000056e-01,7.808000000000000000e+03,2.173000000000000000e+03,6.785000000000000000e+03,1.356000000000000000e+03,1.031500000000000000e+04,1.835000000000000000e+03,3.708000000000000000e+03,1.077300000000000000e+04,9.859000000000000000e+03,1.123660000000000000e+05
0.000000000000000000e+00,1.000000000000000000e+00,1.000000000000000000e+00,0.000000000000000000e+00,1.000000000000000000e+00,0.000000000000000000e+00,0.000000000000000000e+00,6.250000000000000000e-01,1.000000000000000056e-01,1.163900000000000000e+04,3.118000000000000000e+03,7.725000000000000000e+03,4.550000000000000000e+02,1.066600000000000000e+04,3.308000000000000000e+03,3.836000000000000000e+03,1.036100000000000000e+04,8.519000000000000000e+03,1.070930000000000000e+05
0.000000000000000000e+00,1.000000000000000000e+00,1.000000000000000000e+00,0.000000000000000000e+00,1.000000000000000000e+00,0.000000000000000000e+00,0.000000000000000000e+00,6.250000000000000000e-01,1.000000000000000056e-01,1.163900000000000000e+04,3.118000000000000000e+03,7.725000000000000000e+03,4.550000000000000000e+02,1.066600000000000000e+04,3.308000000000000000e+03,3.836000000000000000e+03,1.036100000000000000e+04,8.519000000000000000e+03,1.070930000000000000e+05
0.000000000000000000e+00,1.000000000000000000e+00,1.000000000000000000e+00,0.000000000000000000e+00,0.000000000000000000e+00,1.000000000000000000e+00,0.000000000000000000e+00,3.750000000000000000e-01,1.000000000000000056e-01,1.812300000000000000e+04,4.119000000000000000e+03,7.374000000000000000e+03,1.305000000000000000e+03,1.191800000000000000e+04,4.156000000000000000e+03,4.749000000000000000e+03,1.043800000000000000e+04,1.203700000000000000e+04,1.647350000000000000e+05
0.000000000000000000e+00,1.000000000000000000e+00,1.000000000000000000e+00,0.000000000000000000e+00,0.000000000000000000e+00,1.000000000000000000e+00,0.000000000000000000e+00,3.750000000000000000e-01,1.000000000000000056e-01,1.812300000000000000e+04,4.119000000000000000e+03,7.374000000000000000e+03,1.305000000000000000e+03,1.191800000000000000e+04,4.156000000000000000e+03,4.749000000000000000e+03,1.043800000000000000e+04,1.203700000000000000e+04,1.647350000000000000e+05
0.000000000000000000e+00,5.000000000000000000e-01,1.000000000000000000e+00,0.000000000000000000e+00,2.500000000000000000e-01,0.000000000000000000e+00,0.000000000000000000e+00,3.750000000000000000e-01,1.000000000000000056e-01,1.467300000000000000e+04,2.944000000000000000e+03,4.066000000000000000e+03,3.690000000000000000e+02,7.855000000000000000e+03,3.856000000000000000e+03,2.786000000000000000e+03,5.178000000000000000e+03,6.899000000000000000e+03,5.792300000000000000e+04
0.000000000000000000e+00,5.000000000000000000e-01,1.000000000000000000e+00,0.000000000000000000e+00,2.500000000000000000e-01,0.000000000000000000e+00,0.000000000000000000e+00,3.750000000000000000e-01,1.000000000000000056e-01,1.467300000000000000e+04,2.944000000000000000e+03,4.066000000000000000e+03,3.690000000000000000e+02,7.855000000000000000e+03,3.856000000000000000e+03,2.786000000000000000e+03,5.178000000000000000e+03,6.899000000000000000e+03,5.792300000000000000e+04
1.000000000000000000e+00,0.000000000000000000e+00,0.000000000000000000e+00,1.000000000000000000e+00,0.000000000000000000e+00,1.000000000000000000e+00,5.000000000000000000e-01,0.000000000000000000e+00,1.000000000000000056e-01,1.164500000000000000e+04,3.225000000000000000e+03,1.022700000000000000e+04,1.014000000000000000e+03,1.360400000000000000e+04,2.496000000000000000e+03,5.116000000000000000e+03,1.317900000000000000e+04,1.239200000000000000e+04,9.391600000000000000e+04
1.000000000000000000e+00,0.000000000000000000e+00,0.000000000000000000e+00,1.000000000000000000e+00,0.000000000000000000e+00,1.000000000000000000e+00,5.000000000000000000e-01,0.000000000000000000e+00,1.000000000000000056e-01,1.164500000000000000e+04,3.225000000000000000e+03,1.022700000000000000e+04,1.014000000000000000e+03,1.360400000000000000e+04,2.496000000000000000e+03,5.116000000000000000e+03,1.317900000000000000e+04,1.239200000000000000e+04,9.391600000000000000e+04
0.000000000000000000e+00,5.000000000000000000e-01,0.000000000000000000e+00,1.000000000000000000e+00,0.000000000000000000e+00,1.000000000000000000e+00,0.000000000000000000e+00,5.000000000000000000e-01,1.000000000000000056e-01,1.652000000000000000e+04,4.025000000000000000e+03,9.955000000000000000e+03,9.880000000000000000e+02,1.109100000000000000e+04,4.911000000000000000e+03,4.406000000000000000e+03,1.183700000000000000e+04,1.542700000000000000e+04,1.605180000000000000e+05
0.000000000000000000e+00,5.000000000000000000e-01,0.000000000000000000e+00,1.000000000000000000e+00,0.000000000000000000e+00,1.000000000000000000e+00,0.000000000000000000e+00,5.000000000000000000e-01,1.000000000000000056e-01,1.652000000000000000e+04,4.025000000000000000e+03,9.955000000000000000e+03,9.880000000000000000e+02,1.109100000000000000e+04,4.911000000000000000e+03,4.406000000000000000e+03,1.183700000000000000e+04,1.542700000000000000e+04,1.605180000000000000e+05
5.000000000000000000e-01,0.000000000000000000e+00,0.000000000000000000e+00,1.000000000000000000e+00,0.000000000000000000e+00,1.000000000000000000e+00,3.000000000000000000e+00,5.000000000000000000e-01,1.000000000000000056e-01,1.920900000000000000e+04,7.495000000000000000e+03,9.861000000000000000e+03,2.069000000000000000e+03,1.271500000000000000e+04,5.180000000000000000e+03,5.387000000000000000e+03,1.162800000000000000e+04,1.197900000000000000e+04,7.935200000000000000e+04
5.000000000000000000e-01,0.000000000000000000e+00,0.000000000000000000e+00,1.000000000000000000e+00,0.000000000000000000e+00,1.000000000000000000e+00,3.000000000000000000e+00,5.000000000000000000e-01,1.000000000000000056e-01,1.920900000000000000e+04,7.495000000000000000e+03,9.861000000000000000e+03,2.069000000000000000e+03,1.271500000000000000e+04,5.180000000000000000e+03,5.387000000000000000e+03,1.162800000000000000e+04,1.197900000000000000e+04,7.935200000000000000e+04
0.000000000000000000e+00,1.000000000000000000e+00,0.000000000000000000e+00,1.000000000000000000e+00,0.000000000000000000e+00,1.000000000000000000e+00,0.000000000000000000e+00,6.250000000000000000e-01,1.000000000000000056e-01,1.098300000000000000e+04,3.207000000000000000e+03,6.432000000000000000e+03,6.630000000000000000e+02,9.319000000000000000e+03,3.293000000000000000e+03,5.018000000000000000e+03,8.219000000000000000e+03,9.000000000000000000e+03,1.106150000000000000e+05
0.000000000000000000e+00,1.000000000000000000e+00,0.000000000000000000e+00,1.000000000000000000e+00,0.000000000000000000e+00,1.000000000000000000e+00,0.000000000000000000e+00,6.250000000000000000e-01,1.000000000000000056e-01,1.098300000000000000e+04,3.207000000000000000e+03,6.432000000000000000e+03,6.630000000000000000e+02,9.319000000000000000e+03,3.293000000000000000e+03,5.018000000000000000e+03,8.219000000000000000e+03,9.000000000000000000e+03,1.106150000000000000e+05
0.000000000000000000e+00,5.000000000000000000e-01,0.000000000000000000e+00,5.000000000000000000e-01,0.000000000000000000e+00,1.000000000000000000e+00,2.500000000000000000e+00,2.500000000000000000e-01,1.000000000000000056e-01,1.466100000000000000e+04,4.540000000000000000e+03,9.544000000000000000e+03,1.482000000000000000e+03,1.310900000000000000e+04,4.244000000000000000e+03,6.548000000000000000e+03,8.627000000000000000e+03,1.132400000000000000e+04,1.655490000000000000e+05
0.000000000000000000e+00,5.000000000000000000e-01,0.000000000000000000e+00,5.000000000000000000e-01,0.000000000000000000e+00,1.000000000000000000e+00,2.500000000000000000e+00,2.500000000000000000e-01,1.000000000000000056e-01,1.466100000000000000e+04,4.540000000000000000e+03,9.544000000000000000e+03,1.482000000000000000e+03,1.310900000000000000e+04,4.244000000000000000e+03,6.548000000000000000e+03,8.627000000000000000e+03,1.132400000000000000e+04,1.655490000000000000e+05
0.000000000000000000e+00,5.000000000000000000e-01,0.000000000000000000e+00,5.000000000000000000e-01,0.000000000000000000e+00,1.000000000000000000e+00,0.000000000000000000e+00,6.250000000000000000e-01,1.000000000000000056e-01,1.730600000000000000e+04,4.644000000000000000e+03,5.391000000000000000e+03,6.760000000000000000e+02,6.544000000000000000e+03,2.840000000000000000e+03,2.392000000000000000e+03,5.370000000000000000e+03,5.295000000000000000e+03,5.558900000000000000e+04
0.000000000000000000e+00,5.000000000000000000e-01,0.000000000000000000e+00,5.000000000000000000e-01,0.000000000000000000e+00,1.000000000000000000e+00,0.000000000000000000e+00,6.250000000000000000e-01,1.000000000000000056e-01,1.730600000000000000e+04,4.644000000000000000e+03,5.391000000000000000e+03,6.760000000000000000e+02,6.544000000000000000e+03,2.840000000000000000e+03,2.392000000000000000e+03,5.370000000000000000e+03,5.295000000000000000e+03,5.558900000000000000e+04
0.000000000000000000e+00,5.000000000000000000e-01,5.000000000000000000e-01,0.000000000000000000e+00,2.500000000000000000e-01,0.000000000000000000e+00,2.500000000000000000e+00,2.500000000000000000e-01,1.000000000000000056e-01,1.823100000000000000e+04,5.695000000000000000e+03,8.424000000000000000e+03,2.590000000000000000e+03,1.190600000000000000e+04,5.558000000000000000e+03,5.919000000000000000e+03,9.354000000000000000e+03,1.198000000000000000e+04,1.536440000000000000e+05
0.000000000000000000e+00,5.000000000000000000e-01,5.000000000000000000e-01,0.000000000000000000e+00,2.500000000000000000e-01,0.000000000000000000e+00,2.500000000000000000e+00,2.500000000000000000e-01,1.000000000000000056e-01,1.823100000000000000e+04,5.695000000000000000e+03,8.424000000000000000e+03,2.590000000000000000e+03,1.190600000000000000e+04,5.558000000000000000e+03,5.919000000000000000e+03,9.354000000000000000e+03,1.198000000000000000e+04,1.536440000000000000e+05
5.000000000000000000e-01,0.000000000000000000e+00,0.000000000000000000e+00,1.000000000000000000e+00,0.000000000000000000e+00,1.000000000000000000e+00,3.000000000000000000e+00,5.000000000000000000e-01,1.000000000000000056e-01,7.711000000000000000e+03,3.046000000000000000e+03,7.604000000000000000e+03,6.070000000000000000e+02,9.555000000000000000e+03,2.112000000000000000e+03,2.548000000000000000e+03,6.934000000000000000e+03,8.036000000000000000e+03,5.845000000000000000e+04
5.000000000000000000e-01,0.000000000000000000e+00,0.000000000000000000e+00,1.000000000000000000e+00,0.000000000000000000e+00,1.000000000000000000e+00,3.000000000000000000e+00,5.000000000000000000e-01,1.000000000000000056e-01,7.711000000000000000e+03,3.046000000000000000e+03,7.604000000000000000e+03,6.070000000000000000e+02,9.555000000000000000e+03,2.112000000000000000e+03,2.548000000000000000e+03,6.934000000000000000e+03,8.036000000000000000e+03,5.845000000000000000e+04
5.000000000000000000e-01,0.000000000000000000e+00,5.000000000000000000e-01,0.000000000000000000e+00,0.000000000000000000e+00,1.000000000000000000e+00,2.500000000000000000e+00,5.000000000000000000e-01,1.000000000000000056e-01,4.223800000000000000e+04,1.088200000000000000e+04,1.285600000000000000e+04,4.794000000000000000e+03,1.883300000000000000e+04,1.531400000000000000e+04,6.162000000000000000e+03,2.480100000000000000e+04,2.377400000000000000e+04,1.516220000000000000e+05
5.000000000000000000e-01,0.000000000000000000e+00,5.000000000000000000e-01,0.000000000000000000e+00,0.000000000000000000e+00,1.000000000000000000e+00,2.500000000000000000e+00,5.000000000000000000e-01,1.000000000000000056e-01,4.223800000000000000e+04,1.088200000000000000e+04,1.285600000000000000e+04,4.794000000000000000e+03,1.883300000000000000e+04,1.531400000000000000e+04,6.162000000000000000e+03,2.480100000000000000e+04,2.377400000000000000e+04,1.516220000000000000e+05
0.000000000000000000e+00,5.000000000000000000e-01,0.000000000000000000e+00,1.000000000000000000e+00,0.000000000000000000e+00,1.000000000000000000e+00,0.000000000000000000e+00,3.750000000000000000e-01,1.000000000000000056e-01,1.400500000000000000e+04,3.048000000000000000e+03,6.068000000000000000e+03,8.670000000000000000e+02,9.310000000000000000e+03,5.102000000000000000e+03,4.800000000000000000e+03,8.074000000000000000e+03,9.350000000000000000e+03,1.053790000000000000e+05
0.000000000000000000e+00,5.000000000000000000e-01,0.000000000000000000e+00,1.000000000000000000e+00,0.000000000000000000e+00,1.000000000000000000e+00,0.000000000000000000e+00,3.750000000000000000e-01,1.000000000000000056e-01,1.400500000000000000e+04,3.048000000000000000e+03,6.068000000000000000e+03,8.670000000000000000e+02,9.310000000000000000e+03,5.102000000000000000e+03,4.800000000000000000e+03,8.074000000000000000e+03,9.350000000000000000e+03,1.053790000000000000e+05
0.000000000000000000e+00,5.000000000000000000e-01,0.000000000000000000e+00,1.000000000000000000e+00,1.000000000000000000e+00,0.000000000000000000e+00,2.000000000000000000e+00,5.000000000000000000e-01,1.000000000000000056e-01,5.769000000000000000e+03,1.167000000000000000e+03,2.613000000000000000e+03,4.560000000000000000e+02,4.800000000000000000e+03,1.201000000000000000e+03,2.670000000000000000e+03,3.271000000000000000e+03,5.606000000000000000e+03,4.444700000000000000e+04
0.000000000000000000e+00,5.000000000000000000e-01,0.000000000000000000e+00,1.000000000000000000e+00,1.000000000000000000e+00,0.000000000000000000e+00,2.000000000000000000e+00,5.000000000000000000e-01,1.000000000000000056e-01,5.769000000000000000e+03,1.167000000000000000e+03,2.613000000000000000e+03,4.560000000000000000e+02,4.800000000000000000e+03,1.201000000000000000e+03,2.670000000000000000e+03,3.271000000000000000e+03,5.606000000000000000e+03,4.444700000000000000e+04
5.000000000000000000e-01,0.000000000000000000e+00,5.000000000000000000e-01,1.000000000000000000e+00,0.000000000000000000e+00,1.000000000000000000e+00,2.000000000000000000e+00,2.500000000000000000e-01,1.000000000000000056e-01,2.668600000000000000e+04,5.396000000000000000e+03,9.393000000000000000e+03,1.231000000000000000e+03,1.243100000000000000e+04,5.202000000000000000e+03,5.780000000000000000e+03,1.000000000000000000e+04,1.016800000000000000e+04,2.275010000000000000e+05
5.000000000000000000e-01,0.000000000000000000e+00,5.000000000000000000e-01,1.000000000000000000e+00,0.000000000000000000e+00,1.000000000000000000e+00,2.000000000000000000e+00,2.500000000000000000e-01,1.000000000000000056e-01,2.668600000000000000e+04,5.396000000000000000e+03,9.393000000000000000e+03,1.231000000000000000e+03,1.243100000000000000e+04,5.202000000000000000e+03,5.780000000000000000e+03,1.000000000000000000e+04,1.016800000000000000e+04,2.275010000000000000e+05
0.000000000000000000e+00,5.000000000000000000e-01,1.000000000000000000e+00,0.000000000000000000e+00,0.000000000000000000e+00,1.000000000000000000e+00,2.500000000000000000e+00,5.000000000000000000e-01,2.000000000000000111e-01,9.256000000000000000e+03,2.264000000000000000e+03,8.189000000000000000e+03,5.310000000000000000e+02,1.018700000000000000e+04,2.180000000000000000e+03,4.576000000000000000e+03,1.022600000000000000e+04,9.544000000000000000e+03,1.098360000000000000e+05
0.000000000000000000e+00,5.000000000000000000e-01,1.000000000000000000e+00,0.000000000000000000e+00,0.000000000000000000e+00,1.000000000000000000e+00,2.500000000000000000e+00,5.000000000000000000e-01,2.000000000000000111e-01,9.256000000000000000e+03,2.264000000000000000e+03,8.189000000000000000e+03,5.310000000000000000e+02,1.018700000000000000e+04,2.180000000000000000e+03,4.576000000000000000e+03,1.022600000000000000e+04,9.544000000000000000e+03,1.098360000000000000e+05
5.000000000000000000e-01,0.000000000000000000e+00,1.000000000000000000e+00,0.000000000000000000e+00,0.000000000000000000e+00,1.000000000000000000e+00,3.000000000000000000e+00,3.750000000000000000e-01,1.000000000000000056e-01,2.971600000000000000e+04,4.110000000000000000e+03,7.435000000000000000e+03,7.510000000000000000e+02,9.188000000000000000e+03,4.791000000000000000e+03,8.665000000000000000e+03,7.969000000000000000e+03,8.931000000000000000e+03,2.332550000000000000e+05
5.000000000000000000e-01,0.000000000000000000e+00,1.000000000000000000e+00,0.000000000000000000e+00,0.000000000000000000e+00,1.000000000000000000e+00,3.000000000000000000e+00,3.750000000000000000e-01,1.000000000000000056e-01,2.971600000000000000e+04,4.110000000000000000e+03,7.435000000000000000e+03,7.510000000000000000e+02,9.188000000000000000e+03,4.791000000000000000e+03,8.665000000000000000e+03,7.969000000000000000e+03,8.931000000000000000e+03,2.332550000000000000e+05
5.000000000000000000e-01,0.000000000000000000e+00,5.000000000000000000e-01,1.000000000000000000e+00,0.000000000000000000e+00,1.000000000000000000e+00,2.000000000000000000e+00,2.500000000000000000e-01,1.000000000000000056e-01,2.668600000000000000e+04,5.396000000000000000e+03,9.393000000000000000e+03,1.231000000000000000e+03,1.243100000000000000e+04,5.202000000000000000e+03,5.780000000000000000e+03,1.000000000000000000e+04,1.016800000000000000e+04,2.275010000000000000e+05
5.000000000000000000e-01,0.000000000000000000e+00,5.000000000000000000e-01,1.000000000000000000e+00,0.000000000000000000e+00,1.000000000000000000e+00,2.000000000000000000e+00,2.500000000000000000e-01,1.000000000000000056e-01,2.668600000000000000e+04,5.396000000000000000e+03,9.393000000000000000e+03,1.231000000000000000e+03,1.243100000000000000e+04,5.202000000000000000e+03,5.780000000000000000e+03,1.000000000000000000e+04,1.016800000000000000e+04,2.275010000000000000e+05
5.000000000000000000e-01,6.250000000000000000e-01,0.000000000000000000e+00,1.000000000000000000e+00,0.000000000000000000e+00,1.000000000000000000e+00,2.000000000000000000e+00,2.500000000000000000e-01,1.000000000000000056e-01,1.752000000000000000e+04,2.797000000000000000e+03,8.374000000000000000e+03,1.510000000000000000e+02,1.092900000000000000e+04,3.320000000000000000e+03,6.256000000000000000e+03,8.404000000000000000e+03,9.475000000000000000e+03,2.520060000000000000e+05
5.000000000000000000e-01,6.250000000000000000e-01,0.000000000000000000e+00,1.000000000000000000e+00,0.000000000000000000e+00,1.000000000000000000e+00,2.000000000000000000e+00,2.500000000000000000e-01,1.000000000000000056e-01,1.752000000000000000e+04,2.797000000000000000e+03,8.374000000000000000e+03,1.510000000000000000e+02,1.092900000000000000e+04,3.320000000000000000e+03,6.256000000000000000e+03,8.404000000000000000e+03,9.475000000000000000e+03,2.520060000000000000e+05
0.000000000000000000e+00,5.000000000000000000e-01,0.000000000000000000e+00,5.000000000000000000e-01,0.000000000000000000e+00,1.000000000000000000e+00,0.000000000000000000e+00,5.000000000000000000e-01,1.000000000000000056e-01,1.127800000000000000e+04,1.957000000000000000e+03,1.934000000000000000e+03,1.250000000000000000e+03,3.719000000000000000e+03,3.100000000000000000e+03,3.886000000000000000e+03,2.725000000000000000e+03,4.237000000000000000e+03,3.574200000000000000e+04
0.000000000000000000e+00,5.000000000000000000e-01,0.000000000000000000e+00,5.000000000000000000e-01,0.000000000000000000e+00,1.000000000000000000e+00,0.000000000000000000e+00,5.000000000000000000e-01,1.000000000000000056e-01,1.127800000000000000e+04,1.957000000000000000e+03,1.934000000000000000e+03,1.250000000000000000e+03,3.719000000000000000e+03,3.100000000000000000e+03,3.886000000000000000e+03,2.725000000000000000e+03,4.237000000000000000e+03,3.574200000000000000e+04
0.000000000000000000e+00,1.000000000000000000e+00,0.000000000000000000e+00,1.000000000000000000e+00,1.000000000000000000e+00,0.000000000000000000e+00,2.000000000000000000e+00,3.750000000000000000e-01,1.000000000000000056e-01,1.289500000000000000e+04,2.723000000000000000e+03,1.046800000000000000e+04,3.510000000000000000e+02,1.110800000000000000e+04,2.937000000000000000e+03,5.993000000000000000e+03,1.638800000000000000e+04,1.591100000000000000e+04,2.400820000000000000e+05
0.000000000000000000e+00,1.000000000000000000e+00,0.000000000000000000e+00,1.000000000000000000e+00,1.000000000000000000e+00,0.000000000000000000e+00,2.000000000000000000e+00,3.750000000000000000e-01,1.000000000000000056e-01,1.289500000000000000e+04,2.723000000000000000e+03,1.046800000000000000e+04,3.510000000000000000e+02,1.110800000000000000e+04,2.937000000000000000e+03,5.993000000000000000e+03,1.638800000000000000e+04,1.591100000000000000e+04,2.400820000000000000e+05
0.000000000000000000e+00,5.000000000000000000e-01,0.000000000000000000e+00,1.000000000000000000e+00,1.000000000000000000e+00,0.000000000000000000e+00,2.500000000000000000e+00,0.000000000000000000e+00,1.000000000000000056e-01,8.235000000000000000e+03,4.694000000000000000e+03,5.519000000000000000e+03,1.022000000000000000e+03,6.888000000000000000e+03,1.936000000000000000e+03,1.636000000000000000e+03,3.990000000000000000e+03,5.287000000000000000e+03,3.046800000000000000e+04
0.000000000000000000e+00,5.000000000000000000e-01,0.000000000000000000e+00,1.000000000000000000e+00,1.000000000000000000e+00,0.000000000000000000e+00,2.500000000000000000e+00,0.000000000000000000e+00,1.000000000000000056e-01,8.235000000000000000e+03,4.694000000000000000e+03,5.519000000000000000e+03,1.022000000000000000e+03,6.888000000000000000e+03,1.936000000000000000e+03,1.636000000000000000e+03,3.990000000000000000e+03,5.287000000000000000e+03,3.046800000000000000e+04
0.000000000000000000e+00,1.000000000000000000e+00,0.000000000000000000e+00,1.000000000000000000e+00,1.000000000000000000e+00,0.000000000000000000e+00,0.000000000000000000e+00,3.750000000000000000e-01,1.000000000000000056e-01,1.666700000000000000e+04,4.737000000000000000e+03,7.597000000000000000e+03,2.789000000000000000e+03,1.002600000000000000e+04,3.153000000000000000e+03,6.451000000000000000e+03,9.509000000000000000e+03,1.245600000000000000e+04,2.402260000000000000e+05
0.000000000000000000e+00,1.000000000000000000e+00,0.000000000000000000e+00,1.000000000000000000e+00,1.000000000000000000e+00,0.000000000000000000e+00,0.000000000000000000e+00,3.750000000000000000e-01,1.000000000000000056e-01,1.666700000000000000e+04,4.737000000000000000e+03,7.597000000000000000e+03,2.789000000000000000e+03,1.002600000000000000e+04,3.153000000000000000e+03,6.451000000000000000e+03,9.509000000000000000e+03,1.245600000000000000e+04,2.402260000000000000e+05
0.000000000000000000e+00,1.000000000000000000e+00,0.000000000000000000e+00,1.000000000000000000e+00,1.000000000000000000e+00,0.000000000000000000e+00,3.000000000000000000e+00,3.750000000000000000e-01,1.000000000000000056e-01,7.211000000000000000e+03,2.332000000000000000e+03,7.246000000000000000e+03,6.030000000000000000e+02,7.767000000000000000e+03,2.684000000000000000e+03,3.754000000000000000e+03,1.753200000000000000e+04,1.213000000000000000e+04,1.051610000000000000e+05
0.000000000000000000e+00,1.000000000000000000e+00,0.000000000000000000e+00,1.000000000000000000e+00,1.000000000000000000e+00,0.000000000000000000e+00,3.000000000000000000e+00,3.750000000000000000e-01,1.000000000000000056e-01,7.211000000000000000e+03,2.332000000000000000e+03,7.246000000000000000e+03,6.030000000000000000e+02,7.767000000000000000e+03,2.684000000000000000e+03,3.754000000000000000e+03,1.753200000000000000e+04,1.213000000000000000e+04,1.051610000000000000e+05
5.000000000000000000e-01,0.000000000000000000e+00,0.000000000000000000e+00,1.000000000000000000e+00,0.000000000000000000e+00,1.000000000000000000e+00,2.500000000000000000e+00,5.000000000000000000e-01,1.000000000000000056e-01,6.304000000000000000e+04,1.169300000000000000e+04,1.577100000000000000e+04,9.076000000000000000e+03,1.860600000000000000e+04,3.269200000000000000e+04,1.258800000000000000e+04,2.906700000000000000e+04,2.487600000000000000e+04,8.372800000000000000e+04
5.000000000000000000e-01,0.000000000000000000e+00,0.000000000000000000e+00,1.000000000000000000e+00,0.000000000000000000e+00,1.000000000000000000e+00,2.500000000000000000e+00,5.000000000000000000e-01,1.000000000000000056e-01,6.304000000000000000e+04,1.169300000000000000e+04,1.577100000000000000e+04,9.076000000000000000e+03,1.860600000000000000e+04,3.269200000000000000e+04,1.258800000000000000e+04,2.906700000000000000e+04,2.487600000000000000e+04,8.372800000000000000e+04
5.000000000000000000e-01,0.000000000000000000e+00,0.000000000000000000e+00,1.000000000000000000e+00,1.000000000000000000e+00,0.000000000000000000e+00,2.500000000000000000e+00,1.250000000000000000e-01,1.000000000000000056e-01,6.576000000000000000e+04,1.062300000000000000e+04,1.433000000000000000e+04,8.651000000000000000e+03,1.834200000000000000e+04,3.318900000000000000e+04,1.233000000000000000e+04,2.816600000000000000e+04,2.531200000000000000e+04,8.484200000000000000e+04
5.000000000000000000e-01,0.000000000000000000e+00,0.000000000000000000e+00,1.000000000000000000e+00,1.000000000000000000e+00,0.000000000000000000e+00,2.500000000000000000e+00,1.250000000000000000e-01,1.000000000000000056e-01,6.576000000000000000e+04,1.062300000000000000e+04,1.433000000000000000e+04,8.651000000000000000e+03,1.834200000000000000e+04,3.318900000000000000e+04,1.233000000000000000e+04,2.816600000000000000e+04,2.531200000000000000e+04,8.484200000000000000e+04
0.000000000000000000e+00,1.000000000000000000e+00,0.000000000000000000e+00,1.000000000000000000e+00,1.000000000000000000e+00,0.000000000000000000e+00,0.000000000000000000e+00,3.750000000000000000e-01,1.000000000000000056e-01,1.666700000000000000e+04,4.737000000000000000e+03,7.597000000000000000e+03,2.789000000000000000e+03,1.002600000000000000e+04,3.153000000000000000e+03,6.451000000000000000e+03,9.509000000000000000e+03,1.245600000000000000e+04,2.402260000000000000e+05
0.000000000000000000e+00,1.000000000000000000e+00,0.000000000000000000e+00,1.000000000000000000e+00,1.000000000000000000e+00,0.000000000000000000e+00,0.000000000000000000e+00,3.750000000000000000e-01,1.000000000000000056e-01,1.666700000000000000e+04,4.737000000000000000e+03,7.597000000000000000e+03,2.789000000000000000e+03,1.002600000000000000e+04,3.153000000000000000e+03,6.451000000000000000e+03,9.509000000000000000e+03,1.245600000000000000e+04,2.402260000000000000e+05
5.000000000000000000e-01,0.000000000000000000e+00,0.000000000000000000e+00,1.000000000000000000e+00,0.000000000000000000e+00,1.000000000000000000e+00,2.500000000000000000e+00,5.000000000000000000e-01,1.000000000000000056e-01,2.966400000000000000e+04,4.364000000000000000e+03,6.867000000000000000e+03,1.315000000000000000e+03,9.786000000000000000e+03,4.865000000000000000e+03,1.031600000000000000e+04,9.032000000000000000e+03,1.014300000000000000e+04,2.275220000000000000e+05
5.000000000000000000e-01,0.000000000000000000e+00,0.000000000000000000e+00,1.000000000000000000e+00,0.000000000000000000e+00,1.000000000000000000e+00,2.500000000000000000e+00,5.000000000000000000e-01,1.000000000000000056e-01,2.966400000000000000e+04,4.364000000000000000e+03,6.867000000000000000e+03,1.315000000000000000e+03,9.786000000000000000e+03,4.865000000000000000e+03,1.031600000000000000e+04,9.032000000000000000e+03,1.014300000000000000e+04,2.275220000000000000e+05
0.000000000000000000e+00,5.000000000000000000e-01,0.000000000000000000e+00,1.000000000000000000e+00,5.000000000000000000e-01,0.000000000000000000e+00,0.000000000000000000e+00,3.750000000000000000e-01,1.000000000000000056e-01,1.038300000000000000e+04,2.628000000000000000e+03,8.219000000000000000e+03,5.770000000000000000e+02,9.616000000000000000e+03,1.543000000000000000e+03,4.132000000000000000e+03,9.807000000000000000e+03,1.152900000000000000e+04,1.082400000000000000e+05
0.000000000000000000e+00,5.000000000000000000e-01,0.000000000000000000e+00,1.000000000000000000e+00,5.000000000000000000e-01,0.000000000000000000e+00,0.000000000000000000e+00,3.750000000000000000e-01,1.000000000000000056e-01,1.038300000000000000e+04,2.628000000000000000e+03,8.219000000000000000e+03,5.770000000000000000e+02,9.616000000000000000e+03,1.543000000000000000e+03,4.132000000000000000e+03,9.807000000000000000e+03,1.152900000000000000e+04,1.082400000000000000e+05
0.000000000000000000e+00,1.000000000000000000e+00,0.000000000000000000e+00,1.000000000000000000e+00,0.000000000000000000e+00,1.000000000000000000e+00,2.500000000000000000e+00,0.000000000000000000e+00,1.000000000000000056e-01,1.542500000000000000e+04,6.470000000000000000e+03,8.095000000000000000e+03,2.717000000000000000e+03,1.131500000000000000e+04,5.318000000000000000e+03,7.089000000000000000e+03,1.035400000000000000e+04,1.174200000000000000e+04,8.711000000000000000e+04
0.000000000000000000e+00,1.000000000000000000e+00,0.000000000000000000e+00,1.000000000000000000e+00,0.000000000000000000e+00,1.000000000000000000e+00,2.500000000000000000e+00,0.000000000000000000e+00,1.000000000000000056e-01,1.542500000000000000e+04,6.470000000000000000e+03,8.095000000000000000e+03,2.717000000000000000e+03,1.131500000000000000e+04,5.318000000000000000e+03,7.089000000000000000e+03,1.035400000000000000e+04,1.174200000000000000e+04,8.711000000000000000e+04
5.000000000000000000e-01,6.250000000000000000e-01,5.000000000000000000e-01,6.250000000000000000e-01,5.000000000000000000e-01,0.000000000000000000e+00,0.000000000000000000e+00,1.250000000000000000e-01,2.000000000000000111e-01,9.301000000000000000e+03,2.464000000000000000e+03,2.723000000000000000e+03,1.602000000000000000e+03,2.844000000000000000e+03,2.766000000000000000e+03,1.722000000000000000e+03,1.993000000000000000e+03,1.804000000000000000e+03,7.285000000000000000e+03
5.000000000000000000e-01,6.250000000000000000e-01,5.000000000000000000e-01,6.250000000000000000e-01,5.000000000000000000e-01,0.000000000000000000e+00,0.000000000000000000e+00,1.250000000000000000e-01,2.000000000000000111e-01,9.301000000000000000e+03,2.464000000000000000e+03,2.723000000000000000e+03,1.602000000000000000e+03,2.844000000000000000e+03,2.766000000000000000e+03,1.722000000000000000e+03,1.993000000000000000e+03,1.804000000000000000e+03,7.285000000000000000e+03
5.000000000000000000e-01,0.000000000000000000e+00,0.000000000000000000e+00,1.000000000000000000e+00,0.000000000000000000e+00,1.000000000000000000e+00,3.000000000000000000e+00,6.250000000000000000e-01,1.000000000000000056e-01,2.627500000000000000e+04,4.569000000000000000e+03,6.537000000000000000e+03,2.889000000000000000e+03,1.327300000000000000e+04,7.673000000000000000e+03,5.989000000000000000e+03,9.561000000000000000e+03,1.479700000000000000e+04,1.229940000000000000e+05
5.000000000000000000e-01,0.000000000000000000e+00,0.000000000000000000e+00,1.000000000000000000e+00,0.000000000000000000e+00,1.000000000000000000e+00,3.000000000000000000e+00,6.250000000000000000e-01,1.000000000000000056e-01,2.627500000000000000e+04,4.569000000000000000e+03,6.537000000000000000e+03,2.889000000000000000e+03,1.327300000000000000e+04,7.673000000000000000e+03,5.989000000000000000e+03,9.561000000000000000e+03,1.479700000000000000e+04,1.229940000000000000e+05
0.000000000000000000e+00,1.000000000000000000e+00,0.000000000000000000e+00,1.000000000000000000e+00,1.000000000000000000e+00,0.000000000000000000e+00,2.500000000000000000e+00,2.500000000000000000e-01,1.000000000000000056e-01,1.358300000000000000e+04,5.863000000000000000e+03,6.298000000000000000e+03,4.323000000000000000e+03,7.262000000000000000e+03,2.929000000000000000e+03,6.246000000000000000e+03,8.112000000000000000e+03,9.682000000000000000e+03,1.539490000000000000e+05
0.000000000000000000e+00,1.000000000000000000e+00,0.000000000000000000e+00,1.000000000000000000e+00,1.000000000000000000e+00,0.000000000000000000e+00,2.500000000000000000e+00,2.500000000000000000e-01,1.000000000000000056e-01,1.358300000000000000e+04,5.863000000000000000e+03,6.298000000000000000e+03,4.323000000000000000e+03,7.262000000000000000e+03,2.929000000000000000e+03,6.246000000000000000e+03,8.112000000000000000e+03,9.682000000000000000e+03,1.539490000000000000e+05
0.000000000000000000e+00,1.000000000000000000e+00,0.000000000000000000e+00,1.000000000000000000e+00,0.000000000000000000e+00,3.750000000000000000e-01,2.500000000000000000e+00,5.000000000000000000e-01,1.000000000000000056e-01,1.109700000000000000e+04,4.236000000000000000e+03,7.278000000000000000e+03,2.436000000000000000e+03,1.053900000000000000e+04,2.351000000000000000e+03,5.328000000000000000e+03,1.154700000000000000e+04,1.152600000000000000e+04,1.732400000000000000e+05
0.000000000000000000e+00,1.000000000000000000e+00,0.000000000000000000e+00,1.000000000000000000e+00,0.000000000000000000e+00,3.750000000000000000e-01,2.500000000000000000e+00,5.000000000000000000e-01,1.000000000000000056e-01,1.109700000000000000e+04,4.236000000000000000e+03,7.278000000000000000e+03,2.436000000000000000e+03,1.053900000000000000e+04,2.351000000000000000e+03,5.328000000000000000e+03,1.154700000000000000e+04,1.152600000000000000e+04,1.732400000000000000e+05
0.000000000000000000e+00,5.000000000000000000e-01,1.000000000000000000e+00,0.000000000000000000e+00,1.000000000000000000e+00,5.000000000000000000e-01,2.500000000000000000e+00,6.250000000000000000e-01,1.000000000000000056e-01,1.249100000000000000e+04,3.166000000000000000e+03,7.460000000000000000e+03,9.530000000000000000e+02,7.684000000000000000e+03,6.471000000000000000e+03,6.220000000000000000e+03,1.369600000000000000e+04,1.264000000000000000e+04,2.093770000000000000e+05
0.000000000000000000e+00,5.000000000000000000e-01,1.000000000000000000e+00,0.000000000000000000e+00,1.000000000000000000e+00,5.000000000000000000e-01,2.500000000000000000e+00,6.250000000000000000e-01,1.000000000000000056e-01,1.249100000000000000e+04,3.166000000000000000e+03,7.460000000000000000e+03,9.530000000000000000e+02,7.684000000000000000e+03,6.471000000000000000e+03,6.220000000000000000e+03,1.369600000000000000e+04,1.264000000000000000e+04,2.093770000000000000e+05
5.000000000000000000e-01,0.000000000000000000e+00,1.000000000000000000e+00,0.000000000000000000e+00,0.000000000000000000e+00,1.000000000000000000e+00,2.000000000000000000e+00,3.750000000000000000e-01,1.000000000000000056e-01,1.268000000000000000e+04,4.148000000000000000e+03,8.027000000000000000e+03,8.660000000000000000e+02,1.170600000000000000e+04,4.625000000000000000e+03,5.155000000000000000e+03,1.284100000000000000e+04,1.425200000000000000e+04,9.235700000000000000e+04
5.000000000000000000e-01,0.000000000000000000e+00,1.000000000000000000e+00,0.000000000000000000e+00,0.000000000000000000e+00,1.000000000000000000e+00,2.000000000000000000e+00,3.750000000000000000e-01,1.000000000000000056e-01,1.268000000000000000e+04,4.148000000000000000e+03,8.027000000000000000e+03,8.660000000000000000e+02,1.170600000000000000e+04,4.625000000000000000e+03,5.155000000000000000e+03,1.284100000000000000e+04,1.425200000000000000e+04,9.235700000000000000e+04
0.000000000000000000e+00,1.000000000000000000e+00,5.000000000000000000e-01,0.000000000000000000e+00,0.000000000000000000e+00,1.000000000000000000e+00,0.000000000000000000e+00,3.750000000000000000e-01,1.000000000000000056e-01,1.111600000000000000e+04,3.048000000000000000e+03,6.887000000000000000e+03,1.158000000000000000e+03,8.534000000000000000e+03,2.544000000000000000e+03,4.721000000000000000e+03,8.266000000000000000e+03,8.922000000000000000e+03,1.113240000000000000e+05
0.000000000000000000e+00,1.000000000000000000e+00,5.000000000000000000e-01,0.000000000000000000e+00,0.000000000000000000e+00,1.000000000000000000e+00,0.000000000000000000e+00,3.750000000000000000e-01,1.000000000000000056e-01,1.111600000000000000e+04,3.048000000000000000e+03,6.887000000000000000e+03,1.158000000000000000e+03,8.534000000000000000e+03,2.544000000000000000e+03,4.721000000000000000e+03,8.266000000000000000e+03,8.922000000000000000e+03,1.113240000000000000e+05
0.000000000000000000e+00,1.000000000000000000e+00,0.000000000000000000e+00,1.000000000000000000e+00,0.000000000000000000e+00,1.000000000000000000e+00,2.500000000000000000e+00,5.000000000000000000e-01,1.000000000000000056e-01,1.332300000000000000e+04,1.920000000000000000e+03,6.990000000000000000e+03,2.644000000000000000e+03,7.799000000000000000e+03,1.169700000000000000e+04,3.101000000000000000e+03,4.476400000000000000e+04,5.884200000000000000e+04,6.502200000000000000e+04
0.000000000000000000e+00,1.000000000000000000e+00,0.000000000000000000e+00,1.000000000000000000e+00,0.000000000000000000e+00,1.000000000000000000e+00,2.500000000000000000e+00,5.000000000000000000e-01,1.000000000000000056e-01,1.332300000000000000e+04,1.920000000000000000e+03,6.990000000000000000e+03,2.644000000000000000e+03,7.799000000000000000e+03,1.169700000000000000e+04,3.101000000000000000e+03,4.476400000000000000e+04,5.884200000000000000e+04,6.502200000000000000e+04
0.000000000000000000e+00,5.000000000000000000e-01,0.000000000000000000e+00,1.000000000000000000e+00,0.000000000000000000e+00,1.000000000000000000e+00,2.500000000000000000e+00,2.500000000000000000e-01,1.000000000000000056e-01,1.548500000000000000e+04,3.915000000000000000e+03,7.369000000000000000e+03,3.265000000000000000e+03,1.056500000000000000e+04,6.109000000000000000e+03,4.180000000000000000e+03,1.564900000000000000e+04,3.150400000000000000e+04,1.164670000000000000e+05
0.000000000000000000e+00,5.000000000000000000e-01,0.000000000000000000e+00,1.000000000000000000e+00,0.000000000000000000e+00,1.000000000000000000e+00,2.500000000000000000e+00,2.500000000000000000e-01,1.000000000000000056e-01,1.548500000000000000e+04,3.915000000000000000e+03,7.369000000000000000e+03,3.265000000000000000e+03,1.056500000000000000e+04,6.109000000000000000e+03,4.180000000000000000e+03,1.564900000000000000e+04,3.150400000000000000e+04,1.164670000000000000e+05
0.000000000000000000e+00,1.000000000000000000e+00,0.000000000000000000e+00,1.000000000000000000e+00,0.000000000000000000e+00,1.000000000000000000e+00,0.000000000000000000e+00,5.000000000000000000e-01,1.000000000000000056e-01,1.338500000000000000e+04,2.489000000000000000e+03,6.198000000000000000e+03,2.217000000000000000e+03,7.408000000000000000e+03,1.194000000000000000e+04,3.258000000000000000e+03,4.623100000000000000e+04,6.084500000000000000e+04,6.239300000000000000e+04
0.000000000000000000e+00,1.000000000000000000e+00,0.000000000000000000e+00,1.000000000000000000e+00,0.000000000000000000e+00,1.000000000000000000e+00,0.000000000000000000e+00,5.000000000000000000e-01,1.000000000000000056e-01,1.338500000000000000e+04,2.489000000000000000e+03,6.198000000000000000e+03,2.217000000000000000e+03,7.408000000000000000e+03,1.194000000000000000e+04,3.258000000000000000e+03,4.623100000000000000e+04,6.084500000000000000e+04,6.239300000000000000e+04
0.000000000000000000e+00,1.000000000000000000e+00,0.000000000000000000e+00,1.000000000000000000e+00,0.000000000000000000e+00,1.000000000000000000e+00,0.000000000000000000e+00,5.000000000000000000e-01,1.000000000000000056e-01,1.320500000000000000e+04,2.059000000000000000e+03,7.231000000000000000e+03,2.016000000000000000e+03,8.292000000000000000e+03,1.195500000000000000e+04,3.212000000000000000e+03,4.662900000000000000e+04,5.883400000000000000e+04,6.253200000000000000e+04
0.000000000000000000e+00,1.000000000000000000e+00,0.000000000000000000e+00,1.000000000000000000e+00,0.000000000000000000e+00,1.000000000000000000e+00,0.000000000000000000e+00,5.000000000000000000e-01,1.000000000000000056e-01,1.320500000000000000e+04,2.059000000000000000e+03,7.231000000000000000e+03,2.016000000000000000e+03,8.292000000000000000e+03,1.195500000000000000e+04,3.212000000000000000e+03,4.662900000000000000e+04,5.883400000000000000e+04,6.253200000000000000e+04
0.000000000000000000e+00,5.000000000000000000e-01,0.000000000000000000e+00,1.000000000000000000e+00,0.000000000000000000e+00,1.000000000000000000e+00,0.000000000000000000e+00,1.250000000000000000e-01,1.000000000000000056e-01,3.127900000000000000e+04,1.079400000000000000e+04,1.457100000000000000e+04,3.866000000000000000e+03,1.753600000000000000e+04,8.751000000000000000e+03,5.885000000000000000e+03,1.329100000000000000e+04,1.579400000000000000e+04,8.811000000000000000e+04
0.000000000000000000e+00,5.000000000000000000e-01,0.000000000000000000e+00,1.000000000000000000e+00,0.000000000000000000e+00,1.000000000000000000e+00,0.000000000000000000e+00,1.250000000000000000e-01,1.000000000000000056e-01,3.127900000000000000e+04,1.079400000000000000e+04,1.457100000000000000e+04,3.866000000000000000e+03,1.753600000000000000e+04,8.751000000000000000e+03,5.885000000000000000e+03,1.329100000000000000e+04,1.579400000000000000e+04,8.811000000000000000e+04
1.250000000000000000e-01,8.750000000000000000e-01,0.000000000000000000e+00,1.000000000000000000e+00,0.000000000000000000e+00,1.000000000000000000e+00,0.000000000000000000e+00,2.500000000000000000e-01,1.000000000000000056e-01,1.883700000000000000e+04,3.306000000000000000e+03,4.982000000000000000e+03,1.061000000000000000e+03,8.470000000000000000e+03,4.182000000000000000e+03,6.182000000000000000e+03,6.496000000000000000e+03,9.356000000000000000e+03,1.539290000000000000e+05
1.250000000000000000e-01,8.750000000000000000e-01,0.000000000000000000e+00,1.000000000000000000e+00,0.000000000000000000e+00,1.000000000000000000e+00,0.000000000000000000e+00,2.500000000000000000e-01,1.000000000000000056e-01,1.883700000000000000e+04,3.306000000000000000e+03,4.982000000000000000e+03,1.061000000000000000e+03,8.470000000000000000e+03,4.182000000000000000e+03,6.182000000000000000e+03,6.496000000000000000e+03,9.356000000000000000e+03,1.539290000000000000e+05
1.000000000000000000e+00,0.000000000000000000e+00,0.000000000000000000e+00,5.000000000000000000e-01,1.250000000000000000e-01,0.000000000000000000e+00,2.500000000000000000e+00,5.000000000000000000e-01,1.000000000000000056e-01,1.888700000000000000e+04,8.806000000000000000e+03,1.136900000000000000e+04,1.019800000000000000e+04,1.570600000000000000e+04,6.876000000000000000e+03,1.752900000000000000e+04,1.362800000000000000e+04,1.370100000000000000e+04,2.184230000000000000e+05
1.000000000000000000e+00,0.000000000000000000e+00,0.000000000000000000e+00,5.000000000000000000e-01,1.250000000000000000e-01,0.000000000000000000e+00,2.500000000000000000e+00,5.000000000000000000e-01,1.000000000000000056e-01,1.888700000000000000e+04,8.806000000000000000e+03,1.136900000000000000e+04,1.019800000000000000e+04,1.570600000000000000e+04,6.876000000000000000e+03,1.752900000000000000e+04,1.362800000000000000e+04,1.370100000000000000e+04,2.184230000000000000e+05
5.000000000000000000e-01,0.000000000000000000e+00,0.000000000000000000e+00,1.000000000000000000e+00,0.000000000000000000e+00,1.000000000000000000e+00,2.500000000000000000e+00,2.500000000000000000e-01,1.000000000000000056e-01,2.496900000000000000e+04,6.964000000000000000e+03,1.365500000000000000e+04,2.063000000000000000e+03,1.637800000000000000e+04,4.270000000000000000e+03,8.200000000000000000e+03,1.172100000000000000e+04,1.383400000000000000e+04,2.322270000000000000e+05
5.000000000000000000e-01,0.000000000000000000e+00,0.000000000000000000e+00,1.000000000000000000e+00,0.000000000000000000e+00,1.000000000000000000e+00,2.500000000000000000e+00,2.500000000000000000e-01,1.000000000000000056e-01,2.496900000000000000e+04,6.964000000000000000e+03,1.365500000000000000e+04,2.063000000000000000e+03,1.637800000000000000e+04,4.270000000000000000e+03,8.200000000000000000e+03,1.172100000000000000e+04,1.383400000000000000e+04,2.322270000000000000e+05
0.000000000000000000e+00,5.000000000000000000e-01,0.000000000000000000e+00,1.000000000000000000e+00,0.000000000000000000e+00,1.000000000000000000e+00,3.000000000000000000e+00,5.000000000000000000e-01,1.000000000000000056e-01,1.718600000000000000e+04,4.922000000000000000e+03,8.422000000000000000e+03,1.558000000000000000e+03,1.233700000000000000e+04,5.552000000000000000e+03,5.191000000000000000e+03,9.498000000000000000e+03,1.155400000000000000e+04,1.632210000000000000e+05
0.000000000000000000e+00,5.000000000000000000e-01,0.000000000000000000e+00,1.000000000000000000e+00,0.000000000000000000e+00,1.000000000000000000e+00,3.000000000000000000e+00,5.000000000000000000e-01,1.000000000000000056e-01,1.718600000000000000e+04,4.922000000000000000e+03,8.422000000000000000e+03,1.558000000000000000e+03,1.233700000000000000e+04,5.552000000000000000e+03,5.191000000000000000e+03,9.498000000000000000e+03,1.155400000000000000e+04,1.632210000000000000e+05
5.000000000000000000e-01,0.000000000000000000e+00,0.000000000000000000e+00,1.000000000000000000e+00,0.000000000000000000e+00,1.000000000000000000e+00,5.000000000000000000e-01,5.000000000000000000e-01,1.000000000000000056e-01,2.357000000000000000e+04,8.299000000000000000e+03,1.517700000000000000e+04,1.955000000000000000e+03,1.507500000000000000e+04,4.526000000000000000e+03,7.785000000000000000e+03,1.206100000000000000e+04,1.379300000000000000e+04,2.318780000000000000e+05
5.000000000000000000e-01,0.000000000000000000e+00,0.000000000000000000e+00,1.000000000000000000e+00,0.000000000000000000e+00,1.000000000000000000e+00,5.000000000000000000e-01,5.000000000000000000e-01,1.000000000000000056e-01,2.357000000000000000e+04,8.299000000000000000e+03,1.517700000000000000e+04,1.955000000000000000e+03,1.507500000000000000e+04,4.526000000000000000e+03,7.785000000000000000e+03,1.206100000000000000e+04,1.379300000000000000e+04,2.318780000000000000e+05
0.000000000000000000e+00,5.000000000000000000e-01,1.000000000000000000e+00,0.000000000000000000e+00,0.000000000000000000e+00,1.000000000000000000e+00,2.500000000000000000e+00,2.500000000000000000e-01,2.000000000000000111e-01,6.910000000000000000e+03,1.623000000000000000e+03,3.379000000000000000e+03,4.580000000000000000e+02,4.574000000000000000e+03,1.465000000000000000e+03,2.415000000000000000e+03,4.067000000000000000e+03,4.970000000000000000e+03,4.906700000000000000e+04
0.000000000000000000e+00,5.000000000000000000e-01,1.000000000000000000e+00,0.000000000000000000e+00,0.000000000000000000e+00,1.000000000000000000e+00,2.500000000000000000e+00,2.500000000000000000e-01,2.000000000000000111e-01,6.910000000000000000e+03,1.623000000000000000e+03,3.379000000000000000e+03,4.580000000000000000e+02,4.574000000000000000e+03,1.465000000000000000e+03,2.415000000000000000e+03,4.067000000000000000e+03,4.970000000000000000e+03,4.906700000000000000e+04
0.000000000000000000e+00,5.000000000000000000e-01,1.000000000000000000e+00,0.000000000000000000e+00,0.000000000000000000e+00,1.000000000000000000e+00,2.500000000000000000e+00,3.750000000000000000e-01,1.000000000000000056e-01,3.370300000000000000e+04,8.248000000000000000e+03,1.255300000000000000e+04,2.032000000000000000e+03,1.422000000000000000e+04,6.390000000000000000e+03,6.743000000000000000e+03,1.215500000000000000e+04,1.379600000000000000e+04,2.240370000000000000e+05
0.000000000000000000e+00,5.000000000000000000e-01,1.000000000000000000e+00,0.000000000000000000e+00,0.000000000000000000e+00,1.000000000000000000e+00,2.500000000000000000e+00,3.750000000000000000e-01,1.000000000000000056e-01,3.370300000000000000e+04,8.248000000000000000e+03,1.255300000000000000e+04,2.032000000000000000e+03,1.422000000000000000e+04,6.390000000000000000e+03,6.743000000000000000e+03,1.215500000000000000e+04,1.379600000000000000e+04,2.240370000000000000e+05
5.000000000000000000e-01,0.000000000000000000e+00,5.000000000000000000e-01,0.000000000000000000e+00,0.000000000000000000e+00,5.000000000000000000e-01,2.500000000000000000e+00,3.750000000000000000e-01,1.000000000000000056e-01,4.917100000000000000e+04,1.374900000000000000e+04,1.515500000000000000e+04,6.102000000000000000e+03,1.869400000000000000e+04,1.445300000000000000e+04,1.079500000000000000e+04,1.496500000000000000e+04,1.694400000000000000e+04,1.606420000000000000e+05
5.000000000000000000e-01,0.000000000000000000e+00,5.000000000000000000e-01,0.000000000000000000e+00,0.000000000000000000e+00,5.000000000000000000e-01,2.500000000000000000e+00,3.750000000000000000e-01,1.000000000000000056e-01,4.917100000000000000e+04,1.374900000000000000e+04,1.515500000000000000e+04,6.102000000000000000e+03,1.869400000000000000e+04,1.445300000000000000e+04,1.079500000000000000e+04,1.496500000000000000e+04,1.694400000000000000e+04,1.606420000000000000e+05
0.000000000000000000e+00,1.000000000000000000e+00,0.000000000000000000e+00,1.000000000000000000e+00,0.000000000000000000e+00,1.000000000000000000e+00,2.500000000000000000e+00,3.750000000000000000e-01,1.000000000000000056e-01,1.528900000000000000e+04,4.782000000000000000e+03,1.504400000000000000e+04,2.601000000000000000e+03,1.770100000000000000e+04,3.001000000000000000e+03,6.767000000000000000e+03,1.877500000000000000e+04,2.253900000000000000e+04,2.293900000000000000e+05
0.000000000000000000e+00,1.000000000000000000e+00,0.000000000000000000e+00,1.000000000000000000e+00,0.000000000000000000e+00,1.000000000000000000e+00,2.500000000000000000e+00,3.750000000000000000e-01,1.000000000000000056e-01,1.528900000000000000e+04,4.782000000000000000e+03,1.504400000000000000e+04,2.601000000000000000e+03,1.770100000000000000e+04,3.001000000000000000e+03,6.767000000000000000e+03,1.877500000000000000e+04,2.253900000000000000e+04,2.293900000000000000e+05
0.000000000000000000e+00,5.000000000000000000e-01,0.000000000000000000e+00,1.000000000000000000e+00,0.000000000000000000e+00,1.000000000000000000e+00,2.500000000000000000e+00,3.750000000000000000e-01,1.000000000000000056e-01,1.981900000000000000e+04,6.527000000000000000e+03,1.178400000000000000e+04,2.429000000000000000e+03,1.635000000000000000e+04,4.610000000000000000e+03,7.484000000000000000e+03,1.205100000000000000e+04,1.437400000000000000e+04,2.379340000000000000e+05
0.000000000000000000e+00,5.000000000000000000e-01,0.000000000000000000e+00,1.000000000000000000e+00,0.000000000000000000e+00,1.000000000000000000e+00,2.500000000000000000e+00,3.750000000000000000e-01,1.000000000000000056e-01,1.981900000000000000e+04,6.527000000000000000e+03,1.178400000000000000e+04,2.429000000000000000e+03,1.635000000000000000e+04,4.610000000000000000e+03,7.484000000000000000e+03,1.205100000000000000e+04,1.437400000000000000e+04,2.379340000000000000e+05
0.000000000000000000e+00,1.000000000000000000e+00,0.000000000000000000e+00,1.000000000000000000e+00,1.000000000000000000e+00,0.000000000000000000e+00,2.500000000000000000e+00,3.750000000000000000e-01,1.000000000000000056e-01,1.690900000000000000e+04,4.875000000000000000e+03,1.489100000000000000e+04,2.701000000000000000e+03,1.749000000000000000e+04,3.253000000000000000e+03,6.269000000000000000e+03,2.051300000000000000e+04,2.141900000000000000e+04,2.274460000000000000e+05
0.000000000000000000e+00,1.000000000000000000e+00,0.000000000000000000e+00,1.000000000000000000e+00,1.000000000000000000e+00,0.000000000000000000e+00,2.500000000000000000e+00,3.750000000000000000e-01,1.000000000000000056e-01,1.690900000000000000e+04,4.875000000000000000e+03,1.489100000000000000e+04,2.701000000000000000e+03,1.749000000000000000e+04,3.253000000000000000e+03,6.269000000000000000e+03,2.051300000000000000e+04,2.141900000000000000e+04,2.274460000000000000e+05
5.000000000000000000e-01,0.000000000000000000e+00,0.000000000000000000e+00,1.000000000000000000e+00,0.000000000000000000e+00,1.000000000000000000e+00,5.000000000000000000e-01,5.000000000000000000e-01,1.000000000000000056e-01,2.357000000000000000e+04,8.299000000000000000e+03,1.517700000000000000e+04,1.955000000000000000e+03,1.507500000000000000e+04,4.526000000000000000e+03,7.785000000000000000e+03,1.206100000000000000e+04,1.379300000000000000e+04,2.318780000000000000e+05
5.000000000000000000e-01,0.000000000000000000e+00,0.000000000000000000e+00,1.000000000000000000e+00,0.000000000000000000e+00,1.000000000000000000e+00,5.000000000000000000e-01,5.000000000000000000e-01,1.000000000000000056e-01,2.357000000000000000e+04,8.299000000000000000e+03,1.517700000000000000e+04,1.955000000000000000e+03,1.507500000000000000e+04,4.526000000000000000e+03,7.785000000000000000e+03,1.206100000000000000e+04,1.379300000000000000e+04,2.318780000000000000e+05
0.000000000000000000e+00,5.000000000000000000e-01,1.000000000000000000e+00,5.000000000000000000e-01,0.000000000000000000e+00,1.000000000000000000e+00,2.500000000000000000e+00,5.000000000000000000e-01,1.000000000000000056e-01,2.728400000000000000e+04,7.849000000000000000e+03,1.243400000000000000e+04,2.646000000000000000e+03,1.680700000000000000e+04,8.108000000000000000e+03,7.764000000000000000e+03,1.300200000000000000e+04,1.403400000000000000e+04,2.231930000000000000e+05
0.000000000000000000e+00,5.000000000000000000e-01,1.000000000000000000e+00,5.000000000000000000e-01,0.000000000000000000e+00,1.000000000000000000e+00,2.500000000000000000e+00,5.000000000000000000e-01,1.000000000000000056e-01,2.728400000000000000e+04,7.849000000000000000e+03,1.243400000000000000e+04,2.646000000000000000e+03,1.680700000000000000e+04,8.108000000000000000e+03,7.764000000000000000e+03,1.300200000000000000e+04,1.403400000000000000e+04,2.231930000000000000e+05
0.000000000000000000e+00,5.000000000000000000e-01,0.000000000000000000e+00,5.000000000000000000e-01,0.000000000000000000e+00,1.000000000000000000e+00,0.000000000000000000e+00,3.750000000000000000e-01,1.000000000000000056e-01,3.094200000000000000e+04,8.774000000000000000e+03,1.626400000000000000e+04,2.422000000000000000e+03,1.290600000000000000e+04,7.029000000000000000e+03,8.356000000000000000e+03,1.233200000000000000e+04,1.494600000000000000e+04,2.189860000000000000e+05
0.000000000000000000e+00,5.000000000000000000e-01,0.000000000000000000e+00,5.000000000000000000e-01,0.000000000000000000e+00,1.000000000000000000e+00,0.000000000000000000e+00,3.750000000000000000e-01,1.000000000000000056e-01,3.094200000000000000e+04,8.774000000000000000e+03,1.626400000000000000e+04,2.422000000000000000e+03,1.290600000000000000e+04,7.029000000000000000e+03,8.356000000000000000e+03,1.233200000000000000e+04,1.494600000000000000e+04,2.189860000000000000e+05
0.000000000000000000e+00,5.000000000000000000e-01,1.000000000000000000e+00,0.000000000000000000e+00,0.000000000000000000e+00,1.000000000000000000e+00,0.000000000000000000e+00,5.000000000000000000e-01,1.000000000000000056e-01,1.219900000000000000e+04,2.164000000000000000e+03,3.801000000000000000e+03,8.990000000000000000e+02,9.272000000000000000e+03,2.365000000000000000e+03,4.217000000000000000e+03,6.830000000000000000e+03,9.624000000000000000e+03,1.147830000000000000e+05
0.000000000000000000e+00,5.000000000000000000e-01,1.000000000000000000e+00,0.000000000000000000e+00,0.000000000000000000e+00,1.000000000000000000e+00,0.000000000000000000e+00,5.000000000000000000e-01,1.000000000000000056e-01,1.219900000000000000e+04,2.164000000000000000e+03,3.801000000000000000e+03,8.990000000000000000e+02,9.272000000000000000e+03,2.365000000000000000e+03,4.217000000000000000e+03,6.830000000000000000e+03,9.624000000000000000e+03,1.147830000000000000e+05
0.000000000000000000e+00,1.000000000000000000e+00,0.000000000000000000e+00,1.000000000000000000e+00,0.000000000000000000e+00,1.000000000000000000e+00,0.000000000000000000e+00,6.250000000000000000e-01,1.000000000000000056e-01,8.671000000000000000e+03,1.711000000000000000e+03,8.277000000000000000e+03,4.810000000000000000e+02,1.222200000000000000e+04,2.021000000000000000e+03,5.652000000000000000e+03,1.152800000000000000e+04,1.221200000000000000e+04,1.040440000000000000e+05
0.000000000000000000e+00,1.000000000000000000e+00,0.000000000000000000e+00,1.000000000000000000e+00,0.000000000000000000e+00,1.000000000000000000e+00,0.000000000000000000e+00,6.250000000000000000e-01,1.000000000000000056e-01,8.671000000000000000e+03,1.711000000000000000e+03,8.277000000000000000e+03,4.810000000000000000e+02,1.222200000000000000e+04,2.021000000000000000e+03,5.652000000000000000e+03,1.152800000000000000e+04,1.221200000000000000e+04,1.040440000000000000e+05
0.000000000000000000e+00,1.000000000000000000e+00,0.000000000000000000e+00,1.000000000000000000e+00,0.000000000000000000e+00,1.000000000000000000e+00,2.500000000000000000e+00,3.750000000000000000e-01,1.000000000000000056e-01,1.528900000000000000e+04,4.782000000000000000e+03,1.504400000000000000e+04,2.601000000000000000e+03,1.770100000000000000e+04,3.001000000000000000e+03,6.767000000000000000e+03,1.877500000000000000e+04,2.253900000000000000e+04,2.293900000000000000e+05
0.000000000000000000e+00,1.000000000000000000e+00,0.000000000000000000e+00,1.000000000000000000e+00,0.000000000000000000e+00,1.000000000000000000e+00,2.500000000000000000e+00,3.750000000000000000e-01,1.000000000000000056e-01,1.528900000000000000e+04,4.782000000000000000e+03,1.504400000000000000e+04,2.601000000000000000e+03,1.770100000000000000e+04,3.001000000000000000e+03,6.767000000000000000e+03,1.877500000000000000e+04,2.253900000000000000e+04,2.293900000000000000e+05
5.000000000000000000e-01,0.000000000000000000e+00,0.000000000000000000e+00,1.000000000000000000e+00,0.000000000000000000e+00,1.000000000000000000e+00,5.000000000000000000e-01,5.000000000000000000e-01,1.000000000000000056e-01,2.357000000000000000e+04,8.299000000000000000e+03,1.517700000000000000e+04,1.955000000000000000e+03,1.507500000000000000e+04,4.526000000000000000e+03,7.785000000000000000e+03,1.206100000000000000e+04,1.379300000000000000e+04,2.318780000000000000e+05
5.000000000000000000e-01,0.000000000000000000e+00,0.000000000000000000e+00,1.000000000000000000e+00,0.000000000000000000e+00,1.000000000000000000e+00,5.000000000000000000e-01,5.000000000000000000e-01,1.000000000000000056e-01,2.357000000000000000e+04,8.299000000000000000e+03,1.517700000000000000e+04,1.955000000000000000e+03,1.507500000000000000e+04,4.526000000000000000e+03,7.785000000000000000e+03,1.206100000000000000e+04,1.379300000000000000e+04,2.318780000000000000e+05
0.000000000000000000e+00,5.000000000000000000e-01,0.000000000000000000e+00,5.000000000000000000e-01,0.000000000000000000e+00,1.000000000000000000e+00,2.500000000000000000e+00,3.750000000000000000e-01,1.000000000000000056e-01,2.112400000000000000e+04,5.052000000000000000e+03,9.139000000000000000e+03,1.510000000000000000e+03,1.355900000000000000e+04,5.984000000000000000e+03,7.068000000000000000e+03,1.255900000000000000e+04,1.387500000000000000e+04,2.438860000000000000e+05
0.000000000000000000e+00,5.000000000000000000e-01,0.000000000000000000e+00,5.000000000000000000e-01,0.000000000000000000e+00,1.000000000000000000e+00,2.500000000000000000e+00,3.750000000000000000e-01,1.000000000000000056e-01,2.112400000000000000e+04,5.052000000000000000e+03,9.139000000000000000e+03,1.510000000000000000e+03,1.355900000000000000e+04,5.984000000000000000e+03,7.068000000000000000e+03,1.255900000000000000e+04,1.387500000000000000e+04,2.438860000000000000e+05
5.000000000000000000e-01,0.000000000000000000e+00,0.000000000000000000e+00,1.000000000000000000e+00,0.000000000000000000e+00,1.000000000000000000e+00,2.500000000000000000e+00,2.500000000000000000e-01,1.000000000000000056e-01,2.496900000000000000e+04,6.964000000000000000e+03,1.365500000000000000e+04,2.063000000000000000e+03,1.637800000000000000e+04,4.270000000000000000e+03,8.200000000000000000e+03,1.172100000000000000e+04,1.383400000000000000e+04,2.322270000000000000e+05
5.000000000000000000e-01,0.000000000000000000e+00,0.000000000000000000e+00,1.000000000000000000e+00,0.000000000000000000e+00,1.000000000000000000e+00,2.500000000000000000e+00,2.500000000000000000e-01,1.000000000000000056e-01,2.496900000000000000e+04,6.964000000000000000e+03,1.365500000000000000e+04,2.063000000000000000e+03,1.637800000000000000e+04,4.270000000000000000e+03,8.200000000000000000e+03,1.172100000000000000e+04,1.383400000000000000e+04,2.322270000000000000e+05
0.000000000000000000e+00,5.000000000000000000e-01,0.000000000000000000e+00,5.000000000000000000e-01,0.000000000000000000e+00,1.000000000000000000e+00,2.500000000000000000e+00,3.750000000000000000e-01,1.000000000000000056e-01,2.112400000000000000e+04,5.052000000000000000e+03,9.139000000000000000e+03,1.510000000000000000e+03,1.355900000000000000e+04,5.984000000000000000e+03,7.068000000000000000e+03,1.255900000000000000e+04,1.387500000000000000e+04,2.438860000000000000e+05
0.000000000000000000e+00,5.000000000000000000e-01,0.000000000000000000e+00,5.000000000000000000e-01,0.000000000000000000e+00,1.000000000000000000e+00,2.500000000000000000e+00,3.750000000000000000e-01,1.000000000000000056e-01,2.112400000000000000e+04,5.052000000000000000e+03,9.139000000000000000e+03,1.510000000000000000e+03,1.355900000000000000e+04,5.984000000000000000e+03,7.068000000000000000e+03,1.255900000000000000e+04,1.387500000000000000e+04,2.438860000000000000e+05
5.000000000000000000e-01,0.000000000000000000e+00,0.000000000000000000e+00,1.000000000000000000e+00,0.000000000000000000e+00,1.000000000000000000e+00,5.000000000000000000e-01,5.000000000000000000e-01,1.000000000000000056e-01,2.357000000000000000e+04,8.299000000000000000e+03,1.517700000000000000e+04,1.955000000000000000e+03,1.507500000000000000e+04,4.526000000000000000e+03,7.785000000000000000e+03,1.206100000000000000e+04,1.379300000000000000e+04,2.318780000000000000e+05
5.000000000000000000e-01,0.000000000000000000e+00,0.000000000000000000e+00,1.000000000000000000e+00,0.000000000000000000e+00,1.000000000000000000e+00,5.000000000000000000e-01,5.000000000000000000e-01,1.000000000000000056e-01,2.357000000000000000e+04,8.299000000000000000e+03,1.517700000000000000e+04,1.955000000000000000e+03,1.507500000000000000e+04,4.526000000000000000e+03,7.785000000000000000e+03,1.206100000000000000e+04,1.379300000000000000e+04,2.318780000000000000e+05
0.000000000000000000e+00,5.000000000000000000e-01,0.000000000000000000e+00,1.000000000000000000e+00,0.000000000000000000e+00,1.000000000000000000e+00,3.000000000000000000e+00,3.750000000000000000e-01,1.000000000000000056e-01,2.315700000000000000e+04,8.358000000000000000e+03,1.307300000000000000e+04,4.004000000000000000e+03,1.367900000000000000e+04,6.894000000000000000e+03,7.296000000000000000e+03,1.164300000000000000e+04,1.487500000000000000e+04,2.259710000000000000e+05
0.000000000000000000e+00,5.000000000000000000e-01,0.000000000000000000e+00,1.000000000000000000e+00,0.000000000000000000e+00,1.000000000000000000e+00,3.000000000000000000e+00,3.750000000000000000e-01,1.000000000000000056e-01,2.315700000000000000e+04,8.358000000000000000e+03,1.307300000000000000e+04,4.004000000000000000e+03,1.367900000000000000e+04,6.894000000000000000e+03,7.296000000000000000e+03,1.164300000000000000e+04,1.487500000000000000e+04,2.259710000000000000e+05
5.000000000000000000e-01,0.000000000000000000e+00,5.000000000000000000e-01,0.000000000000000000e+00,0.000000000000000000e+00,1.000000000000000000e+00,2.500000000000000000e+00,3.750000000000000000e-01,1.000000000000000056e-01,7.872000000000000000e+03,3.021000000000000000e+03,5.573000000000000000e+03,1.906000000000000000e+03,6.895000000000000000e+03,2.828000000000000000e+03,2.317000000000000000e+03,6.067000000000000000e+03,6.004000000000000000e+03,3.056800000000000000e+04
5.000000000000000000e-01,0.000000000000000000e+00,5.000000000000000000e-01,0.000000000000000000e+00,0.000000000000000000e+00,1.000000000000000000e+00,2.500000000000000000e+00,3.750000000000000000e-01,1.000000000000000056e-01,7.872000000000000000e+03,3.021000000000000000e+03,5.573000000000000000e+03,1.906000000000000000e+03,6.895000000000000000e+03,2.828000000000000000e+03,2.317000000000000000e+03,6.067000000000000000e+03,6.004000000000000000e+03,3.056800000000000000e+04
0.000000000000000000e+00,5.000000000000000000e-01,0.000000000000000000e+00,5.000000000000000000e-01,1.000000000000000000e+00,0.000000000000000000e+00,2.500000000000000000e+00,3.750000000000000000e-01,1.000000000000000056e-01,2.874300000000000000e+04,8.662000000000000000e+03,1.315900000000000000e+04,2.429000000000000000e+03,1.473900000000000000e+04,7.361000000000000000e+03,6.803000000000000000e+03,1.231600000000000000e+04,1.447900000000000000e+04,2.255290000000000000e+05
0.000000000000000000e+00,5.000000000000000000e-01,0.000000000000000000e+00,5.000000000000000000e-01,1.000000000000000000e+00,0.000000000000000000e+00,2.500000000000000000e+00,3.750000000000000000e-01,1.000000000000000056e-01,2.874300000000000000e+04,8.662000000000000000e+03,1.315900000000000000e+04,2.429000000000000000e+03,1.473900000000000000e+04,7.361000000000000000e+03,6.803000000000000000e+03,1.231600000000000000e+04,1.447900000000000000e+04,2.255290000000000000e+05
0.000000000000000000e+00,5.000000000000000000e-01,0.000000000000000000e+00,1.000000000000000000e+00,1.000000000000000000e+00,0.000000000000000000e+00,2.500000000000000000e+00,3.750000000000000000e-01,1.000000000000000056e-01,1.694200000000000000e+04,4.969000000000000000e+03,1.442400000000000000e+04,2.508000000000000000e+03,1.761000000000000000e+04,2.857000000000000000e+03,6.212000000000000000e+03,2.012200000000000000e+04,2.157700000000000000e+04,2.285050000000000000e+05
0.000000000000000000e+00,5.000000000000000000e-01,0.000000000000000000e+00,1.000000000000000000e+00,1.000000000000000000e+00,0.000000000000000000e+00,2.500000000000000000e+00,3.750000000000000000e-01,1.000000000000000056e-01,1.694200000000000000e+04,4.969000000000000000e+03,1.442400000000000000e+04,2.508000000000000000e+03,1.761000000000000000e+04,2.857000000000000000e+03,6.212000000000000000e+03,2.012200000000000000e+04,2.157700000000000000e+04,2.285050000000000000e+05
1.000000000000000000e+00,0.000000000000000000e+00,0.000000000000000000e+00,5.000000000000000000e-01,1.250000000000000000e-01,0.000000000000000000e+00,2.500000000000000000e+00,5.000000000000000000e-01,1.000000000000000056e-01,1.888700000000000000e+04,8.806000000000000000e+03,1.136900000000000000e+04,1.019800000000000000e+04,1.570600000000000000e+04,6.876000000000000000e+03,1.752900000000000000e+04,1.362800000000000000e+04,1.370100000000000000e+04,2.184230000000000000e+05
1.000000000000000000e+00,0.000000000000000000e+00,0.000000000000000000e+00,5.000000000000000000e-01,1.250000000000000000e-01,0.000000000000000000e+00,2.500000000000000000e+00,5.000000000000000000e-01,1.000000000000000056e-01,1.888700000000000000e+04,8.806000000000000000e+03,1.136900000000000000e+04,1.019800000000000000e+04,1.570600000000000000e+04,6.876000000000000000e+03,1.752900000000000000e+04,1.362800000000000000e+04,1.370100000000000000e+04,2.184230000000000000e+05
0.000000000000000000e+00,1.000000000000000000e+00,0.000000000000000000e+00,1.000000000000000000e+00,0.000000000000000000e+00,1.000000000000000000e+00,2.500000000000000000e+00,0.000000000000000000e+00,1.000000000000000056e-01,1.120500000000000000e+04,3.941000000000000000e+03,7.012000000000000000e+03,2.831000000000000000e+03,9.134000000000000000e+03,2.373000000000000000e+03,4.554000000000000000e+03,1.132500000000000000e+04,1.095700000000000000e+04,1.032450000000000000e+05
0.000000000000000000e+00,1.000000000000000000e+00,0.000000000000000000e+00,1.000000000000000000e+00,0.000000000000000000e+00,1.000000000000000000e+00,2.500000000000000000e+00,0.000000000000000000e+00,1.000000000000000056e-01,1.120500000000000000e+04,3.941000000000000000e+03,7.012000000000000000e+03,2.831000000000000000e+03,9.134000000000000000e+03,2.373000000000000000e+03,4.554000000000000000e+03,1.132500000000000000e+04,1.095700000000000000e+04,1.032450000000000000e+05
0.000000000000000000e+00,1.000000000000000000e+00,0.000000000000000000e+00,1.000000000000000000e+00,0.000000000000000000e+00,1.000000000000000000e+00,2.500000000000000000e+00,3.750000000000000000e-01,1.000000000000000056e-01,1.528900000000000000e+04,4.782000000000000000e+03,1.504400000000000000e+04,2.601000000000000000e+03,1.770100000000000000e+04,3.001000000000000000e+03,6.767000000000000000e+03,1.877500000000000000e+04,2.253900000000000000e+04,2.293900000000000000e+05
0.000000000000000000e+00,1.000000000000000000e+00,0.000000000000000000e+00,1.000000000000000000e+00,0.000000000000000000e+00,1.000000000000000000e+00,2.500000000000000000e+00,3.750000000000000000e-01,1.000000000000000056e-01,1.528900000000000000e+04,4.782000000000000000e+03,1.504400000000000000e+04,2.601000000000000000e+03,1.770100000000000000e+04,3.001000000000000000e+03,6.767000000000000000e+03,1.877500000000000000e+04,2.253900000000000000e+04,2.293900000000000000e+05
5.000000000000000000e-01,0.000000000000000000e+00,0.000000000000000000e+00,1.000000000000000000e+00,0.000000000000000000e+00,1.000000000000000000e+00,2.500000000000000000e+00,5.000000000000000000e-01,1.000000000000000056e-01,2.700000000000000000e+04,8.049000000000000000e+03,1.683900000000000000e+04,3.132000000000000000e+03,1.576500000000000000e+04,7.089000000000000000e+03,8.748000000000000000e+03,1.481500000000000000e+04,1.529500000000000000e+04,2.170460000000000000e+05
5.000000000000000000e-01,0.000000000000000000e+00,0.000000000000000000e+00,1.000000000000000000e+00,0.000000000000000000e+00,1.000000000000000000e+00,2.500000000000000000e+00,5.000000000000000000e-01,1.000000000000000056e-01,2.700000000000000000e+04,8.049000000000000000e+03,1.683900000000000000e+04,3.132000000000000000e+03,1.576500000000000000e+04,7.089000000000000000e+03,8.748000000000000000e+03,1.481500000000000000e+04,1.529500000000000000e+04,2.170460000000000000e+05
5.000000000000000000e-01,0.000000000000000000e+00,0.000000000000000000e+00,1.000000000000000000e+00,0.000000000000000000e+00,1.000000000000000000e+00,5.000000000000000000e-01,5.000000000000000000e-01,1.000000000000000056e-01,2.357000000000000000e+04,8.299000000000000000e+03,1.517700000000000000e+04,1.955000000000000000e+03,1.507500000000000000e+04,4.526000000000000000e+03,7.785000000000000000e+03,1.206100000000000000e+04,1.379300000000000000e+04,2.318780000000000000e+05
5.000000000000000000e-01,0.000000000000000000e+00,0.000000000000000000e+00,1.000000000000000000e+00,0.000000000000000000e+00,1.000000000000000000e+00,5.000000000000000000e-01,5.000000000000000000e-01,1.000000000000000056e-01,2.357000000000000000e+04,8.299000000000000000e+03,1.517700000000000000e+04,1.955000000000000000e+03,1.507500000000000000e+04,4.526000000000000000e+03,7.785000000000000000e+03,1.206100000000000000e+04,1.379300000000000000e+04,2.318780000000000000e+05
5.000000000000000000e-01,0.000000000000000000e+00,0.000000000000000000e+00,1.000000000000000000e+00,0.000000000000000000e+00,1.000000000000000000e+00,2.500000000000000000e+00,2.500000000000000000e-01,1.000000000000000056e-01,2.496900000000000000e+04,6.964000000000000000e+03,1.365500000000000000e+04,2.063000000000000000e+03,1.637800000000000000e+04,4.270000000000000000e+03,8.200000000000000000e+03,1.172100000000000000e+04,1.383400000000000000e+04,2.322270000000000000e+05
5.000000000000000000e-01,0.000000000000000000e+00,0.000000000000000000e+00,1.000000000000000000e+00,0.000000000000000000e+00,1.000000000000000000e+00,2.500000000000000000e+00,2.500000000000000000e-01,1.000000000000000056e-01,2.496900000000000000e+04,6.964000000000000000e+03,1.365500000000000000e+04,2.063000000000000000e+03,1.637800000000000000e+04,4.270000000000000000e+03,8.200000000000000000e+03,1.172100000000000000e+04,1.383400000000000000e+04,2.322270000000000000e+05
5.000000000000000000e-01,0.000000000000000000e+00,0.000000000000000000e+00,1.000000000000000000e+00,0.000000000000000000e+00,1.000000000000000000e+00,2.500000000000000000e+00,5.000000000000000000e-01,1.000000000000000056e-01,2.700000000000000000e+04,8.049000000000000000e+03,1.683900000000000000e+04,3.132000000000000000e+03,1.576500000000000000e+04,7.089000000000000000e+03,8.748000000000000000e+03,1.481500000000000000e+04,1.529500000000000000e+04,2.170460000000000000e+05
5.000000000000000000e-01,0.000000000000000000e+00,0.000000000000000000e+00,1.000000000000000000e+00,0.000000000000000000e+00,1.000000000000000000e+00,2.500000000000000000e+00,5.000000000000000000e-01,1.000000000000000056e-01,2.700000000000000000e+04,8.049000000000000000e+03,1.683900000000000000e+04,3.132000000000000000e+03,1.576500000000000000e+04,7.089000000000000000e+03,8.748000000000000000e+03,1.481500000000000000e+04,1.529500000000000000e+04,2.170460000000000000e+05
5.000000000000000000e-01,0.000000000000000000e+00,0.000000000000000000e+00,1.000000000000000000e+00,0.000000000000000000e+00,1.000000000000000000e+00,5.000000000000000000e-01,5.000000000000000000e-01,1.000000000000000056e-01,2.357000000000000000e+04,8.299000000000000000e+03,1.517700000000000000e+04,1.955000000000000000e+03,1.507500000000000000e+04,4.526000000000000000e+03,7.785000000000000000e+03,1.206100000000000000e+04,1.379300000000000000e+04,2.318780000000000000e+05
5.000000000000000000e-01,0.000000000000000000e+00,0.000000000000000000e+00,1.000000000000000000e+00,0.000000000000000000e+00,1.000000000000000000e+00,5.000000000000000000e-01,5.000000000000000000e-01,1.000000000000000056e-01,2.357000000000000000e+04,8.299000000000000000e+03,1.517700000000000000e+04,1.955000000000000000e+03,1.507500000000000000e+04,4.526000000000000000e+03,7.785000000000000000e+03,1.206100000000000000e+04,1.379300000000000000e+04,2.318780000000000000e+05
0.000000000000000000e+00,1.000000000000000000e+00,0.000000000000000000e+00,1.000000000000000000e+00,1.000000000000000000e+00,0.000000000000000000e+00,2.500000000000000000e+00,3.750000000000000000e-01,1.000000000000000056e-01,1.690900000000000000e+04,4.875000000000000000e+03,1.489100000000000000e+04,2.701000000000000000e+03,1.749000000000000000e+04,3.253000000000000000e+03,6.269000000000000000e+03,2.051300000000000000e+04,2.141900000000000000e+04,2.274460000000000000e+05
0.000000000000000000e+00,1.000000000000000000e+00,0.000000000000000000e+00,1.000000000000000000e+00,1.000000000000000000e+00,0.000000000000000000e+00,2.500000000000000000e+00,3.750000000000000000e-01,1.000000000000000056e-01,1.690900000000000000e+04,4.875000000000000000e+03,1.489100000000000000e+04,2.701000000000000000e+03,1.749000000000000000e+04,3.253000000000000000e+03,6.269000000000000000e+03,2.051300000000000000e+04,2.141900000000000000e+04,2.274460000000000000e+05
0.000000000000000000e+00,5.000000000000000000e-01,0.000000000000000000e+00,5.000000000000000000e-01,0.000000000000000000e+00,1.000000000000000000e+00,2.500000000000000000e+00,5.000000000000000000e-01,1.000000000000000056e-01,2.501400000000000000e+04,6.484000000000000000e+03,1.265400000000000000e+04,2.641000000000000000e+03,1.368100000000000000e+04,6.256000000000000000e+03,8.032000000000000000e+03,1.247300000000000000e+04,1.416200000000000000e+04,2.329260000000000000e+05
0.000000000000000000e+00,5.000000000000000000e-01,0.000000000000000000e+00,5.000000000000000000e-01,0.000000000000000000e+00,1.000000000000000000e+00,2.500000000000000000e+00,5.000000000000000000e-01,1.000000000000000056e-01,2.501400000000000000e+04,6.484000000000000000e+03,1.265400000000000000e+04,2.641000000000000000e+03,1.368100000000000000e+04,6.256000000000000000e+03,8.032000000000000000e+03,1.247300000000000000e+04,1.416200000000000000e+04,2.329260000000000000e+05
0.000000000000000000e+00,5.000000000000000000e-01,1.000000000000000000e+00,0.000000000000000000e+00,0.000000000000000000e+00,1.000000000000000000e+00,2.500000000000000000e+00,3.750000000000000000e-01,1.000000000000000056e-01,3.370300000000000000e+04,8.248000000000000000e+03,1.255300000000000000e+04,2.032000000000000000e+03,1.422000000000000000e+04,6.390000000000000000e+03,6.743000000000000000e+03,1.215500000000000000e+04,1.379600000000000000e+04,2.240370000000000000e+05
0.000000000000000000e+00,5.000000000000000000e-01,1.000000000000000000e+00,0.000000000000000000e+00,0.000000000000000000e+00,1.000000000000000000e+00,2.500000000000000000e+00,3.750000000000000000e-01,1.000000000000000056e-01,3.370300000000000000e+04,8.248000000000000000e+03,1.255300000000000000e+04,2.032000000000000000e+03,1.422000000000000000e+04,6.390000000000000000e+03,6.743000000000000000e+03,1.215500000000000000e+04,1.379600000000000000e+04,2.240370000000000000e+05
0.000000000000000000e+00,1.000000000000000000e+00,0.000000000000000000e+00,5.000000000000000000e-01,1.000000000000000000e+00,0.000000000000000000e+00,0.000000000000000000e+00,3.750000000000000000e-01,1.000000000000000056e-01,1.435100000000000000e+04,5.816000000000000000e+03,8.834000000000000000e+03,8.700000000000000000e+02,9.895000000000000000e+03,3.174000000000000000e+03,4.431000000000000000e+03,7.795000000000000000e+03,8.011000000000000000e+03,1.030360000000000000e+05
0.000000000000000000e+00,1.000000000000000000e+00,0.000000000000000000e+00,5.000000000000000000e-01,1.000000000000000000e+00,0.000000000000000000e+00,0.000000000000000000e+00,3.750000000000000000e-01,1.000000000000000056e-01,1.435100000000000000e+04,5.816000000000000000e+03,8.834000000000000000e+03,8.700000000000000000e+02,9.895000000000000000e+03,3.174000000000000000e+03,4.431000000000000000e+03,7.795000000000000000e+03,8.011000000000000000e+03,1.030360000000000000e+05
0.000000000000000000e+00,1.000000000000000000e+00,0.000000000000000000e+00,1.000000000000000000e+00,0.000000000000000000e+00,1.000000000000000000e+00,3.000000000000000000e+00,6.250000000000000000e-01,1.000000000000000056e-01,8.441000000000000000e+03,2.131000000000000000e+03,7.364000000000000000e+03,3.910000000000000000e+02,1.090400000000000000e+04,2.074000000000000000e+03,4.509000000000000000e+03,9.335000000000000000e+03,9.984000000000000000e+03,1.117870000000000000e+05
0.000000000000000000e+00,1.000000000000000000e+00,0.000000000000000000e+00,1.000000000000000000e+00,0.000000000000000000e+00,1.000000000000000000e+00,3.000000000000000000e+00,6.250000000000000000e-01,1.000000000000000056e-01,8.441000000000000000e+03,2.131000000000000000e+03,7.364000000000000000e+03,3.910000000000000000e+02,1.090400000000000000e+04,2.074000000000000000e+03,4.509000000000000000e+03,9.335000000000000000e+03,9.984000000000000000e+03,1.117870000000000000e+05
0.000000000000000000e+00,5.000000000000000000e-01,0.000000000000000000e+00,1.000000000000000000e+00,0.000000000000000000e+00,1.000000000000000000e+00,3.000000000000000000e+00,1.250000000000000000e-01,1.000000000000000056e-01,8.797000000000000000e+03,1.807000000000000000e+03,9.960000000000000000e+03,8.030000000000000000e+02,1.242300000000000000e+04,2.047000000000000000e+03,5.787000000000000000e+03,1.058200000000000000e+04,1.156100000000000000e+04,1.030850000000000000e+05
0.000000000000000000e+00,5.000000000000000000e-01,0.000000000000000000e+00,1.000000000000000000e+00,0.000000000000000000e+00,1.000000000000000000e+00,3.000000000000000000e+00,1.250000000000000000e-01,1.000000000000000056e-01,8.797000000000000000e+03,1.807000000000000000e+03,9.960000000000000000e+03,8.030000000000000000e+02,1.242300000000000000e+04,2.047000000000000000e+03,5.787000000000000000e+03,1.058200000000000000e+04,1.156100000000000000e+04,1.030850000000000000e+05
5.000000000000000000e-01,0.000000000000000000e+00,1.000000000000000000e+00,0.000000000000000000e+00,1.000000000000000000e+00,0.000000000000000000e+00,2.500000000000000000e+00,1.250000000000000000e-01,1.000000000000000056e-01,1.053400000000000000e+04,1.915000000000000000e+03,4.286000000000000000e+03,8.920000000000000000e+02,8.953000000000000000e+03,2.511000000000000000e+03,3.936000000000000000e+03,7.477000000000000000e+03,9.908000000000000000e+03,1.155090000000000000e+05
5.000000000000000000e-01,0.000000000000000000e+00,1.000000000000000000e+00,0.000000000000000000e+00,1.000000000000000000e+00,0.000000000000000000e+00,2.500000000000000000e+00,1.250000000000000000e-01,1.000000000000000056e-01,1.053400000000000000e+04,1.915000000000000000e+03,4.286000000000000000e+03,8.920000000000000000e+02,8.953000000000000000e+03,2.511000000000000000e+03,3.936000000000000000e+03,7.477000000000000000e+03,9.908000000000000000e+03,1.155090000000000000e+05
