5.000000000000000000e-01,0.000000000000000000e+00,0.000000000000000000e+00,1.000000000000000000e+00,0.000000000000000000e+00,1.000000000000000000e+00,2.500000000000000000e+00,1.250000000000000000e-01,1.000000000000000056e-01,1.019000000000000000e+04,2.956000000000000000e+03,6.782000000000000000e+03,3.690000000000000000e+02,8.329000000000000000e+03,2.376000000000000000e+03,4.633000000000000000e+03,6.438000000000000000e+03,7.400000000000000000e+03,9.082700000000000000e+04,5.000000000000000000e-01,0.000000000000000000e+00,0.000000000000000000e+00,1.000000000000000000e+00,0.000000000000000000e+00,1.000000000000000000e+00,2.500000000000000000e-01,2.000000000000000111e-01,0.000000000000000000e+00,5.000000000000000000e-01,0.000000000000000000e+00,1.000000000000000000e+00,0.000000000000000000e+00,1.000000000000000000e+00,2.500000000000000000e-01,1.000000000000000056e-01,1.741000000000000000e+04,8.805000000000000000e+03,1.388400000000000000e+04,3.054000000000000000e+03,1.460300000000000000e+04,4.097000000000000000e+03,7.008000000000000000e+03,1.139000000000000000e+04,1.227400000000000000e+04,1.542960000000000000e+05
0.000000000000000000e+00,5.000000000000000000e-01,0.000000000000000000e+00,1.000000000000000000e+00,1.000000000000000000e+00,0.000000000000000000e+00,2.500000000000000000e+00,0.000000000000000000e+00,1.000000000000000056e-01,1.336600000000000000e+04,4.020000000000000000e+03,9.949000000000000000e+03,5.780000000000000000e+02,7.956000000000000000e+03,2.685000000000000000e+03,4.295000000000000000e+03,1.082700000000000000e+04,9.489000000000000000e+03,1.031360000000000000e+05,5.000000000000000000e-01,6.250000000000000000e-01,0.000000000000000000e+00,1.000000000000000000e+00,0.000000000000000000e+00,1.000000000000000000e+00,5.000000000000000000e-01,1.000000000000000056e-01,0.000000000000000000e+00,1.000000000000000000e+00,0.000000000000000000e+00,1.000000000000000000e+00,0.000000000000000000e+00,0.000000000000000000e+00,0.000000000000000000e+00,1.000000000000000056e-01,1.259800000000000000e+04,4.500000000000000000e+03,1.177200000000000000e+04,1.719000000000000000e+03,1.517500000000000000e+04,3.090000000000000000e+03,5.647000000000000000e+03,1.357800000000000000e+04,1.327000000000000000e+04,1.504390000000000000e+05
0.000000000000000000e+00,5.000000000000000000e-01,0.000000000000000000e+00,1.000000000000000000e+00,0.000000000000000000e+00,1.000000000000000000e+00,2.500000000000000000e+00,1.250000000000000000e-01,1.000000000000000056e-01,7.737000000000000000e+03,1.807000000000000000e+03,6.931000000000000000e+03,8.030000000000000000e+02,7.831000000000000000e+03,2.047000000000000000e+03,3.762000000000000000e+03,1.058200000000000000e+04,1.156100000000000000e+04,1.030850000000000000e+05,5.000000000000000000e-01,0.000000000000000000e+00,0.000000000000000000e+00,1.000000000000000000e+00,0.000000000000000000e+00,1.000000000000000000e+00,3.750000000000000000e-01,1.000000000000000056e-01,5.000000000000000000e-01,0.000000000000000000e+00,5.000000000000000000e-01,0.000000000000000000e+00,5.000000000000000000e-01,6.250000000000000000e-01,1.250000000000000000e-01,1.000000000000000056e-01,1.525300000000000000e+04,1.217000000000000000e+04,1.980500000000000000e+04,1.789000000000000000e+03,1.777900000000000000e+04,2.153000000000000000e+03,7.927000000000000000e+03,6.917000000000000000e+03,7.997000000000000000e+03,1.551650000000000000e+05
1.000000000000000000e+00,0.000000000000000000e+00,0.000000000000000000e+00,1.000000000000000000e+00,0.000000000000000000e+00,1.000000000000000000e+00,5.000000000000000000e-01,0.000000000000000000e+00,1.000000000000000056e-01,1.164500000000000000e+04,3.225000000000000000e+03,1.022700000000000000e+04,1.014000000000000000e+03,1.360400000000000000e+04,2.496000000000000000e+03,5.116000000000000000e+03,1.317900000000000000e+04,1.239200000000000000e+04,9.391600000000000000e+04,5.000000000000000000e-01,6.250000000000000000e-01,0.000000000000000000e+00,1.000000000000000000e+00,0.000000000000000000e+00,1.000000000000000000e+00,0.000000000000000000e+00,1.000000000000000056e-01,5.000000000000000000e-01,0.000000000000000000e+00,0.000000000000000000e+00,1.000000000000000000e+00,5.000000000000000000e-01,0.000000000000000000e+00,2.500000000000000000e-01,2.000000000000000111e-01,3.801300000000000000e+04,1.441200000000000000e+04,1.194700000000000000e+04,4.804000000000000000e+03,8.020000000000000000e+03,1.260200000000000000e+04,6.419000000000000000e+03,9.565000000000000000e+03,6.558000000000000000e+03,3.130400000000000000e+04
0.000000000000000000e+00,1.000000000000000000e+00,0.000000000000000000e+00,5.000000000000000000e-01,0.000000000000000000e+00,0.000000000000000000e+00,1.500000000000000000e+00,1.250000000000000000e-01,1.000000000000000056e-01,7.808000000000000000e+03,2.173000000000000000e+03,6.785000000000000000e+03,5.560000000000000000e+02,7.830000000000000000e+03,1.835000000000000000e+03,3.442000000000000000e+03,1.077300000000000000e+04,9.859000000000000000e+03,1.044630000000000000e+05,5.000000000000000000e-01,6.250000000000000000e-01,5.000000000000000000e-01,0.000000000000000000e+00,0.000000000000000000e+00,1.250000000000000000e-01,5.000000000000000000e-01,1.000000000000000056e-01,5.000000000000000000e-01,0.000000000000000000e+00,0.000000000000000000e+00,5.000000000000000000e-01,0.000000000000000000e+00,1.000000000000000000e+00,2.500000000000000000e-01,1.000000000000000056e-01,2.727400000000000000e+04,7.406000000000000000e+03,1.246900000000000000e+04,6.829000000000000000e+03,1.898800000000000000e+04,6.323000000000000000e+03,1.357600000000000000e+04,1.206600000000000000e+04,1.333900000000000000e+04,2.357630000000000000e+05
0.000000000000000000e+00,1.000000000000000000e+00,0.000000000000000000e+00,5.000000000000000000e-01,1.000000000000000000e+00,0.000000000000000000e+00,2.000000000000000000e+00,0.000000000000000000e+00,1.000000000000000056e-01,1.179700000000000000e+04,3.079000000000000000e+03,7.661000000000000000e+03,2.030000000000000000e+03,8.509000000000000000e+03,1.952000000000000000e+03,5.437000000000000000e+03,8.343000000000000000e+03,8.264000000000000000e+03,1.098080000000000000e+05,5.000000000000000000e-01,0.000000000000000000e+00,1.000000000000000000e+00,0.000000000000000000e+00,0.000000000000000000e+00,1.000000000000000000e+00,1.250000000000000000e-01,1.000000000000000056e-01,1.000000000000000000e+00,0.000000000000000000e+00,0.000000000000000000e+00,1.000000000000000000e+00,0.000000000000000000e+00,1.000000000000000000e+00,1.250000000000000000e-01,1.000000000000000056e-01,1.607100000000000000e+04,9.406000000000000000e+03,1.631400000000000000e+04,3.261000000000000000e+03,1.475000000000000000e+04,3.320000000000000000e+03,6.568000000000000000e+03,1.201200000000000000e+04,1.022300000000000000e+04,1.529520000000000000e+05
5.000000000000000000e-01,0.000000000000000000e+00,1.000000000000000000e+00,0.000000000000000000e+00,0.000000000000000000e+00,1.000000000000000000e+00,0.000000000000000000e+00,1.250000000000000000e-01,1.000000000000000056e-01,1.026000000000000000e+04,3.235000000000000000e+03,6.259000000000000000e+03,1.148000000000000000e+03,9.366000000000000000e+03,4.959000000000000000e+03,4.657000000000000000e+03,9.807000000000000000e+03,1.131200000000000000e+04,1.053630000000000000e+05,5.000000000000000000e-01,3.750000000000000000e-01,0.000000000000000000e+00,1.000000000000000000e+00,0.000000000000000000e+00,1.000000000000000000e+00,6.250000000000000000e-01,1.000000000000000056e-01,0.000000000000000000e+00,1.000000000000000000e+00,0.000000000000000000e+00,5.000000000000000000e-01,5.000000000000000000e-01,0.000000000000000000e+00,5.000000000000000000e-01,1.000000000000000056e-01,3.056200000000000000e+04,1.612200000000000000e+04,1.144000000000000000e+04,1.620000000000000000e+03,1.300800000000000000e+04,9.606000000000000000e+03,7.822000000000000000e+03,1.900000000000000000e+04,1.784700000000000000e+04,9.443800000000000000e+04
0.000000000000000000e+00,1.000000000000000000e+00,0.000000000000000000e+00,1.000000000000000000e+00,0.000000000000000000e+00,0.000000000000000000e+00,2.500000000000000000e+00,0.000000000000000000e+00,1.000000000000000056e-01,7.808000000000000000e+03,2.173000000000000000e+03,6.785000000000000000e+03,1.356000000000000000e+03,9.134000000000000000e+03,1.835000000000000000e+03,3.708000000000000000e+03,1.077300000000000000e+04,9.859000000000000000e+03,1.032450000000000000e+05,5.000000000000000000e-01,0.000000000000000000e+00,0.000000000000000000e+00,1.000000000000000000e+00,0.000000000000000000e+00,1.000000000000000000e+00,5.000000000000000000e-01,1.000000000000000056e-01,3.750000000000000000e-01,0.000000000000000000e+00,0.000000000000000000e+00,1.000000000000000000e+00,2.500000000000000000e-01,0.000000000000000000e+00,5.000000000000000000e-01,1.000000000000000056e-01,1.582000000000000000e+04,5.559000000000000000e+03,9.196000000000000000e+03,1.574000000000000000e+03,1.043600000000000000e+04,4.878000000000000000e+03,5.688000000000000000e+03,1.000600000000000000e+04,1.204600000000000000e+04,1.471960000000000000e+05
0.000000000000000000e+00,0.000000000000000000e+00,0.000000000000000000e+00,1.000000000000000000e+00,0.000000000000000000e+00,1.000000000000000000e+00,2.500000000000000000e+00,0.000000000000000000e+00,1.000000000000000056e-01,9.002000000000000000e+03,2.579000000000000000e+03,7.016000000000000000e+03,1.159000000000000000e+03,9.559000000000000000e+03,2.444000000000000000e+03,3.944000000000000000e+03,1.074000000000000000e+04,1.064300000000000000e+04,9.219200000000000000e+04,5.000000000000000000e-01,3.750000000000000000e-01,0.000000000000000000e+00,1.000000000000000000e+00,0.000000000000000000e+00,1.000000000000000000e+00,5.000000000000000000e-01,1.000000000000000056e-01,0.000000000000000000e+00,1.000000000000000000e+00,0.000000000000000000e+00,5.000000000000000000e-01,0.000000000000000000e+00,1.000000000000000000e+00,5.000000000000000000e-01,1.000000000000000056e-01,2.068800000000000000e+04,9.041000000000000000e+03,1.194800000000000000e+04,2.034000000000000000e+03,1.267200000000000000e+04,3.640000000000000000e+03,7.060000000000000000e+03,1.225600000000000000e+04,1.331300000000000000e+04,1.550720000000000000e+05
0.000000000000000000e+00,1.000000000000000000e+00,0.000000000000000000e+00,0.000000000000000000e+00,0.000000000000000000e+00,0.000000000000000000e+00,0.000000000000000000e+00,1.250000000000000000e-01,1.000000000000000056e-01,7.808000000000000000e+03,2.173000000000000000e+03,6.785000000000000000e+03,1.158000000000000000e+03,8.534000000000000000e+03,1.835000000000000000e+03,3.708000000000000000e+03,8.266000000000000000e+03,8.922000000000000000e+03,1.113240000000000000e+05,5.000000000000000000e-01,3.750000000000000000e-01,0.000000000000000000e+00,1.000000000000000000e+00,1.000000000000000000e+00,0.000000000000000000e+00,5.000000000000000000e-01,1.000000000000000056e-01,0.000000000000000000e+00,1.000000000000000000e+00,0.000000000000000000e+00,1.000000000000000000e+00,0.000000000000000000e+00,1.000000000000000000e+00,2.500000000000000000e-01,1.000000000000000056e-01,2.301000000000000000e+04,1.143700000000000000e+04,8.471000000000000000e+03,1.938000000000000000e+03,1.064200000000000000e+04,7.738000000000000000e+03,2.784000000000000000e+03,7.597000000000000000e+03,5.079000000000000000e+03,2.002900000000000000e+04
0.000000000000000000e+00,1.000000000000000000e+00,1.000000000000000000e+00,0.000000000000000000e+00,0.000000000000000000e+00,0.000000000000000000e+00,0.000000000000000000e+00,3.750000000000000000e-01,1.000000000000000056e-01,1.163900000000000000e+04,3.118000000000000000e+03,7.374000000000000000e+03,4.550000000000000000e+02,1.066600000000000000e+04,3.308000000000000000e+03,3.836000000000000000e+03,1.036100000000000000e+04,8.519000000000000000e+03,1.070930000000000000e+05,5.000000000000000000e-01,0.000000000000000000e+00,0.000000000000000000e+00,1.000000000000000000e+00,0.000000000000000000e+00,1.000000000000000000e+00,6.250000000000000000e-01,1.000000000000000056e-01,0.000000000000000000e+00,5.000000000000000000e-01,0.000000000000000000e+00,1.000000000000000000e+00,0.000000000000000000e+00,1.000000000000000000e+00,5.000000000000000000e-01,1.000000000000000056e-01,2.841600000000000000e+04,1.161300000000000000e+04,1.899900000000000000e+04,6.277000000000000000e+03,1.709900000000000000e+04,1.087100000000000000e+04,1.161300000000000000e+04,2.138400000000000000e+04,2.044300000000000000e+04,8.726900000000000000e+04
0.000000000000000000e+00,5.000000000000000000e-01,1.000000000000000000e+00,0.000000000000000000e+00,2.500000000000000000e-01,0.000000000000000000e+00,0.000000000000000000e+00,3.750000000000000000e-01,1.000000000000000056e-01,1.467300000000000000e+04,2.944000000000000000e+03,4.066000000000000000e+03,3.690000000000000000e+02,7.855000000000000000e+03,3.856000000000000000e+03,2.786000000000000000e+03,5.178000000000000000e+03,6.899000000000000000e+03,5.792300000000000000e+04,5.000000000000000000e-01,0.000000000000000000e+00,0.000000000000000000e+00,1.000000000000000000e+00,0.000000000000000000e+00,1.000000000000000000e+00,6.250000000000000000e-01,1.000000000000000056e-01,5.000000000000000000e-01,3.750000000000000000e-01,0.000000000000000000e+00,1.000000000000000000e+00,5.000000000000000000e-01,6.250000000000000000e-01,6.250000000000000000e-01,1.000000000000000056e-01,1.188900000000000000e+04,4.783000000000000000e+03,9.232000000000000000e+03,9.520000000000000000e+02,1.294500000000000000e+04,1.600000000000000000e+03,5.980000000000000000e+03,5.327000000000000000e+03,6.961000000000000000e+03,1.880850000000000000e+05
1.000000000000000000e+00,0.000000000000000000e+00,0.000000000000000000e+00,1.000000000000000000e+00,0.000000000000000000e+00,1.000000000000000000e+00,5.000000000000000000e-01,0.000000000000000000e+00,1.000000000000000056e-01,1.164500000000000000e+04,3.225000000000000000e+03,1.022700000000000000e+04,1.014000000000000000e+03,1.360400000000000000e+04,2.496000000000000000e+03,5.116000000000000000e+03,1.317900000000000000e+04,1.239200000000000000e+04,9.391600000000000000e+04,5.000000000000000000e-01,0.000000000000000000e+00,0.000000000000000000e+00,1.000000000000000000e+00,0.000000000000000000e+00,1.000000000000000000e+00,3.750000000000000000e-01,1.000000000000000056e-01,0.000000000000000000e+00,2.500000000000000000e-01,5.000000000000000000e-01,3.750000000000000000e-01,5.000000000000000000e-01,3.750000000000000000e-01,6.250000000000000000e-01,1.000000000000000056e-01,1.256270000000000000e+05,2.293800000000000000e+04,3.487200000000000000e+04,7.499000000000000000e+03,7.465600000000000000e+04,2.167400000000000000e+04,3.926400000000000000e+04,4.387400000000000000e+04,6.659400000000000000e+04,2.678548000000000000e+06
0.000000000000000000e+00,5.000000000000000000e-01,0.000000000000000000e+00,1.000000000000000000e+00,0.000000000000000000e+00,1.000000000000000000e+00,0.000000000000000000e+00,5.000000000000000000e-01,1.000000000000000056e-01,1.652000000000000000e+04,4.025000000000000000e+03,9.955000000000000000e+03,9.880000000000000000e+02,1.109100000000000000e+04,4.911000000000000000e+03,4.406000000000000000e+03,1.183700000000000000e+04,1.542700000000000000e+04,1.605180000000000000e+05,5.000000000000000000e-01,0.000000000000000000e+00,1.000000000000000000e+00,0.000000000000000000e+00,1.000000000000000000e+00,0.000000000000000000e+00,6.250000000000000000e-01,1.000000000000000056e-01,0.000000000000000000e+00,1.000000000000000000e+00,5.000000000000000000e-01,0.000000000000000000e+00,5.000000000000000000e-01,3.750000000000000000e-01,1.250000000000000000e-01,1.000000000000000056e-01,3.728700000000000000e+04,1.622800000000000000e+04,1.781700000000000000e+04,4.386000000000000000e+03,1.219800000000000000e+04,1.491400000000000000e+04,4.562000000000000000e+03,1.958000000000000000e+04,1.285100000000000000e+04,4.622400000000000000e+04
0.000000000000000000e+00,0.000000000000000000e+00,0.000000000000000000e+00,1.000000000000000000e+00,0.000000000000000000e+00,1.000000000000000000e+00,0.000000000000000000e+00,5.000000000000000000e-01,1.000000000000000056e-01,1.098300000000000000e+04,3.207000000000000000e+03,6.432000000000000000e+03,6.630000000000000000e+02,9.319000000000000000e+03,3.293000000000000000e+03,5.018000000000000000e+03,8.219000000000000000e+03,9.000000000000000000e+03,7.935200000000000000e+04,5.000000000000000000e-01,0.000000000000000000e+00,0.000000000000000000e+00,1.000000000000000000e+00,0.000000000000000000e+00,1.000000000000000000e+00,1.250000000000000000e-01,1.000000000000000056e-01,5.000000000000000000e-01,0.000000000000000000e+00,0.000000000000000000e+00,1.000000000000000000e+00,0.000000000000000000e+00,5.000000000000000000e-01,3.750000000000000000e-01,1.000000000000000056e-01,1.319000000000000000e+04,3.804000000000000000e+03,6.229000000000000000e+03,1.218000000000000000e+03,7.360000000000000000e+03,3.641000000000000000e+03,3.220000000000000000e+03,5.735000000000000000e+03,7.037000000000000000e+03,2.943700000000000000e+04
0.000000000000000000e+00,5.000000000000000000e-01,0.000000000000000000e+00,5.000000000000000000e-01,0.000000000000000000e+00,1.000000000000000000e+00,2.500000000000000000e+00,2.500000000000000000e-01,1.000000000000000056e-01,1.466100000000000000e+04,4.540000000000000000e+03,9.544000000000000000e+03,1.482000000000000000e+03,1.310900000000000000e+04,4.244000000000000000e+03,6.548000000000000000e+03,8.627000000000000000e+03,1.132400000000000000e+04,1.655490000000000000e+05,5.000000000000000000e-01,3.750000000000000000e-01,0.000000000000000000e+00,5.000000000000000000e-01,0.000000000000000000e+00,1.000000000000000000e+00,6.250000000000000000e-01,1.000000000000000056e-01,0.000000000000000000e+00,5.000000000000000000e-01,0.000000000000000000e+00,1.000000000000000000e+00,0.000000000000000000e+00,1.000000000000000000e+00,2.500000000000000000e-01,1.000000000000000056e-01,1.232600000000000000e+04,5.963000000000000000e+03,9.205000000000000000e+03,2.615000000000000000e+03,1.096900000000000000e+04,4.492000000000000000e+03,4.321000000000000000e+03,1.119800000000000000e+04,1.040500000000000000e+04,8.524100000000000000e+04
0.000000000000000000e+00,5.000000000000000000e-01,0.000000000000000000e+00,5.000000000000000000e-01,0.000000000000000000e+00,1.000000000000000000e+00,0.000000000000000000e+00,6.250000000000000000e-01,1.000000000000000056e-01,1.730600000000000000e+04,4.644000000000000000e+03,5.391000000000000000e+03,6.760000000000000000e+02,6.544000000000000000e+03,2.840000000000000000e+03,2.392000000000000000e+03,5.370000000000000000e+03,5.295000000000000000e+03,5.558900000000000000e+04,5.000000000000000000e-01,0.000000000000000000e+00,0.000000000000000000e+00,1.000000000000000000e+00,0.000000000000000000e+00,1.000000000000000000e+00,6.250000000000000000e-01,1.000000000000000056e-01,5.000000000000000000e-01,1.000000000000000000e+00,0.000000000000000000e+00,1.000000000000000000e+00,5.000000000000000000e-01,0.000000000000000000e+00,2.500000000000000000e-01,1.000000000000000056e-01,2.303800000000000000e+04,8.074000000000000000e+03,1.314800000000000000e+04,2.989000000000000000e+03,1.205800000000000000e+04,7.708000000000000000e+03,4.919000000000000000e+03,1.394500000000000000e+04,1.430500000000000000e+04,5.539900000000000000e+04
0.000000000000000000e+00,5.000000000000000000e-01,5.000000000000000000e-01,0.000000000000000000e+00,2.500000000000000000e-01,0.000000000000000000e+00,2.500000000000000000e+00,2.500000000000000000e-01,1.000000000000000056e-01,1.823100000000000000e+04,5.695000000000000000e+03,8.424000000000000000e+03,2.590000000000000000e+03,1.190600000000000000e+04,5.558000000000000000e+03,5.919000000000000000e+03,9.354000000000000000e+03,1.198000000000000000e+04,1.536440000000000000e+05,5.000000000000000000e-01,6.250000000000000000e-01,0.000000000000000000e+00,1.000000000000000000e+00,2.500000000000000000e-01,0.000000000000000000e+00,5.000000000000000000e-01,1.000000000000000056e-01,0.000000000000000000e+00,1.000000000000000000e+00,0.000000000000000000e+00,1.000000000000000000e+00,0.000000000000000000e+00,1.000000000000000000e+00,6.250000000000000000e-01,1.000000000000000056e-01,1.984700000000000000e+04,9.432000000000000000e+03,2.094500000000000000e+04,2.979000000000000000e+03,1.646600000000000000e+04,8.127000000000000000e+03,6.355000000000000000e+03,3.067300000000000000e+04,2.423900000000000000e+04,2.160540000000000000e+05
5.000000000000000000e-01,0.000000000000000000e+00,0.000000000000000000e+00,1.000000000000000000e+00,0.000000000000000000e+00,1.000000000000000000e+00,3.000000000000000000e+00,5.000000000000000000e-01,1.000000000000000056e-01,7.711000000000000000e+03,3.046000000000000000e+03,7.604000000000000000e+03,6.070000000000000000e+02,9.555000000000000000e+03,2.112000000000000000e+03,2.548000000000000000e+03,6.934000000000000000e+03,8.036000000000000000e+03,5.845000000000000000e+04,5.000000000000000000e-01,3.750000000000000000e-01,0.000000000000000000e+00,1.000000000000000000e+00,5.000000000000000000e-01,6.250000000000000000e-01,0.000000000000000000e+00,1.000000000000000056e-01,0.000000000000000000e+00,5.000000000000000000e-01,0.000000000000000000e+00,1.000000000000000000e+00,5.000000000000000000e-01,1.000000000000000000e+00,1.250000000000000000e-01,1.000000000000000056e-01,6.935000000000000000e+03,3.187000000000000000e+03,8.399000000000000000e+03,6.488000000000000000e+03,3.226000000000000000e+03,1.955000000000000000e+03,2.515000000000000000e+03,9.527000000000000000e+03,5.381000000000000000e+03,1.536100000000000000e+04
5.000000000000000000e-01,0.000000000000000000e+00,5.000000000000000000e-01,0.000000000000000000e+00,0.000000000000000000e+00,1.000000000000000000e+00,2.500000000000000000e+00,5.000000000000000000e-01,1.000000000000000056e-01,4.223800000000000000e+04,1.088200000000000000e+04,1.285600000000000000e+04,4.794000000000000000e+03,1.883300000000000000e+04,1.531400000000000000e+04,6.162000000000000000e+03,2.480100000000000000e+04,2.377400000000000000e+04,1.516220000000000000e+05,5.000000000000000000e-01,0.000000000000000000e+00,0.000000000000000000e+00,3.750000000000000000e-01,5.000000000000000000e-01,0.000000000000000000e+00,2.500000000000000000e-01,1.000000000000000056e-01,5.000000000000000000e-01,1.000000000000000000e+00,5.000000000000000000e-01,1.000000000000000000e+00,1.000000000000000000e+00,8.750000000000000000e-01,2.500000000000000000e-01,1.000000000000000056e-01,2.762000000000000000e+04,1.583000000000000000e+03,4.923000000000000000e+03,2.036000000000000000e+03,9.261000000000000000e+03,5.976000000000000000e+03,1.003100000000000000e+04,7.390000000000000000e+03,1.182300000000000000e+04,3.980640000000000000e+05
0.000000000000000000e+00,5.000000000000000000e-01,0.000000000000000000e+00,1.000000000000000000e+00,0.000000000000000000e+00,1.000000000000000000e+00,0.000000000000000000e+00,3.750000000000000000e-01,1.000000000000000056e-01,1.400500000000000000e+04,3.048000000000000000e+03,6.068000000000000000e+03,8.670000000000000000e+02,9.310000000000000000e+03,5.102000000000000000e+03,4.800000000000000000e+03,8.074000000000000000e+03,9.350000000000000000e+03,1.053790000000000000e+05,5.000000000000000000e-01,6.250000000000000000e-01,0.000000000000000000e+00,1.000000000000000000e+00,0.000000000000000000e+00,1.000000000000000000e+00,5.000000000000000000e-01,1.000000000000000056e-01,0.000000000000000000e+00,5.000000000000000000e-01,0.000000000000000000e+00,5.000000000000000000e-01,5.000000000000000000e-01,0.000000000000000000e+00,6.250000000000000000e-01,1.000000000000000056e-01,2.425000000000000000e+04,1.898000000000000000e+04,2.136000000000000000e+04,1.562000000000000000e+03,2.165600000000000000e+04,4.249000000000000000e+03,7.021000000000000000e+03,1.335500000000000000e+04,1.440400000000000000e+04,1.212650000000000000e+05
0.000000000000000000e+00,5.000000000000000000e-01,0.000000000000000000e+00,1.000000000000000000e+00,1.000000000000000000e+00,0.000000000000000000e+00,2.000000000000000000e+00,5.000000000000000000e-01,1.000000000000000056e-01,5.769000000000000000e+03,1.167000000000000000e+03,2.613000000000000000e+03,4.560000000000000000e+02,4.800000000000000000e+03,1.201000000000000000e+03,2.670000000000000000e+03,3.271000000000000000e+03,5.606000000000000000e+03,4.444700000000000000e+04,5.000000000000000000e-01,6.250000000000000000e-01,0.000000000000000000e+00,1.000000000000000000e+00,0.000000000000000000e+00,3.750000000000000000e-01,3.750000000000000000e-01,1.000000000000000056e-01,5.000000000000000000e-01,0.000000000000000000e+00,0.000000000000000000e+00,1.000000000000000000e+00,6.250000000000000000e-01,5.000000000000000000e-01,5.000000000000000000e-01,1.000000000000000056e-01,4.179000000000000000e+04,1.490100000000000000e+04,1.879900000000000000e+04,4.982000000000000000e+03,1.651100000000000000e+04,1.695000000000000000e+04,5.344000000000000000e+03,1.422200000000000000e+04,1.132300000000000000e+04,4.102200000000000000e+04
5.000000000000000000e-01,0.000000000000000000e+00,5.000000000000000000e-01,1.000000000000000000e+00,0.000000000000000000e+00,1.000000000000000000e+00,2.000000000000000000e+00,2.500000000000000000e-01,1.000000000000000056e-01,2.668600000000000000e+04,5.396000000000000000e+03,9.393000000000000000e+03,1.231000000000000000e+03,1.243100000000000000e+04,5.202000000000000000e+03,5.780000000000000000e+03,1.000000000000000000e+04,1.016800000000000000e+04,2.275010000000000000e+05,5.000000000000000000e-01,6.250000000000000000e-01,1.000000000000000000e+00,0.000000000000000000e+00,0.000000000000000000e+00,1.000000000000000000e+00,2.500000000000000000e-01,1.000000000000000056e-01,5.000000000000000000e-01,1.000000000000000000e+00,5.000000000000000000e-01,0.000000000000000000e+00,5.000000000000000000e-01,0.000000000000000000e+00,2.500000000000000000e-01,1.000000000000000056e-01,2.260100000000000000e+04,2.617000000000000000e+03,4.123000000000000000e+03,3.080000000000000000e+03,6.331000000000000000e+03,1.016100000000000000e+04,2.213000000000000000e+03,8.683000000000000000e+03,1.083300000000000000e+04,3.246500000000000000e+04
0.000000000000000000e+00,5.000000000000000000e-01,1.000000000000000000e+00,0.000000000000000000e+00,0.000000000000000000e+00,1.000000000000000000e+00,2.500000000000000000e+00,5.000000000000000000e-01,2.000000000000000111e-01,9.256000000000000000e+03,2.264000000000000000e+03,8.189000000000000000e+03,5.310000000000000000e+02,1.018700000000000000e+04,2.180000000000000000e+03,4.576000000000000000e+03,1.022600000000000000e+04,9.544000000000000000e+03,1.098360000000000000e+05,5.000000000000000000e-01,6.250000000000000000e-01,0.000000000000000000e+00,1.000000000000000000e+00,3.750000000000000000e-01,0.000000000000000000e+00,5.000000000000000000e-01,1.000000000000000056e-01,5.000000000000000000e-01,1.000000000000000000e+00,0.000000000000000000e+00,1.000000000000000000e+00,5.000000000000000000e-01,0.000000000000000000e+00,3.750000000000000000e-01,1.000000000000000056e-01,2.251300000000000000e+04,6.630000000000000000e+03,9.557000000000000000e+03,2.551000000000000000e+03,2.467800000000000000e+04,6.737000000000000000e+03,1.191700000000000000e+04,1.664400000000000000e+04,2.165800000000000000e+04,1.260260000000000000e+05
5.000000000000000000e-01,0.000000000000000000e+00,1.000000000000000000e+00,0.000000000000000000e+00,0.000000000000000000e+00,1.000000000000000000e+00,3.000000000000000000e+00,3.750000000000000000e-01,1.000000000000000056e-01,2.971600000000000000e+04,4.110000000000000000e+03,7.435000000000000000e+03,7.510000000000000000e+02,9.188000000000000000e+03,4.791000000000000000e+03,8.665000000000000000e+03,7.969000000000000000e+03,8.931000000000000000e+03,2.332550000000000000e+05,5.000000000000000000e-01,6.250000000000000000e-01,5.000000000000000000e-01,0.000000000000000000e+00,0.000000000000000000e+00,1.000000000000000000e+00,5.000000000000000000e-01,1.000000000000000056e-01,5.000000000000000000e-01,0.000000000000000000e+00,0.000000000000000000e+00,1.000000000000000000e+00,5.000000000000000000e-01,0.000000000000000000e+00,5.000000000000000000e-01,1.000000000000000056e-01,2.964200000000000000e+04,5.561000000000000000e+03,1.227400000000000000e+04,3.277000000000000000e+03,1.735500000000000000e+04,7.357000000000000000e+03,9.410000000000000000e+03,1.349100000000000000e+04,1.431600000000000000e+04,3.612680000000000000e+05
5.000000000000000000e-01,0.000000000000000000e+00,5.000000000000000000e-01,1.000000000000000000e+00,0.000000000000000000e+00,1.000000000000000000e+00,2.000000000000000000e+00,2.500000000000000000e-01,1.000000000000000056e-01,2.668600000000000000e+04,5.396000000000000000e+03,9.393000000000000000e+03,1.231000000000000000e+03,1.243100000000000000e+04,5.202000000000000000e+03,5.780000000000000000e+03,1.000000000000000000e+04,1.016800000000000000e+04,2.275010000000000000e+05,5.000000000000000000e-01,6.250000000000000000e-01,1.000000000000000000e+00,0.000000000000000000e+00,0.000000000000000000e+00,1.000000000000000000e+00,2.500000000000000000e-01,1.000000000000000056e-01,5.000000000000000000e-01,1.000000000000000000e+00,5.000000000000000000e-01,0.000000000000000000e+00,5.000000000000000000e-01,0.000000000000000000e+00,2.500000000000000000e-01,1.000000000000000056e-01,2.260100000000000000e+04,2.617000000000000000e+03,4.123000000000000000e+03,3.080000000000000000e+03,6.331000000000000000e+03,1.016100000000000000e+04,2.213000000000000000e+03,8.683000000000000000e+03,1.083300000000000000e+04,3.246500000000000000e+04
5.000000000000000000e-01,6.250000000000000000e-01,0.000000000000000000e+00,1.000000000000000000e+00,0.000000000000000000e+00,1.000000000000000000e+00,2.000000000000000000e+00,2.500000000000000000e-01,1.000000000000000056e-01,1.752000000000000000e+04,2.797000000000000000e+03,8.374000000000000000e+03,1.510000000000000000e+02,1.092900000000000000e+04,3.320000000000000000e+03,6.256000000000000000e+03,8.404000000000000000e+03,9.475000000000000000e+03,2.520060000000000000e+05,5.000000000000000000e-01,3.750000000000000000e-01,0.000000000000000000e+00,1.000000000000000000e+00,0.000000000000000000e+00,3.750000000000000000e-01,3.750000000000000000e-01,1.000000000000000056e-01,1.000000000000000000e+00,8.750000000000000000e-01,5.000000000000000000e-01,0.000000000000000000e+00,0.000000000000000000e+00,1.000000000000000000e+00,5.000000000000000000e-01,1.000000000000000056e-01,2.740800000000000000e+04,4.793000000000000000e+03,8.693000000000000000e+03,3.650000000000000000e+03,1.351500000000000000e+04,6.404000000000000000e+03,1.183600000000000000e+04,8.975000000000000000e+03,1.140400000000000000e+04,3.784120000000000000e+05
0.000000000000000000e+00,5.000000000000000000e-01,0.000000000000000000e+00,5.000000000000000000e-01,0.000000000000000000e+00,0.000000000000000000e+00,0.000000000000000000e+00,3.750000000000000000e-01,1.000000000000000056e-01,1.127800000000000000e+04,1.957000000000000000e+03,1.934000000000000000e+03,3.510000000000000000e+02,3.719000000000000000e+03,2.937000000000000000e+03,3.886000000000000000e+03,2.725000000000000000e+03,4.237000000000000000e+03,3.574200000000000000e+04,5.000000000000000000e-01,3.750000000000000000e-01,0.000000000000000000e+00,1.000000000000000000e+00,0.000000000000000000e+00,1.000000000000000000e+00,5.000000000000000000e-01,1.000000000000000056e-01,5.000000000000000000e-01,0.000000000000000000e+00,0.000000000000000000e+00,1.000000000000000000e+00,0.000000000000000000e+00,1.000000000000000000e+00,3.750000000000000000e-01,1.000000000000000056e-01,2.561300000000000000e+04,9.239000000000000000e+03,1.550200000000000000e+04,5.029000000000000000e+03,1.556700000000000000e+04,6.426000000000000000e+03,1.227600000000000000e+04,1.497200000000000000e+04,1.573600000000000000e+04,3.518650000000000000e+05
0.000000000000000000e+00,5.000000000000000000e-01,0.000000000000000000e+00,1.000000000000000000e+00,1.000000000000000000e+00,0.000000000000000000e+00,2.500000000000000000e+00,0.000000000000000000e+00,1.000000000000000056e-01,8.235000000000000000e+03,4.694000000000000000e+03,5.519000000000000000e+03,1.022000000000000000e+03,6.888000000000000000e+03,1.936000000000000000e+03,1.636000000000000000e+03,3.990000000000000000e+03,5.287000000000000000e+03,3.046800000000000000e+04,5.000000000000000000e-01,0.000000000000000000e+00,0.000000000000000000e+00,0.000000000000000000e+00,0.000000000000000000e+00,1.000000000000000000e+00,2.500000000000000000e-01,2.000000000000000111e-01,5.000000000000000000e-01,0.000000000000000000e+00,5.000000000000000000e-01,0.000000000000000000e+00,5.000000000000000000e-01,6.250000000000000000e-01,3.750000000000000000e-01,1.000000000000000056e-01,2.371800000000000000e+04,2.122000000000000000e+03,3.789000000000000000e+03,2.923000000000000000e+03,5.948000000000000000e+03,1.141600000000000000e+04,2.312000000000000000e+03,8.501000000000000000e+03,1.029400000000000000e+04,3.203400000000000000e+04
0.000000000000000000e+00,1.000000000000000000e+00,0.000000000000000000e+00,1.000000000000000000e+00,1.000000000000000000e+00,0.000000000000000000e+00,0.000000000000000000e+00,3.750000000000000000e-01,1.000000000000000056e-01,1.666700000000000000e+04,4.737000000000000000e+03,7.597000000000000000e+03,2.789000000000000000e+03,1.002600000000000000e+04,3.153000000000000000e+03,6.451000000000000000e+03,9.509000000000000000e+03,1.245600000000000000e+04,2.402260000000000000e+05,5.000000000000000000e-01,0.000000000000000000e+00,0.000000000000000000e+00,1.000000000000000000e+00,5.000000000000000000e-01,1.000000000000000000e+00,5.000000000000000000e-01,1.000000000000000056e-01,5.000000000000000000e-01,0.000000000000000000e+00,5.000000000000000000e-01,0.000000000000000000e+00,5.000000000000000000e-01,0.000000000000000000e+00,1.250000000000000000e-01,1.000000000000000056e-01,4.351900000000000000e+04,6.653000000000000000e+03,1.159900000000000000e+04,2.740000000000000000e+03,1.757200000000000000e+04,1.117200000000000000e+04,1.224500000000000000e+04,1.352200000000000000e+04,1.541600000000000000e+04,3.408860000000000000e+05
0.000000000000000000e+00,1.000000000000000000e+00,0.000000000000000000e+00,1.000000000000000000e+00,1.000000000000000000e+00,0.000000000000000000e+00,3.000000000000000000e+00,3.750000000000000000e-01,1.000000000000000056e-01,7.211000000000000000e+03,2.332000000000000000e+03,7.246000000000000000e+03,6.030000000000000000e+02,7.767000000000000000e+03,2.684000000000000000e+03,3.754000000000000000e+03,1.753200000000000000e+04,1.213000000000000000e+04,1.051610000000000000e+05,5.000000000000000000e-01,3.750000000000000000e-01,0.000000000000000000e+00,1.000000000000000000e+00,0.000000000000000000e+00,6.250000000000000000e-01,5.000000000000000000e-01,1.000000000000000056e-01,0.000000000000000000e+00,0.000000000000000000e+00,0.000000000000000000e+00,1.000000000000000000e+00,0.000000000000000000e+00,1.000000000000000000e+00,6.250000000000000000e-01,1.000000000000000056e-01,7.845000000000000000e+03,1.739000000000000000e+03,3.101000000000000000e+03,9.400000000000000000e+02,1.602000000000000000e+04,1.515000000000000000e+03,5.732000000000000000e+03,1.107000000000000000e+04,1.748900000000000000e+04,1.641810000000000000e+05
5.000000000000000000e-01,0.000000000000000000e+00,0.000000000000000000e+00,1.000000000000000000e+00,0.000000000000000000e+00,0.000000000000000000e+00,2.500000000000000000e+00,1.250000000000000000e-01,1.000000000000000056e-01,6.304000000000000000e+04,1.062300000000000000e+04,1.433000000000000000e+04,8.651000000000000000e+03,1.834200000000000000e+04,3.269200000000000000e+04,1.233000000000000000e+04,2.816600000000000000e+04,2.487600000000000000e+04,8.372800000000000000e+04,5.000000000000000000e-01,3.750000000000000000e-01,5.000000000000000000e-01,6.250000000000000000e-01,0.000000000000000000e+00,1.000000000000000000e+00,2.500000000000000000e-01,1.000000000000000056e-01,0.000000000000000000e+00,5.000000000000000000e-01,0.000000000000000000e+00,5.000000000000000000e-01,0.000000000000000000e+00,1.000000000000000000e+00,0.000000000000000000e+00,1.000000000000000056e-01,1.775500000000000000e+04,2.895000000000000000e+03,8.674000000000000000e+03,1.771000000000000000e+03,1.336300000000000000e+04,5.387000000000000000e+03,7.538000000000000000e+03,1.083300000000000000e+04,1.414900000000000000e+04,3.954060000000000000e+05
0.000000000000000000e+00,1.000000000000000000e+00,0.000000000000000000e+00,1.000000000000000000e+00,1.000000000000000000e+00,0.000000000000000000e+00,0.000000000000000000e+00,3.750000000000000000e-01,1.000000000000000056e-01,1.666700000000000000e+04,4.737000000000000000e+03,7.597000000000000000e+03,2.789000000000000000e+03,1.002600000000000000e+04,3.153000000000000000e+03,6.451000000000000000e+03,9.509000000000000000e+03,1.245600000000000000e+04,2.402260000000000000e+05,5.000000000000000000e-01,6.250000000000000000e-01,0.000000000000000000e+00,1.000000000000000000e+00,0.000000000000000000e+00,1.000000000000000000e+00,5.000000000000000000e-01,1.000000000000000056e-01,5.000000000000000000e-01,0.000000000000000000e+00,5.000000000000000000e-01,0.000000000000000000e+00,0.000000000000000000e+00,1.000000000000000000e+00,3.750000000000000000e-01,1.000000000000000056e-01,9.358000000000000000e+03,3.098000000000000000e+03,5.295000000000000000e+03,1.518000000000000000e+03,9.841000000000000000e+03,2.643000000000000000e+03,4.514000000000000000e+03,6.217000000000000000e+03,8.021000000000000000e+03,7.799700000000000000e+04
5.000000000000000000e-01,0.000000000000000000e+00,0.000000000000000000e+00,1.000000000000000000e+00,0.000000000000000000e+00,1.000000000000000000e+00,2.500000000000000000e+00,5.000000000000000000e-01,1.000000000000000056e-01,2.966400000000000000e+04,4.364000000000000000e+03,6.867000000000000000e+03,1.315000000000000000e+03,9.786000000000000000e+03,4.865000000000000000e+03,1.031600000000000000e+04,9.032000000000000000e+03,1.014300000000000000e+04,2.275220000000000000e+05,5.000000000000000000e-01,1.250000000000000000e-01,0.000000000000000000e+00,1.000000000000000000e+00,1.000000000000000000e+00,0.000000000000000000e+00,5.000000000000000000e-01,1.000000000000000056e-01,5.000000000000000000e-01,0.000000000000000000e+00,0.000000000000000000e+00,5.000000000000000000e-01,0.000000000000000000e+00,1.000000000000000000e+00,1.250000000000000000e-01,2.000000000000000111e-01,1.464200000000000000e+04,4.956000000000000000e+03,6.432000000000000000e+03,1.794000000000000000e+03,9.012000000000000000e+03,2.990000000000000000e+03,3.547000000000000000e+03,6.075000000000000000e+03,7.106000000000000000e+03,4.789100000000000000e+04
0.000000000000000000e+00,5.000000000000000000e-01,0.000000000000000000e+00,1.000000000000000000e+00,0.000000000000000000e+00,0.000000000000000000e+00,0.000000000000000000e+00,0.000000000000000000e+00,1.000000000000000056e-01,1.038300000000000000e+04,2.628000000000000000e+03,8.095000000000000000e+03,5.770000000000000000e+02,9.616000000000000000e+03,1.543000000000000000e+03,4.132000000000000000e+03,9.807000000000000000e+03,1.152900000000000000e+04,8.711000000000000000e+04,0.000000000000000000e+00,5.000000000000000000e-01,0.000000000000000000e+00,1.000000000000000000e+00,0.000000000000000000e+00,0.000000000000000000e+00,0.000000000000000000e+00,0.000000000000000000e+00,5.000000000000000000e-01,0.000000000000000000e+00,0.000000000000000000e+00,1.000000000000000000e+00,5.000000000000000000e-01,1.000000000000000000e+00,0.000000000000000000e+00,1.000000000000000056e-01,3.058100000000000000e+04,1.472800000000000000e+04,1.151300000000000000e+04,5.117000000000000000e+03,1.267100000000000000e+04,9.929000000000000000e+03,1.127000000000000000e+04,1.791500000000000000e+04,1.200000000000000000e+04,1.158560000000000000e+05
5.000000000000000000e-01,6.250000000000000000e-01,5.000000000000000000e-01,6.250000000000000000e-01,5.000000000000000000e-01,0.000000000000000000e+00,0.000000000000000000e+00,1.250000000000000000e-01,2.000000000000000111e-01,9.301000000000000000e+03,2.464000000000000000e+03,2.723000000000000000e+03,1.602000000000000000e+03,2.844000000000000000e+03,2.766000000000000000e+03,1.722000000000000000e+03,1.993000000000000000e+03,1.804000000000000000e+03,7.285000000000000000e+03,1.000000000000000000e+00,8.750000000000000000e-01,5.000000000000000000e-01,1.000000000000000000e+00,3.750000000000000000e-01,1.000000000000000000e+00,2.500000000000000000e-01,1.000000000000000056e-01,1.000000000000000000e+00,5.000000000000000000e-01,1.000000000000000000e+00,0.000000000000000000e+00,0.000000000000000000e+00,1.000000000000000000e+00,1.250000000000000000e-01,1.000000000000000056e-01,1.789800000000000000e+04,4.095000000000000000e+03,1.150600000000000000e+04,2.414000000000000000e+03,1.374100000000000000e+04,7.690000000000000000e+03,5.634000000000000000e+03,1.135900000000000000e+04,1.103200000000000000e+04,2.389860000000000000e+05
5.000000000000000000e-01,0.000000000000000000e+00,0.000000000000000000e+00,1.000000000000000000e+00,0.000000000000000000e+00,1.000000000000000000e+00,3.000000000000000000e+00,6.250000000000000000e-01,1.000000000000000056e-01,2.627500000000000000e+04,4.569000000000000000e+03,6.537000000000000000e+03,2.889000000000000000e+03,1.327300000000000000e+04,7.673000000000000000e+03,5.989000000000000000e+03,9.561000000000000000e+03,1.479700000000000000e+04,1.229940000000000000e+05,5.000000000000000000e-01,0.000000000000000000e+00,0.000000000000000000e+00,5.000000000000000000e-01,0.000000000000000000e+00,1.000000000000000000e+00,5.000000000000000000e-01,1.000000000000000056e-01,0.000000000000000000e+00,0.000000000000000000e+00,0.000000000000000000e+00,1.000000000000000000e+00,0.000000000000000000e+00,3.750000000000000000e-01,5.000000000000000000e-01,1.000000000000000056e-01,2.454100000000000000e+04,4.462000000000000000e+03,9.010000000000000000e+03,3.003000000000000000e+03,1.291100000000000000e+04,9.028000000000000000e+03,6.874000000000000000e+03,1.026300000000000000e+04,1.162700000000000000e+04,2.014160000000000000e+05
0.000000000000000000e+00,1.000000000000000000e+00,0.000000000000000000e+00,1.000000000000000000e+00,1.000000000000000000e+00,0.000000000000000000e+00,2.500000000000000000e+00,2.500000000000000000e-01,1.000000000000000056e-01,1.358300000000000000e+04,5.863000000000000000e+03,6.298000000000000000e+03,4.323000000000000000e+03,7.262000000000000000e+03,2.929000000000000000e+03,6.246000000000000000e+03,8.112000000000000000e+03,9.682000000000000000e+03,1.539490000000000000e+05,5.000000000000000000e-01,0.000000000000000000e+00,0.000000000000000000e+00,5.000000000000000000e-01,0.000000000000000000e+00,1.000000000000000000e+00,5.000000000000000000e-01,1.000000000000000056e-01,5.000000000000000000e-01,1.000000000000000000e+00,0.000000000000000000e+00,1.000000000000000000e+00,5.000000000000000000e-01,0.000000000000000000e+00,5.000000000000000000e-01,1.000000000000000056e-01,2.863600000000000000e+04,5.763000000000000000e+03,1.091200000000000000e+04,3.687000000000000000e+03,1.575300000000000000e+04,7.352000000000000000e+03,1.186900000000000000e+04,1.312000000000000000e+04,1.363100000000000000e+04,2.109580000000000000e+05
0.000000000000000000e+00,5.000000000000000000e-01,0.000000000000000000e+00,0.000000000000000000e+00,0.000000000000000000e+00,3.750000000000000000e-01,2.500000000000000000e+00,5.000000000000000000e-01,1.000000000000000056e-01,1.109700000000000000e+04,3.166000000000000000e+03,7.278000000000000000e+03,9.530000000000000000e+02,7.684000000000000000e+03,2.351000000000000000e+03,5.328000000000000000e+03,1.154700000000000000e+04,1.152600000000000000e+04,1.732400000000000000e+05,5.000000000000000000e-01,3.750000000000000000e-01,5.000000000000000000e-01,0.000000000000000000e+00,0.000000000000000000e+00,1.000000000000000000e+00,5.000000000000000000e-01,1.000000000000000056e-01,5.000000000000000000e-01,0.000000000000000000e+00,0.000000000000000000e+00,1.000000000000000000e+00,5.000000000000000000e-01,6.250000000000000000e-01,0.000000000000000000e+00,1.000000000000000056e-01,3.295300000000000000e+04,2.484000000000000000e+04,1.951700000000000000e+04,2.176000000000000000e+03,1.426300000000000000e+04,2.092200000000000000e+04,9.554000000000000000e+03,1.458100000000000000e+04,1.349500000000000000e+04,2.063100000000000000e+05
0.000000000000000000e+00,0.000000000000000000e+00,5.000000000000000000e-01,0.000000000000000000e+00,0.000000000000000000e+00,1.000000000000000000e+00,0.000000000000000000e+00,3.750000000000000000e-01,1.000000000000000056e-01,1.111600000000000000e+04,3.048000000000000000e+03,6.887000000000000000e+03,8.660000000000000000e+02,8.534000000000000000e+03,2.544000000000000000e+03,4.721000000000000000e+03,8.266000000000000000e+03,8.922000000000000000e+03,9.235700000000000000e+04,5.000000000000000000e-01,6.250000000000000000e-01,5.000000000000000000e-01,0.000000000000000000e+00,0.000000000000000000e+00,1.250000000000000000e-01,5.000000000000000000e-01,1.000000000000000056e-01,0.000000000000000000e+00,1.000000000000000000e+00,0.000000000000000000e+00,1.000000000000000000e+00,0.000000000000000000e+00,1.000000000000000000e+00,6.250000000000000000e-01,1.000000000000000056e-01,1.239500000000000000e+04,2.362000000000000000e+03,1.541400000000000000e+04,2.418000000000000000e+03,8.968000000000000000e+03,9.149000000000000000e+03,7.267000000000000000e+03,6.636700000000000000e+04,3.232500000000000000e+04,9.070000000000000000e+04
0.000000000000000000e+00,1.000000000000000000e+00,0.000000000000000000e+00,1.000000000000000000e+00,0.000000000000000000e+00,1.000000000000000000e+00,0.000000000000000000e+00,5.000000000000000000e-01,1.000000000000000056e-01,1.320500000000000000e+04,1.920000000000000000e+03,6.198000000000000000e+03,2.016000000000000000e+03,7.408000000000000000e+03,6.109000000000000000e+03,3.101000000000000000e+03,1.564900000000000000e+04,3.150400000000000000e+04,6.239300000000000000e+04,0.000000000000000000e+00,1.000000000000000000e+00,5.000000000000000000e-01,0.000000000000000000e+00,0.000000000000000000e+00,1.000000000000000000e+00,2.500000000000000000e-01,1.000000000000000056e-01,0.000000000000000000e+00,1.000000000000000000e+00,0.000000000000000000e+00,1.000000000000000000e+00,5.000000000000000000e-01,0.000000000000000000e+00,1.250000000000000000e-01,1.000000000000000056e-01,5.245200000000000000e+04,1.295000000000000000e+04,1.966800000000000000e+04,6.964000000000000000e+03,2.815900000000000000e+04,1.967700000000000000e+04,1.197100000000000000e+04,2.286300000000000000e+04,2.439100000000000000e+04,1.163880000000000000e+05
0.000000000000000000e+00,5.000000000000000000e-01,0.000000000000000000e+00,1.000000000000000000e+00,0.000000000000000000e+00,1.000000000000000000e+00,0.000000000000000000e+00,1.250000000000000000e-01,1.000000000000000056e-01,3.127900000000000000e+04,1.079400000000000000e+04,1.457100000000000000e+04,3.866000000000000000e+03,1.753600000000000000e+04,8.751000000000000000e+03,5.885000000000000000e+03,1.329100000000000000e+04,1.579400000000000000e+04,8.811000000000000000e+04,0.000000000000000000e+00,1.000000000000000000e+00,5.000000000000000000e-01,0.000000000000000000e+00,5.000000000000000000e-01,0.000000000000000000e+00,1.250000000000000000e-01,1.000000000000000056e-01,5.000000000000000000e-01,0.000000000000000000e+00,5.000000000000000000e-01,0.000000000000000000e+00,5.000000000000000000e-01,3.750000000000000000e-01,2.500000000000000000e-01,1.000000000000000056e-01,1.675200000000000000e+04,5.030000000000000000e+03,5.001000000000000000e+03,2.391000000000000000e+03,5.375000000000000000e+03,5.239000000000000000e+03,3.136000000000000000e+03,3.712000000000000000e+03,4.703000000000000000e+03,1.589800000000000000e+04
1.250000000000000000e-01,8.750000000000000000e-01,0.000000000000000000e+00,1.000000000000000000e+00,0.000000000000000000e+00,1.000000000000000000e+00,0.000000000000000000e+00,2.500000000000000000e-01,1.000000000000000056e-01,1.883700000000000000e+04,3.306000000000000000e+03,4.982000000000000000e+03,1.061000000000000000e+03,8.470000000000000000e+03,4.182000000000000000e+03,6.182000000000000000e+03,6.496000000000000000e+03,9.356000000000000000e+03,1.539290000000000000e+05,6.250000000000000000e-01,5.000000000000000000e-01,6.250000000000000000e-01,0.000000000000000000e+00,0.000000000000000000e+00,7.500000000000000000e-01,0.000000000000000000e+00,1.000000000000000056e-01,5.000000000000000000e-01,0.000000000000000000e+00,5.000000000000000000e-01,0.000000000000000000e+00,5.000000000000000000e-01,0.000000000000000000e+00,1.250000000000000000e-01,2.000000000000000111e-01,8.808000000000000000e+03,5.011000000000000000e+03,5.350000000000000000e+03,1.767000000000000000e+03,4.517000000000000000e+03,2.053000000000000000e+03,1.399000000000000000e+03,2.624000000000000000e+03,2.302000000000000000e+03,8.163000000000000000e+03
1.000000000000000000e+00,0.000000000000000000e+00,0.000000000000000000e+00,5.000000000000000000e-01,1.250000000000000000e-01,0.000000000000000000e+00,2.500000000000000000e+00,5.000000000000000000e-01,1.000000000000000056e-01,1.888700000000000000e+04,8.806000000000000000e+03,1.136900000000000000e+04,1.019800000000000000e+04,1.570600000000000000e+04,6.876000000000000000e+03,1.752900000000000000e+04,1.362800000000000000e+04,1.370100000000000000e+04,2.184230000000000000e+05,5.000000000000000000e-01,0.000000000000000000e+00,0.000000000000000000e+00,1.000000000000000000e+00,5.000000000000000000e-01,0.000000000000000000e+00,2.500000000000000000e-01,1.000000000000000056e-01,5.000000000000000000e-01,6.250000000000000000e-01,5.000000000000000000e-01,0.000000000000000000e+00,5.000000000000000000e-01,0.000000000000000000e+00,5.000000000000000000e-01,1.000000000000000056e-01,4.593800000000000000e+04,1.155300000000000000e+04,1.354500000000000000e+04,7.898000000000000000e+03,2.819700000000000000e+04,1.709300000000000000e+04,1.403700000000000000e+04,1.391500000000000000e+04,1.718500000000000000e+04,3.192300000000000000e+05
5.000000000000000000e-01,0.000000000000000000e+00,0.000000000000000000e+00,1.000000000000000000e+00,0.000000000000000000e+00,1.000000000000000000e+00,2.500000000000000000e+00,2.500000000000000000e-01,1.000000000000000056e-01,2.496900000000000000e+04,6.964000000000000000e+03,1.365500000000000000e+04,2.063000000000000000e+03,1.637800000000000000e+04,4.270000000000000000e+03,8.200000000000000000e+03,1.172100000000000000e+04,1.383400000000000000e+04,2.322270000000000000e+05,5.000000000000000000e-01,3.750000000000000000e-01,0.000000000000000000e+00,1.000000000000000000e+00,0.000000000000000000e+00,1.000000000000000000e+00,3.750000000000000000e-01,1.000000000000000056e-01,5.000000000000000000e-01,0.000000000000000000e+00,0.000000000000000000e+00,5.000000000000000000e-01,5.000000000000000000e-01,0.000000000000000000e+00,3.750000000000000000e-01,1.000000000000000056e-01,3.821800000000000000e+04,1.225600000000000000e+04,1.775200000000000000e+04,7.980000000000000000e+03,2.515500000000000000e+04,1.161300000000000000e+04,1.302300000000000000e+04,1.466000000000000000e+04,1.752500000000000000e+04,2.182160000000000000e+05
0.000000000000000000e+00,5.000000000000000000e-01,0.000000000000000000e+00,1.000000000000000000e+00,0.000000000000000000e+00,1.000000000000000000e+00,3.000000000000000000e+00,5.000000000000000000e-01,1.000000000000000056e-01,1.718600000000000000e+04,4.922000000000000000e+03,8.422000000000000000e+03,1.558000000000000000e+03,1.233700000000000000e+04,5.552000000000000000e+03,5.191000000000000000e+03,9.498000000000000000e+03,1.155400000000000000e+04,1.632210000000000000e+05,5.000000000000000000e-01,6.250000000000000000e-01,0.000000000000000000e+00,1.000000000000000000e+00,0.000000000000000000e+00,1.000000000000000000e+00,5.000000000000000000e-01,1.000000000000000056e-01,5.000000000000000000e-01,0.000000000000000000e+00,5.000000000000000000e-01,0.000000000000000000e+00,5.000000000000000000e-01,0.000000000000000000e+00,5.000000000000000000e-01,1.000000000000000056e-01,2.687200000000000000e+04,4.903000000000000000e+03,1.158100000000000000e+04,1.386000000000000000e+03,1.809200000000000000e+04,4.633000000000000000e+03,8.632000000000000000e+03,9.686000000000000000e+03,1.148900000000000000e+04,1.514410000000000000e+05
5.000000000000000000e-01,0.000000000000000000e+00,0.000000000000000000e+00,1.000000000000000000e+00,0.000000000000000000e+00,1.000000000000000000e+00,5.000000000000000000e-01,5.000000000000000000e-01,1.000000000000000056e-01,2.357000000000000000e+04,8.299000000000000000e+03,1.517700000000000000e+04,1.955000000000000000e+03,1.507500000000000000e+04,4.526000000000000000e+03,7.785000000000000000e+03,1.206100000000000000e+04,1.379300000000000000e+04,2.318780000000000000e+05,5.000000000000000000e-01,6.250000000000000000e-01,5.000000000000000000e-01,1.000000000000000000e+00,1.000000000000000000e+00,0.000000000000000000e+00,3.750000000000000000e-01,1.000000000000000056e-01,5.000000000000000000e-01,0.000000000000000000e+00,0.000000000000000000e+00,5.000000000000000000e-01,5.000000000000000000e-01,0.000000000000000000e+00,3.750000000000000000e-01,1.000000000000000056e-01,3.821800000000000000e+04,1.225600000000000000e+04,1.775200000000000000e+04,7.980000000000000000e+03,2.515500000000000000e+04,1.161300000000000000e+04,1.302300000000000000e+04,1.466000000000000000e+04,1.752500000000000000e+04,2.622930000000000000e+05
0.000000000000000000e+00,5.000000000000000000e-01,1.000000000000000000e+00,0.000000000000000000e+00,0.000000000000000000e+00,1.000000000000000000e+00,2.500000000000000000e+00,2.500000000000000000e-01,2.000000000000000111e-01,6.910000000000000000e+03,1.623000000000000000e+03,3.379000000000000000e+03,4.580000000000000000e+02,4.574000000000000000e+03,1.465000000000000000e+03,2.415000000000000000e+03,4.067000000000000000e+03,4.970000000000000000e+03,4.906700000000000000e+04,5.000000000000000000e-01,6.250000000000000000e-01,5.000000000000000000e-01,1.000000000000000000e+00,0.000000000000000000e+00,1.000000000000000000e+00,3.750000000000000000e-01,1.000000000000000056e-01,5.000000000000000000e-01,0.000000000000000000e+00,0.000000000000000000e+00,1.000000000000000000e+00,0.000000000000000000e+00,0.000000000000000000e+00,3.750000000000000000e-01,1.000000000000000056e-01,5.492000000000000000e+04,1.539300000000000000e+04,2.030200000000000000e+04,6.772000000000000000e+03,2.675800000000000000e+04,1.436300000000000000e+04,1.312000000000000000e+04,2.177500000000000000e+04,2.354100000000000000e+04,2.422300000000000000e+05
0.000000000000000000e+00,5.000000000000000000e-01,1.000000000000000000e+00,0.000000000000000000e+00,0.000000000000000000e+00,1.000000000000000000e+00,2.500000000000000000e+00,3.750000000000000000e-01,1.000000000000000056e-01,3.370300000000000000e+04,8.248000000000000000e+03,1.255300000000000000e+04,2.032000000000000000e+03,1.422000000000000000e+04,6.390000000000000000e+03,6.743000000000000000e+03,1.215500000000000000e+04,1.379600000000000000e+04,2.240370000000000000e+05,5.000000000000000000e-01,3.750000000000000000e-01,5.000000000000000000e-01,0.000000000000000000e+00,0.000000000000000000e+00,1.000000000000000000e+00,3.750000000000000000e-01,1.000000000000000056e-01,5.000000000000000000e-01,0.000000000000000000e+00,0.000000000000000000e+00,1.000000000000000000e+00,5.000000000000000000e-01,0.000000000000000000e+00,3.750000000000000000e-01,1.000000000000000056e-01,4.318900000000000000e+04,1.350800000000000000e+04,1.856100000000000000e+04,5.095000000000000000e+03,2.237600000000000000e+04,8.785000000000000000e+03,1.087200000000000000e+04,1.662300000000000000e+04,1.828600000000000000e+04,2.497610000000000000e+05
5.000000000000000000e-01,0.000000000000000000e+00,5.000000000000000000e-01,0.000000000000000000e+00,0.000000000000000000e+00,5.000000000000000000e-01,2.500000000000000000e+00,3.750000000000000000e-01,1.000000000000000056e-01,4.917100000000000000e+04,1.374900000000000000e+04,1.515500000000000000e+04,6.102000000000000000e+03,1.869400000000000000e+04,1.445300000000000000e+04,1.079500000000000000e+04,1.496500000000000000e+04,1.694400000000000000e+04,1.606420000000000000e+05,5.000000000000000000e-01,6.250000000000000000e-01,5.000000000000000000e-01,0.000000000000000000e+00,0.000000000000000000e+00,1.000000000000000000e+00,3.750000000000000000e-01,1.000000000000000056e-01,5.000000000000000000e-01,0.000000000000000000e+00,0.000000000000000000e+00,1.000000000000000000e+00,5.000000000000000000e-01,0.000000000000000000e+00,6.250000000000000000e-01,1.000000000000000056e-01,7.028400000000000000e+04,1.698000000000000000e+04,2.051100000000000000e+04,9.406000000000000000e+03,3.402000000000000000e+04,2.130200000000000000e+04,1.801700000000000000e+04,2.083700000000000000e+04,2.522500000000000000e+04,2.491000000000000000e+05
0.000000000000000000e+00,1.000000000000000000e+00,0.000000000000000000e+00,1.000000000000000000e+00,0.000000000000000000e+00,1.000000000000000000e+00,2.500000000000000000e+00,3.750000000000000000e-01,1.000000000000000056e-01,1.528900000000000000e+04,4.782000000000000000e+03,1.504400000000000000e+04,2.601000000000000000e+03,1.770100000000000000e+04,3.001000000000000000e+03,6.767000000000000000e+03,1.877500000000000000e+04,2.253900000000000000e+04,2.293900000000000000e+05,5.000000000000000000e-01,3.750000000000000000e-01,0.000000000000000000e+00,1.000000000000000000e+00,0.000000000000000000e+00,1.000000000000000000e+00,3.750000000000000000e-01,1.000000000000000056e-01,5.000000000000000000e-01,0.000000000000000000e+00,0.000000000000000000e+00,5.000000000000000000e-01,5.000000000000000000e-01,0.000000000000000000e+00,3.750000000000000000e-01,1.000000000000000056e-01,5.215400000000000000e+04,1.394500000000000000e+04,2.220700000000000000e+04,8.700000000000000000e+03,2.814100000000000000e+04,1.809300000000000000e+04,1.556300000000000000e+04,1.908500000000000000e+04,2.281400000000000000e+04,2.861080000000000000e+05
0.000000000000000000e+00,5.000000000000000000e-01,0.000000000000000000e+00,1.000000000000000000e+00,0.000000000000000000e+00,1.000000000000000000e+00,2.500000000000000000e+00,3.750000000000000000e-01,1.000000000000000056e-01,1.981900000000000000e+04,6.527000000000000000e+03,1.178400000000000000e+04,2.429000000000000000e+03,1.635000000000000000e+04,4.610000000000000000e+03,7.484000000000000000e+03,1.205100000000000000e+04,1.437400000000000000e+04,2.379340000000000000e+05,5.000000000000000000e-01,3.750000000000000000e-01,0.000000000000000000e+00,0.000000000000000000e+00,0.000000000000000000e+00,1.000000000000000000e+00,3.750000000000000000e-01,1.000000000000000056e-01,5.000000000000000000e-01,0.000000000000000000e+00,0.000000000000000000e+00,0.000000000000000000e+00,0.000000000000000000e+00,0.000000000000000000e+00,2.500000000000000000e-01,1.000000000000000056e-01,3.644200000000000000e+04,1.321200000000000000e+04,1.681000000000000000e+04,6.698000000000000000e+03,2.379600000000000000e+04,1.163400000000000000e+04,1.400700000000000000e+04,1.586000000000000000e+04,1.920200000000000000e+04,3.177090000000000000e+05
0.000000000000000000e+00,1.000000000000000000e+00,0.000000000000000000e+00,1.000000000000000000e+00,1.000000000000000000e+00,0.000000000000000000e+00,2.500000000000000000e+00,3.750000000000000000e-01,1.000000000000000056e-01,1.690900000000000000e+04,4.875000000000000000e+03,1.489100000000000000e+04,2.701000000000000000e+03,1.749000000000000000e+04,3.253000000000000000e+03,6.269000000000000000e+03,2.051300000000000000e+04,2.141900000000000000e+04,2.274460000000000000e+05,5.000000000000000000e-01,0.000000000000000000e+00,0.000000000000000000e+00,1.000000000000000000e+00,0.000000000000000000e+00,1.000000000000000000e+00,3.750000000000000000e-01,2.000000000000000111e-01,0.000000000000000000e+00,0.000000000000000000e+00,0.000000000000000000e+00,5.000000000000000000e-01,0.000000000000000000e+00,5.000000000000000000e-01,2.500000000000000000e-01,1.000000000000000056e-01,2.532900000000000000e+04,7.397000000000000000e+03,2.007200000000000000e+04,3.605000000000000000e+03,2.152200000000000000e+04,9.635000000000000000e+03,1.279300000000000000e+04,1.729800000000000000e+04,1.901000000000000000e+04,3.008800000000000000e+05
5.000000000000000000e-01,0.000000000000000000e+00,0.000000000000000000e+00,1.000000000000000000e+00,0.000000000000000000e+00,1.000000000000000000e+00,5.000000000000000000e-01,5.000000000000000000e-01,1.000000000000000056e-01,2.357000000000000000e+04,8.299000000000000000e+03,1.517700000000000000e+04,1.955000000000000000e+03,1.507500000000000000e+04,4.526000000000000000e+03,7.785000000000000000e+03,1.206100000000000000e+04,1.379300000000000000e+04,2.318780000000000000e+05,5.000000000000000000e-01,3.750000000000000000e-01,0.000000000000000000e+00,1.000000000000000000e+00,0.000000000000000000e+00,1.000000000000000000e+00,3.750000000000000000e-01,1.000000000000000056e-01,5.000000000000000000e-01,0.000000000000000000e+00,0.000000000000000000e+00,1.000000000000000000e+00,5.000000000000000000e-01,1.000000000000000000e+00,6.250000000000000000e-01,1.000000000000000056e-01,7.517400000000000000e+04,2.182400000000000000e+04,2.564400000000000000e+04,1.137700000000000000e+04,3.475200000000000000e+04,2.137000000000000000e+04,2.021300000000000000e+04,2.356200000000000000e+04,2.616400000000000000e+04,2.213270000000000000e+05
0.000000000000000000e+00,5.000000000000000000e-01,1.000000000000000000e+00,5.000000000000000000e-01,0.000000000000000000e+00,1.000000000000000000e+00,2.500000000000000000e+00,5.000000000000000000e-01,1.000000000000000056e-01,2.728400000000000000e+04,7.849000000000000000e+03,1.243400000000000000e+04,2.646000000000000000e+03,1.680700000000000000e+04,8.108000000000000000e+03,7.764000000000000000e+03,1.300200000000000000e+04,1.403400000000000000e+04,2.231930000000000000e+05,5.000000000000000000e-01,6.250000000000000000e-01,5.000000000000000000e-01,0.000000000000000000e+00,0.000000000000000000e+00,1.000000000000000000e+00,3.750000000000000000e-01,1.000000000000000056e-01,5.000000000000000000e-01,0.000000000000000000e+00,0.000000000000000000e+00,1.000000000000000000e+00,0.000000000000000000e+00,1.000000000000000000e+00,3.750000000000000000e-01,1.000000000000000056e-01,3.873200000000000000e+04,1.363500000000000000e+04,1.744600000000000000e+04,6.389000000000000000e+03,2.433500000000000000e+04,9.445000000000000000e+03,1.202700000000000000e+04,1.641700000000000000e+04,1.989400000000000000e+04,2.422300000000000000e+05
0.000000000000000000e+00,5.000000000000000000e-01,0.000000000000000000e+00,5.000000000000000000e-01,0.000000000000000000e+00,1.000000000000000000e+00,0.000000000000000000e+00,3.750000000000000000e-01,1.000000000000000056e-01,3.094200000000000000e+04,8.774000000000000000e+03,1.626400000000000000e+04,2.422000000000000000e+03,1.290600000000000000e+04,7.029000000000000000e+03,8.356000000000000000e+03,1.233200000000000000e+04,1.494600000000000000e+04,2.189860000000000000e+05,5.000000000000000000e-01,6.250000000000000000e-01,0.000000000000000000e+00,1.000000000000000000e+00,0.000000000000000000e+00,1.000000000000000000e+00,3.750000000000000000e-01,1.000000000000000056e-01,5.000000000000000000e-01,0.000000000000000000e+00,0.000000000000000000e+00,1.000000000000000000e+00,0.000000000000000000e+00,5.000000000000000000e-01,3.750000000000000000e-01,1.000000000000000056e-01,2.244460000000000000e+05,8.443900000000000000e+04,9.331000000000000000e+04,3.904800000000000000e+04,1.104530000000000000e+05,6.746200000000000000e+04,5.587600000000000000e+04,8.764100000000000000e+04,7.869600000000000000e+04,1.195097000000000000e+06
0.000000000000000000e+00,5.000000000000000000e-01,0.000000000000000000e+00,0.000000000000000000e+00,0.000000000000000000e+00,1.000000000000000000e+00,0.000000000000000000e+00,5.000000000000000000e-01,1.000000000000000056e-01,8.671000000000000000e+03,1.711000000000000000e+03,3.801000000000000000e+03,4.810000000000000000e+02,9.272000000000000000e+03,2.021000000000000000e+03,4.217000000000000000e+03,6.830000000000000000e+03,9.624000000000000000e+03,1.040440000000000000e+05,5.000000000000000000e-01,0.000000000000000000e+00,0.000000000000000000e+00,1.000000000000000000e+00,0.000000000000000000e+00,1.000000000000000000e+00,6.250000000000000000e-01,1.000000000000000056e-01,0.000000000000000000e+00,5.000000000000000000e-01,0.000000000000000000e+00,1.000000000000000000e+00,0.000000000000000000e+00,5.000000000000000000e-01,5.000000000000000000e-01,1.000000000000000056e-01,1.962200000000000000e+04,1.308600000000000000e+04,2.796200000000000000e+04,5.110000000000000000e+03,4.494200000000000000e+04,4.005000000000000000e+03,7.849000000000000000e+03,1.993600000000000000e+04,2.083000000000000000e+04,1.941140000000000000e+05
0.000000000000000000e+00,1.000000000000000000e+00,0.000000000000000000e+00,1.000000000000000000e+00,0.000000000000000000e+00,1.000000000000000000e+00,2.500000000000000000e+00,3.750000000000000000e-01,1.000000000000000056e-01,1.528900000000000000e+04,4.782000000000000000e+03,1.504400000000000000e+04,2.601000000000000000e+03,1.770100000000000000e+04,3.001000000000000000e+03,6.767000000000000000e+03,1.877500000000000000e+04,2.253900000000000000e+04,2.293900000000000000e+05,5.000000000000000000e-01,0.000000000000000000e+00,0.000000000000000000e+00,5.000000000000000000e-01,0.000000000000000000e+00,1.000000000000000000e+00,3.750000000000000000e-01,1.000000000000000056e-01,5.000000000000000000e-01,0.000000000000000000e+00,0.000000000000000000e+00,0.000000000000000000e+00,0.000000000000000000e+00,0.000000000000000000e+00,2.500000000000000000e-01,1.000000000000000056e-01,3.644200000000000000e+04,1.321200000000000000e+04,1.681000000000000000e+04,6.698000000000000000e+03,2.379600000000000000e+04,1.163400000000000000e+04,1.400700000000000000e+04,1.586000000000000000e+04,1.920200000000000000e+04,3.177090000000000000e+05
5.000000000000000000e-01,0.000000000000000000e+00,0.000000000000000000e+00,1.000000000000000000e+00,0.000000000000000000e+00,1.000000000000000000e+00,5.000000000000000000e-01,5.000000000000000000e-01,1.000000000000000056e-01,2.357000000000000000e+04,8.299000000000000000e+03,1.517700000000000000e+04,1.955000000000000000e+03,1.507500000000000000e+04,4.526000000000000000e+03,7.785000000000000000e+03,1.206100000000000000e+04,1.379300000000000000e+04,2.318780000000000000e+05,5.000000000000000000e-01,6.250000000000000000e-01,5.000000000000000000e-01,1.000000000000000000e+00,1.000000000000000000e+00,0.000000000000000000e+00,3.750000000000000000e-01,1.000000000000000056e-01,5.000000000000000000e-01,0.000000000000000000e+00,0.000000000000000000e+00,5.000000000000000000e-01,5.000000000000000000e-01,0.000000000000000000e+00,3.750000000000000000e-01,1.000000000000000056e-01,3.821800000000000000e+04,1.225600000000000000e+04,1.775200000000000000e+04,7.980000000000000000e+03,2.515500000000000000e+04,1.161300000000000000e+04,1.302300000000000000e+04,1.466000000000000000e+04,1.752500000000000000e+04,2.213270000000000000e+05
0.000000000000000000e+00,5.000000000000000000e-01,0.000000000000000000e+00,5.000000000000000000e-01,0.000000000000000000e+00,1.000000000000000000e+00,2.500000000000000000e+00,3.750000000000000000e-01,1.000000000000000056e-01,2.112400000000000000e+04,5.052000000000000000e+03,9.139000000000000000e+03,1.510000000000000000e+03,1.355900000000000000e+04,5.984000000000000000e+03,7.068000000000000000e+03,1.255900000000000000e+04,1.387500000000000000e+04,2.438860000000000000e+05,5.000000000000000000e-01,6.250000000000000000e-01,0.000000000000000000e+00,1.000000000000000000e+00,0.000000000000000000e+00,1.000000000000000000e+00,3.750000000000000000e-01,1.000000000000000056e-01,5.000000000000000000e-01,0.000000000000000000e+00,0.000000000000000000e+00,0.000000000000000000e+00,5.000000000000000000e-01,0.000000000000000000e+00,2.500000000000000000e-01,1.000000000000000056e-01,4.976500000000000000e+04,1.790700000000000000e+04,2.489500000000000000e+04,5.774000000000000000e+03,2.756600000000000000e+04,1.143400000000000000e+04,1.402700000000000000e+04,2.161600000000000000e+04,2.156900000000000000e+04,2.454600000000000000e+05
5.000000000000000000e-01,0.000000000000000000e+00,0.000000000000000000e+00,1.000000000000000000e+00,0.000000000000000000e+00,1.000000000000000000e+00,2.500000000000000000e+00,2.500000000000000000e-01,1.000000000000000056e-01,2.496900000000000000e+04,6.964000000000000000e+03,1.365500000000000000e+04,2.063000000000000000e+03,1.637800000000000000e+04,4.270000000000000000e+03,8.200000000000000000e+03,1.172100000000000000e+04,1.383400000000000000e+04,2.322270000000000000e+05,5.000000000000000000e-01,3.750000000000000000e-01,0.000000000000000000e+00,1.000000000000000000e+00,1.000000000000000000e+00,0.000000000000000000e+00,3.750000000000000000e-01,1.000000000000000056e-01,5.000000000000000000e-01,0.000000000000000000e+00,0.000000000000000000e+00,6.250000000000000000e-01,5.000000000000000000e-01,0.000000000000000000e+00,3.750000000000000000e-01,1.000000000000000056e-01,2.906100000000000000e+04,6.660000000000000000e+03,1.262200000000000000e+04,3.465000000000000000e+03,1.773600000000000000e+04,1.024500000000000000e+04,9.205000000000000000e+03,1.061900000000000000e+04,1.381700000000000000e+04,3.487500000000000000e+05
0.000000000000000000e+00,5.000000000000000000e-01,0.000000000000000000e+00,5.000000000000000000e-01,0.000000000000000000e+00,1.000000000000000000e+00,2.500000000000000000e+00,3.750000000000000000e-01,1.000000000000000056e-01,2.112400000000000000e+04,5.052000000000000000e+03,9.139000000000000000e+03,1.510000000000000000e+03,1.355900000000000000e+04,5.984000000000000000e+03,7.068000000000000000e+03,1.255900000000000000e+04,1.387500000000000000e+04,2.438860000000000000e+05,5.000000000000000000e-01,6.250000000000000000e-01,1.000000000000000000e+00,0.000000000000000000e+00,1.000000000000000000e+00,0.000000000000000000e+00,3.750000000000000000e-01,1.000000000000000056e-01,5.000000000000000000e-01,0.000000000000000000e+00,1.000000000000000000e+00,0.000000000000000000e+00,5.000000000000000000e-01,0.000000000000000000e+00,2.500000000000000000e-01,1.000000000000000056e-01,3.449500000000000000e+04,1.356700000000000000e+04,2.069600000000000000e+04,4.908000000000000000e+03,2.040600000000000000e+04,8.293000000000000000e+03,1.125100000000000000e+04,1.730100000000000000e+04,1.978000000000000000e+04,2.454600000000000000e+05
0.000000000000000000e+00,0.000000000000000000e+00,0.000000000000000000e+00,1.000000000000000000e+00,0.000000000000000000e+00,1.000000000000000000e+00,5.000000000000000000e-01,3.750000000000000000e-01,1.000000000000000056e-01,2.315700000000000000e+04,8.299000000000000000e+03,1.307300000000000000e+04,1.955000000000000000e+03,1.367900000000000000e+04,4.526000000000000000e+03,7.296000000000000000e+03,1.164300000000000000e+04,1.379300000000000000e+04,2.259710000000000000e+05,5.000000000000000000e-01,3.750000000000000000e-01,0.000000000000000000e+00,0.000000000000000000e+00,0.000000000000000000e+00,1.000000000000000000e+00,3.750000000000000000e-01,1.000000000000000056e-01,5.000000000000000000e-01,0.000000000000000000e+00,0.000000000000000000e+00,5.000000000000000000e-01,0.000000000000000000e+00,0.000000000000000000e+00,3.750000000000000000e-01,1.000000000000000056e-01,3.094200000000000000e+04,6.306000000000000000e+03,1.001900000000000000e+04,3.082000000000000000e+03,1.541300000000000000e+04,9.006000000000000000e+03,9.848000000000000000e+03,8.565000000000000000e+03,1.144200000000000000e+04,3.341080000000000000e+05
5.000000000000000000e-01,0.000000000000000000e+00,5.000000000000000000e-01,0.000000000000000000e+00,0.000000000000000000e+00,1.000000000000000000e+00,2.500000000000000000e+00,3.750000000000000000e-01,1.000000000000000056e-01,7.872000000000000000e+03,3.021000000000000000e+03,5.573000000000000000e+03,1.906000000000000000e+03,6.895000000000000000e+03,2.828000000000000000e+03,2.317000000000000000e+03,6.067000000000000000e+03,6.004000000000000000e+03,3.056800000000000000e+04,5.000000000000000000e-01,3.750000000000000000e-01,0.000000000000000000e+00,0.000000000000000000e+00,0.000000000000000000e+00,1.000000000000000000e+00,3.750000000000000000e-01,1.000000000000000056e-01,5.000000000000000000e-01,0.000000000000000000e+00,0.000000000000000000e+00,1.000000000000000000e+00,5.000000000000000000e-01,0.000000000000000000e+00,3.750000000000000000e-01,1.000000000000000056e-01,4.129000000000000000e+04,1.321200000000000000e+04,1.681000000000000000e+04,6.890000000000000000e+03,2.379600000000000000e+04,1.163400000000000000e+04,1.417800000000000000e+04,1.586000000000000000e+04,1.920200000000000000e+04,3.258440000000000000e+05
0.000000000000000000e+00,5.000000000000000000e-01,0.000000000000000000e+00,5.000000000000000000e-01,1.000000000000000000e+00,0.000000000000000000e+00,2.500000000000000000e+00,3.750000000000000000e-01,1.000000000000000056e-01,2.874300000000000000e+04,8.662000000000000000e+03,1.315900000000000000e+04,2.429000000000000000e+03,1.473900000000000000e+04,7.361000000000000000e+03,6.803000000000000000e+03,1.231600000000000000e+04,1.447900000000000000e+04,2.255290000000000000e+05,5.000000000000000000e-01,3.750000000000000000e-01,0.000000000000000000e+00,1.000000000000000000e+00,0.000000000000000000e+00,1.000000000000000000e+00,3.750000000000000000e-01,1.000000000000000056e-01,5.000000000000000000e-01,6.250000000000000000e-01,1.000000000000000000e+00,0.000000000000000000e+00,1.000000000000000000e+00,0.000000000000000000e+00,3.750000000000000000e-01,1.000000000000000056e-01,3.044400000000000000e+04,7.823000000000000000e+03,1.199500000000000000e+04,3.836000000000000000e+03,1.686000000000000000e+04,8.377000000000000000e+03,1.098700000000000000e+04,1.251100000000000000e+04,1.414700000000000000e+04,2.326640000000000000e+05
0.000000000000000000e+00,5.000000000000000000e-01,0.000000000000000000e+00,1.000000000000000000e+00,1.000000000000000000e+00,0.000000000000000000e+00,2.500000000000000000e+00,3.750000000000000000e-01,1.000000000000000056e-01,1.694200000000000000e+04,4.969000000000000000e+03,1.442400000000000000e+04,2.508000000000000000e+03,1.761000000000000000e+04,2.857000000000000000e+03,6.212000000000000000e+03,2.012200000000000000e+04,2.157700000000000000e+04,2.285050000000000000e+05,5.000000000000000000e-01,3.750000000000000000e-01,5.000000000000000000e-01,0.000000000000000000e+00,0.000000000000000000e+00,1.000000000000000000e+00,3.750000000000000000e-01,1.000000000000000056e-01,1.000000000000000000e+00,8.750000000000000000e-01,5.000000000000000000e-01,6.250000000000000000e-01,0.000000000000000000e+00,7.500000000000000000e-01,5.000000000000000000e-01,1.000000000000000056e-01,3.149000000000000000e+04,5.822000000000000000e+03,8.675000000000000000e+03,2.484000000000000000e+03,1.286800000000000000e+04,7.402000000000000000e+03,1.097500000000000000e+04,8.652000000000000000e+03,1.170700000000000000e+04,3.972730000000000000e+05
1.000000000000000000e+00,0.000000000000000000e+00,0.000000000000000000e+00,5.000000000000000000e-01,1.250000000000000000e-01,0.000000000000000000e+00,2.500000000000000000e+00,5.000000000000000000e-01,1.000000000000000056e-01,1.888700000000000000e+04,8.806000000000000000e+03,1.136900000000000000e+04,1.019800000000000000e+04,1.570600000000000000e+04,6.876000000000000000e+03,1.752900000000000000e+04,1.362800000000000000e+04,1.370100000000000000e+04,2.184230000000000000e+05,5.000000000000000000e-01,0.000000000000000000e+00,0.000000000000000000e+00,1.000000000000000000e+00,5.000000000000000000e-01,0.000000000000000000e+00,2.500000000000000000e-01,1.000000000000000056e-01,5.000000000000000000e-01,0.000000000000000000e+00,0.000000000000000000e+00,1.000000000000000000e+00,5.000000000000000000e-01,0.000000000000000000e+00,6.250000000000000000e-01,1.000000000000000056e-01,5.835500000000000000e+04,1.731900000000000000e+04,2.571800000000000000e+04,1.107500000000000000e+04,3.300900000000000000e+04,2.023000000000000000e+04,2.018800000000000000e+04,2.421200000000000000e+04,2.617300000000000000e+04,2.452770000000000000e+05
0.000000000000000000e+00,1.000000000000000000e+00,0.000000000000000000e+00,1.000000000000000000e+00,0.000000000000000000e+00,1.000000000000000000e+00,2.500000000000000000e+00,0.000000000000000000e+00,1.000000000000000056e-01,1.120500000000000000e+04,3.941000000000000000e+03,7.012000000000000000e+03,2.831000000000000000e+03,9.134000000000000000e+03,2.373000000000000000e+03,4.554000000000000000e+03,1.132500000000000000e+04,1.095700000000000000e+04,1.032450000000000000e+05,5.000000000000000000e-01,0.000000000000000000e+00,0.000000000000000000e+00,1.000000000000000000e+00,0.000000000000000000e+00,1.000000000000000000e+00,2.500000000000000000e-01,1.000000000000000056e-01,5.000000000000000000e-01,0.000000000000000000e+00,5.000000000000000000e-01,6.250000000000000000e-01,0.000000000000000000e+00,5.000000000000000000e-01,6.250000000000000000e-01,1.000000000000000056e-01,2.070400000000000000e+04,3.173000000000000000e+03,3.737000000000000000e+03,4.840000000000000000e+02,8.703000000000000000e+03,2.269000000000000000e+03,6.126000000000000000e+03,4.140000000000000000e+03,5.767000000000000000e+03,1.943540000000000000e+05
0.000000000000000000e+00,1.000000000000000000e+00,0.000000000000000000e+00,1.000000000000000000e+00,0.000000000000000000e+00,1.000000000000000000e+00,2.500000000000000000e+00,3.750000000000000000e-01,1.000000000000000056e-01,1.528900000000000000e+04,4.782000000000000000e+03,1.504400000000000000e+04,2.601000000000000000e+03,1.770100000000000000e+04,3.001000000000000000e+03,6.767000000000000000e+03,1.877500000000000000e+04,2.253900000000000000e+04,2.293900000000000000e+05,5.000000000000000000e-01,3.750000000000000000e-01,0.000000000000000000e+00,1.000000000000000000e+00,0.000000000000000000e+00,1.000000000000000000e+00,3.750000000000000000e-01,1.000000000000000056e-01,5.000000000000000000e-01,1.000000000000000000e+00,0.000000000000000000e+00,1.000000000000000000e+00,5.000000000000000000e-01,0.000000000000000000e+00,3.750000000000000000e-01,1.000000000000000056e-01,6.601200000000000000e+04,1.633500000000000000e+04,1.969600000000000000e+04,8.768000000000000000e+03,3.265600000000000000e+04,1.906000000000000000e+04,1.550200000000000000e+04,2.105000000000000000e+04,2.524700000000000000e+04,2.637880000000000000e+05
5.000000000000000000e-01,0.000000000000000000e+00,0.000000000000000000e+00,1.000000000000000000e+00,0.000000000000000000e+00,1.000000000000000000e+00,2.500000000000000000e+00,5.000000000000000000e-01,1.000000000000000056e-01,2.700000000000000000e+04,8.049000000000000000e+03,1.683900000000000000e+04,3.132000000000000000e+03,1.576500000000000000e+04,7.089000000000000000e+03,8.748000000000000000e+03,1.481500000000000000e+04,1.529500000000000000e+04,2.170460000000000000e+05,5.000000000000000000e-01,3.750000000000000000e-01,0.000000000000000000e+00,1.000000000000000000e+00,0.000000000000000000e+00,1.000000000000000000e+00,3.750000000000000000e-01,1.000000000000000056e-01,5.000000000000000000e-01,0.000000000000000000e+00,0.000000000000000000e+00,1.000000000000000000e+00,5.000000000000000000e-01,0.000000000000000000e+00,3.750000000000000000e-01,1.000000000000000056e-01,4.129000000000000000e+04,1.321200000000000000e+04,1.681000000000000000e+04,6.890000000000000000e+03,2.379600000000000000e+04,1.163400000000000000e+04,1.417800000000000000e+04,1.586000000000000000e+04,1.920200000000000000e+04,3.258440000000000000e+05
5.000000000000000000e-01,0.000000000000000000e+00,0.000000000000000000e+00,1.000000000000000000e+00,0.000000000000000000e+00,1.000000000000000000e+00,5.000000000000000000e-01,5.000000000000000000e-01,1.000000000000000056e-01,2.357000000000000000e+04,8.299000000000000000e+03,1.517700000000000000e+04,1.955000000000000000e+03,1.507500000000000000e+04,4.526000000000000000e+03,7.785000000000000000e+03,1.206100000000000000e+04,1.379300000000000000e+04,2.318780000000000000e+05,5.000000000000000000e-01,3.750000000000000000e-01,0.000000000000000000e+00,1.000000000000000000e+00,1.000000000000000000e+00,0.000000000000000000e+00,3.750000000000000000e-01,1.000000000000000056e-01,5.000000000000000000e-01,0.000000000000000000e+00,0.000000000000000000e+00,1.000000000000000000e+00,5.000000000000000000e-01,0.000000000000000000e+00,6.250000000000000000e-01,1.000000000000000056e-01,7.028400000000000000e+04,1.698000000000000000e+04,2.051100000000000000e+04,9.406000000000000000e+03,3.402000000000000000e+04,2.130200000000000000e+04,1.801700000000000000e+04,2.083700000000000000e+04,2.522500000000000000e+04,2.491000000000000000e+05
5.000000000000000000e-01,0.000000000000000000e+00,0.000000000000000000e+00,1.000000000000000000e+00,0.000000000000000000e+00,1.000000000000000000e+00,2.500000000000000000e+00,2.500000000000000000e-01,1.000000000000000056e-01,2.496900000000000000e+04,6.964000000000000000e+03,1.365500000000000000e+04,2.063000000000000000e+03,1.637800000000000000e+04,4.270000000000000000e+03,8.200000000000000000e+03,1.172100000000000000e+04,1.383400000000000000e+04,2.322270000000000000e+05,5.000000000000000000e-01,3.750000000000000000e-01,0.000000000000000000e+00,1.000000000000000000e+00,1.000000000000000000e+00,0.000000000000000000e+00,3.750000000000000000e-01,1.000000000000000056e-01,5.000000000000000000e-01,0.000000000000000000e+00,0.000000000000000000e+00,6.250000000000000000e-01,5.000000000000000000e-01,0.000000000000000000e+00,3.750000000000000000e-01,1.000000000000000056e-01,2.906100000000000000e+04,6.660000000000000000e+03,1.262200000000000000e+04,3.465000000000000000e+03,1.773600000000000000e+04,1.024500000000000000e+04,9.205000000000000000e+03,1.061900000000000000e+04,1.381700000000000000e+04,3.487500000000000000e+05
5.000000000000000000e-01,0.000000000000000000e+00,0.000000000000000000e+00,1.000000000000000000e+00,0.000000000000000000e+00,1.000000000000000000e+00,2.500000000000000000e+00,5.000000000000000000e-01,1.000000000000000056e-01,2.700000000000000000e+04,8.049000000000000000e+03,1.683900000000000000e+04,3.132000000000000000e+03,1.576500000000000000e+04,7.089000000000000000e+03,8.748000000000000000e+03,1.481500000000000000e+04,1.529500000000000000e+04,2.170460000000000000e+05,5.000000000000000000e-01,3.750000000000000000e-01,0.000000000000000000e+00,1.000000000000000000e+00,0.000000000000000000e+00,1.000000000000000000e+00,3.750000000000000000e-01,1.000000000000000056e-01,5.000000000000000000e-01,0.000000000000000000e+00,0.000000000000000000e+00,1.000000000000000000e+00,5.000000000000000000e-01,0.000000000000000000e+00,3.750000000000000000e-01,1.000000000000000056e-01,4.129000000000000000e+04,1.321200000000000000e+04,1.681000000000000000e+04,6.890000000000000000e+03,2.379600000000000000e+04,1.163400000000000000e+04,1.417800000000000000e+04,1.586000000000000000e+04,1.920200000000000000e+04,3.258440000000000000e+05
5.000000000000000000e-01,0.000000000000000000e+00,0.000000000000000000e+00,1.000000000000000000e+00,0.000000000000000000e+00,1.000000000000000000e+00,5.000000000000000000e-01,5.000000000000000000e-01,1.000000000000000056e-01,2.357000000000000000e+04,8.299000000000000000e+03,1.517700000000000000e+04,1.955000000000000000e+03,1.507500000000000000e+04,4.526000000000000000e+03,7.785000000000000000e+03,1.206100000000000000e+04,1.379300000000000000e+04,2.318780000000000000e+05,5.000000000000000000e-01,6.250000000000000000e-01,5.000000000000000000e-01,1.000000000000000000e+00,1.000000000000000000e+00,0.000000000000000000e+00,3.750000000000000000e-01,1.000000000000000056e-01,5.000000000000000000e-01,6.250000000000000000e-01,0.000000000000000000e+00,1.000000000000000000e+00,5.000000000000000000e-01,6.250000000000000000e-01,3.750000000000000000e-01,1.000000000000000056e-01,5.475900000000000000e+04,1.460500000000000000e+04,1.926200000000000000e+04,8.625000000000000000e+03,2.798700000000000000e+04,1.581800000000000000e+04,1.613900000000000000e+04,1.855400000000000000e+04,2.125600000000000000e+04,2.844160000000000000e+05
0.000000000000000000e+00,5.000000000000000000e-01,0.000000000000000000e+00,5.000000000000000000e-01,0.000000000000000000e+00,0.000000000000000000e+00,2.500000000000000000e+00,3.750000000000000000e-01,1.000000000000000056e-01,1.690900000000000000e+04,4.875000000000000000e+03,1.265400000000000000e+04,2.641000000000000000e+03,1.368100000000000000e+04,3.253000000000000000e+03,6.269000000000000000e+03,1.247300000000000000e+04,1.416200000000000000e+04,2.274460000000000000e+05,5.000000000000000000e-01,6.250000000000000000e-01,0.000000000000000000e+00,1.000000000000000000e+00,0.000000000000000000e+00,1.000000000000000000e+00,5.000000000000000000e-01,1.000000000000000056e-01,5.000000000000000000e-01,0.000000000000000000e+00,0.000000000000000000e+00,1.000000000000000000e+00,5.000000000000000000e-01,0.000000000000000000e+00,5.000000000000000000e-01,1.000000000000000056e-01,6.038100000000000000e+04,1.157500000000000000e+04,1.824600000000000000e+04,7.070000000000000000e+03,2.584500000000000000e+04,1.848300000000000000e+04,1.391400000000000000e+04,2.031300000000000000e+04,2.259600000000000000e+04,2.905040000000000000e+05
0.000000000000000000e+00,5.000000000000000000e-01,1.000000000000000000e+00,0.000000000000000000e+00,0.000000000000000000e+00,1.000000000000000000e+00,2.500000000000000000e+00,3.750000000000000000e-01,1.000000000000000056e-01,3.370300000000000000e+04,8.248000000000000000e+03,1.255300000000000000e+04,2.032000000000000000e+03,1.422000000000000000e+04,6.390000000000000000e+03,6.743000000000000000e+03,1.215500000000000000e+04,1.379600000000000000e+04,2.240370000000000000e+05,5.000000000000000000e-01,3.750000000000000000e-01,5.000000000000000000e-01,0.000000000000000000e+00,0.000000000000000000e+00,1.000000000000000000e+00,3.750000000000000000e-01,1.000000000000000056e-01,5.000000000000000000e-01,0.000000000000000000e+00,0.000000000000000000e+00,1.000000000000000000e+00,5.000000000000000000e-01,0.000000000000000000e+00,3.750000000000000000e-01,1.000000000000000056e-01,6.125900000000000000e+04,1.858300000000000000e+04,2.264100000000000000e+04,6.362000000000000000e+03,2.861400000000000000e+04,1.173000000000000000e+04,1.472800000000000000e+04,1.867600000000000000e+04,2.153600000000000000e+04,2.418120000000000000e+05
0.000000000000000000e+00,1.000000000000000000e+00,0.000000000000000000e+00,5.000000000000000000e-01,1.000000000000000000e+00,0.000000000000000000e+00,0.000000000000000000e+00,3.750000000000000000e-01,1.000000000000000056e-01,1.435100000000000000e+04,5.816000000000000000e+03,8.834000000000000000e+03,8.700000000000000000e+02,9.895000000000000000e+03,3.174000000000000000e+03,4.431000000000000000e+03,7.795000000000000000e+03,8.011000000000000000e+03,1.030360000000000000e+05,5.000000000000000000e-01,0.000000000000000000e+00,0.000000000000000000e+00,1.000000000000000000e+00,0.000000000000000000e+00,1.000000000000000000e+00,2.500000000000000000e-01,1.000000000000000056e-01,1.000000000000000000e+00,8.750000000000000000e-01,5.000000000000000000e-01,3.750000000000000000e-01,1.000000000000000000e+00,8.750000000000000000e-01,3.750000000000000000e-01,1.000000000000000056e-01,1.216200000000000000e+04,1.719000000000000000e+03,3.051000000000000000e+03,3.030000000000000000e+02,5.949000000000000000e+03,1.662000000000000000e+03,4.676000000000000000e+03,3.193000000000000000e+03,5.326000000000000000e+03,2.119410000000000000e+05
0.000000000000000000e+00,1.000000000000000000e+00,0.000000000000000000e+00,1.000000000000000000e+00,0.000000000000000000e+00,1.000000000000000000e+00,3.000000000000000000e+00,6.250000000000000000e-01,1.000000000000000056e-01,8.441000000000000000e+03,2.131000000000000000e+03,7.364000000000000000e+03,3.910000000000000000e+02,1.090400000000000000e+04,2.074000000000000000e+03,4.509000000000000000e+03,9.335000000000000000e+03,9.984000000000000000e+03,1.117870000000000000e+05,5.000000000000000000e-01,6.250000000000000000e-01,0.000000000000000000e+00,1.000000000000000000e+00,0.000000000000000000e+00,3.750000000000000000e-01,5.000000000000000000e-01,1.000000000000000056e-01,5.000000000000000000e-01,0.000000000000000000e+00,0.000000000000000000e+00,1.000000000000000000e+00,5.000000000000000000e-01,0.000000000000000000e+00,3.750000000000000000e-01,1.000000000000000056e-01,1.929100000000000000e+04,5.334000000000000000e+03,1.233300000000000000e+04,1.227000000000000000e+03,1.538300000000000000e+04,6.072000000000000000e+03,7.845000000000000000e+03,2.150800000000000000e+04,1.634700000000000000e+04,8.972400000000000000e+04
0.000000000000000000e+00,0.000000000000000000e+00,0.000000000000000000e+00,0.000000000000000000e+00,0.000000000000000000e+00,0.000000000000000000e+00,2.500000000000000000e+00,1.250000000000000000e-01,1.000000000000000056e-01,8.797000000000000000e+03,1.807000000000000000e+03,4.286000000000000000e+03,8.030000000000000000e+02,8.953000000000000000e+03,2.047000000000000000e+03,3.936000000000000000e+03,7.477000000000000000e+03,9.908000000000000000e+03,1.030850000000000000e+05,5.000000000000000000e-01,0.000000000000000000e+00,1.000000000000000000e+00,0.000000000000000000e+00,0.000000000000000000e+00,1.000000000000000000e+00,2.500000000000000000e-01,1.000000000000000056e-01,5.000000000000000000e-01,0.000000000000000000e+00,0.000000000000000000e+00,1.000000000000000000e+00,0.000000000000000000e+00,1.000000000000000000e+00,1.250000000000000000e-01,1.000000000000000056e-01,1.453900000000000000e+04,4.029000000000000000e+03,6.245000000000000000e+03,2.031000000000000000e+03,2.691900000000000000e+04,3.680000000000000000e+03,7.998000000000000000e+03,1.887700000000000000e+04,3.169600000000000000e+04,1.339860000000000000e+05
